tree
version=v4
num_class=1
num_tree_per_iteration=1
label_index=0
max_feature_idx=9
objective=binary sigmoid:1
feature_names=zone_entropy scroll_direction_flips cursor_step_variability_normalized has_first_click time_to_first_click distinct_zones_visited interaction_rate mousemove_rate click_rate scroll_rate
feature_infos=[0.4310677094394873:3.1616371965898198] [0:36] [0:0.13635165981597269] [0:1] [1514.351901395878:7118.7185546335077] [3:6] [0:404.04950825745306] [0:364.85750111991001] [0:9.6212805389700886] [0:31.080100840105843]
tree_sizes=3007 3319 3322 3322 3327 3349 3326 3311 3333 3345 3330 3348 3341 3368 3365 3362 3343 3349 3358 3342 3336 3343 3354 3347 3342 3351 3360 3360 3358 3349 3350 3355 3352 3355 3350 3351 3358 3341 3349 3347 3359 3345 3352 3359 3354 3356 3356 3353 3369 3361 3354 3377 3364 3379 3371 3382 3368 3386 3396 3381 3398 3401 3397 3396 3404 3402 3402 3409 3409 3421 3403 3408 3387 3411 3411 3421 3402 3434 3400 3405 3405 3429 3408 3419 3434 3412 3411 3423 3420 3420 3428 3418 3438 3422 3430 3425 3411 3433 3423 3442

Tree=0
num_leaves=31
num_cat=0
split_feature=5 7 0 9 4 7 8 7 9 6 0 6 0 4 0 0 4 9 7 9 6 0 9 4 5 6 6 6 6 4
split_gain=2009.34 2.39673 2.71909 2.96077 1.91276 3.6 1.19429 3.70367 1.16722 0.908289 0.854713 3.70925 0.771553 0.737077 1.22457 1.54298 1.985 1.03066 1.49834 0.887097 0.9 0.722257 1.39636 0.653009 0.793162 0.568116 0.417958 0.52096 1.06248 0.563377
threshold=4.5000000000000009 14.970109093673353 1.4944931934928027 0.49239511330110536 3180.4459938406503 226.04590191975151 5.6307975650039728 287.86606869151916 25.490597781912079 9.0739048963443398 2.1336191155922863 257.26505521058999 2.6928570163138401 3540.4069827446306 1.3975873149702911 1.2703165292957694 3330.3779886992829 0.56130939028826365 8.7148781726000362 0.46263224146420517 11.665050407213149 1.6848552359871878 16.808744131032881 3029.2268303391702 3.5000000000000004 15.511820606920372 252.33040992078119 240.87867195007411 244.13396208197648 4796.6082580929451
decision_type=2 2 2 2 2 2 2 2 2 2 2 2 2 2 2 2 2 2 2 2 2 2 2 2 2 2 2 2 2 2
left_child=1 13 9 -4 5 -2 8 10 12 -3 21 -12 26 14 15 17 19 18 -1 -17 -21 22 -8 24 -16 -11 27 29 -29 -6
right_child=4 2 3 -5 6 -7 7 -9 -10 25 11 -13 -14 -15 23 16 -18 -19 -20 20 -22 -23 -24 -25 -26 -27 -28 28 -30 -31
leaf_value=-0.13846153846153841 0.20000000000000007 -0.1399999999999999 -0.16521739130434787 -0.059999999999999991 0.19772727272727275 0.079999999999999988 0.13600000000000001 0.095652173913043481 0.13999999999999999 -0.19999999999999996 0.19999999999999996 0.10967741935483871 0.15555555555555556 -0.19050632911392407 -0.1555555555555555 -0.19999999999999987 -0.10000000000000001 -0.20000000000000001 -0.19148936170212769 -0.12000000000000002 -0.17999999999999997 0.20000000000000001 0.19999999999999998 -0.20000000000000001 -0.20000000000000001 -0.16000000000000003 0.19480519480519481 0.13846153846153839 0.18500000000000003 0.18226600985221675
leaf_weight=9.7500000000000018 4.9999999999999982 5.0000000000000027 5.7499999999999982 5 44 5 6.2499999999999982 5.7499999999999991 4.9999999999999991 12.250000000000002 11.000000000000002 7.7499999999999991 6.7499999999999991 158 9.0000000000000018 5.5000000000000027 5.9999999999999991 17.75 11.749999999999998 4.9999999999999982 5 22.5 7.5 32 7.2499999999999991 4.9999999999999991 96.25 6.5000000000000027 20 50.75
leaf_count=39 20 20 23 20 176 20 25 23 20 49 44 31 27 632 36 22 24 71 47 20 20 90 30 128 29 20 385 26 80 203
internal_value=0 -0.183 -0.157576 -0.116279 0.183 0.14 0.184483 0.172016 0.187786 -0.177528 0.18 0.162667 0.188852 -0.186142 -0.179817 -0.17037 -0.148837 -0.182166 -0.167442 -0.167742 -0.15 0.188966 0.170909 -0.19171 -0.175385 -0.188406 0.189885 0.185979 0.173585 0.189446
internal_weight=600 300 33 10.75 300 10 290 60.75 229.25 22.25 55 18.75 224.25 267 109 60.75 21.5 39.25 21.5 15.5 10 36.25 13.75 48.25 16.25 17.25 217.5 121.25 26.5 94.75
internal_count=2400 1200 132 43 1200 40 1160 243 917 89 220 75 897 1068 436 243 86 157 86 62 40 145 55 193 65 69 870 485 106 379
is_linear=0
shrinkage=0.1


Tree=1
num_leaves=31
num_cat=0
split_feature=5 7 0 9 4 7 8 7 9 2 6 2 4 8 8 1 1 9 0 8 0 6 6 7 0 0 8 6 6 2
split_gain=1642.59 2.00817 2.26211 2.44043 1.59679 2.99404 1.00008 3.08782 0.98149 0.829482 0.76333 0.691358 1.15767 0.728612 1.28905 1.14287 2.70225 0.9972 0.650747 0.624264 0.871411 2.12804 0.480285 0.446368 0.533634 1.14968 1.34343 0.770627 0.818298 0.898876
threshold=4.5000000000000009 14.970109093673353 1.4944931934928027 0.49239511330110536 3180.4459938406503 226.04590191975151 5.6307975650039728 287.86606869151916 25.490597781912079 0.04770695083664226 9.0739048963443398 0.047118662094049607 3029.2268303391702 0.3330031357601686 0.12983453850516083 2.5000000000000004 1.5000000000000002 0.46263224146420517 2.6928570163138401 6.4389159292730511 2.1336191155922863 257.26505521058999 15.511820606920372 12.598220737344382 1.4678008182811391 1.2970768690845171 0.55236390572338767 9.4999111655064219 12.257722201116581 0.067133277672369526
decision_type=2 2 2 2 2 2 2 2 2 2 2 2 2 2 2 2 2 2 2 2 2 2 2 2 2 2 2 2 2 2
left_child=1 11 10 -4 5 -2 8 9 18 -8 -3 12 -1 14 -14 16 17 -16 -6 20 -11 -22 -12 24 25 -13 27 -27 -29 -30
right_child=4 2 3 -5 6 -7 7 -9 -10 19 22 23 13 -15 15 -17 -18 -19 -20 -21 21 -23 -24 -25 -26 26 -28 28 29 -31
leaf_value=-0.12642314072115901 0.18187308119005774 -0.12664134433245325 -0.14975042439932859 -0.05405040864148139 0.17250452303256775 0.072119535526343509 0.13353268041937014 0.086291322412231697 0.12664134433245336 0.17203621449020978 -0.18187308119005766 -0.17373316012739665 -0.18286214052547786 -0.1788312642000123 -0.12231293893830596 -0.17207120925290759 -0.068492759395419697 -0.18250171552197866 0.14088010070654008 0.18320089958479954 0.18187308119005774 0.089311283293227184 -0.14495783698647741 -0.18276270157331204 -0.17754882732281826 -0.18362262818424221 -0.10319410272463306 -0.11742486491155027 -0.17528271402163503 -0.12561600345167909
leaf_weight=8.6821726560592634 4.9503314495086652 4.9755796790123012 5.7109387516975385 4.9955028295516968 215.54494714736938 4.9920085072517395 7.9358507990837088 5.7368677407503119 4.9755796790122977 18.82590036094189 12.128312051296236 63.944346219301224 12.636934682726858 24.531231805682182 4.9553940147161537 9.1687494963407499 5.2073481082916251 6.1925018876791 6.7093307375907889 17.843570753931999 4.9503314495086652 4.9849936366081238 4.968135952949523 32.952136069536209 58.959998786449432 9.1735268831253034 4.9599219858646384 5.9557621181011227 12.147752314805986 5.2053576707839957
leaf_count=35 20 20 23 20 870 20 32 23 20 76 49 258 51 99 20 37 21 25 27 72 20 20 20 133 238 37 20 24 49 21
internal_value=8.05598e-08 -0.166165 -0.142817 -0.105098 0.166166 0.126766 0.167529 0.156078 0.170567 0.163418 -0.161113 -0.169057 -0.160646 -0.165385 -0.156742 -0.14381 -0.127966 -0.155747 0.17155 0.168507 0.159391 0.135431 -0.171146 -0.172162 -0.169984 -0.165585 -0.151669 -0.15907 -0.149408 -0.160384
internal_weight=594.901 297.452 32.7785 10.7064 297.45 9.94234 287.507 60.2775 227.23 54.5406 22.072 264.673 71.3743 62.6922 38.1609 25.524 16.3552 11.1479 222.254 46.6048 28.7612 9.93533 17.0964 193.299 160.347 101.387 37.4423 32.4824 23.3089 17.3531
internal_count=2400 1200 132 43 1200 40 1160 243 917 220 89 1068 288 253 154 103 66 45 897 188 116 40 69 780 647 409 151 131 94 70
is_linear=0
shrinkage=0.1


Tree=2
num_leaves=31
num_cat=0
split_feature=5 7 0 9 4 7 8 8 7 9 6 4 0 0 4 9 9 0 6 8 2 8 4 6 6 1 7 4 2 8
split_gain=1363.6 1.77573 1.96592 2.06999 1.39909 2.6001 0.933188 1.2801 1.23802 0.743053 0.680968 0.615589 1.03182 1.25201 1.70861 0.924338 1.4561 2.71585 0.758066 0.581415 0.534181 1.52669 1.70142 0.435082 0.348515 0.561534 0.748995 1.34284 0.857945 1.07648
threshold=4.5000000000000009 14.970109093673353 1.4944931934928027 0.49239511330110536 3180.4459938406503 226.04590191975151 2.8409139949842404 2.9856179726436083 308.85432924836476 25.490597781912079 9.0739048963443398 3540.4069827446306 1.3975873149702911 1.2703165292957694 3330.3779886992829 0.56130939028826365 0.11212121309128402 1.0926443109723576 11.665050407213149 0.06986176964876907 0.04770695083664226 6.039802691720066 5470.2055916335567 15.511820606920372 14.536451089144528 2.5000000000000004 6.4734072737308734 3990.92599343249 0.051298668926530559 0.33615861193556584
decision_type=2 2 2 2 2 2 2 2 2 2 2 2 2 2 2 2 2 2 2 2 2 2 2 2 2 2 2 2 2 2
left_child=1 11 10 -4 5 -2 -6 -8 9 20 -3 12 13 15 18 16 -1 -18 -15 -14 21 22 -9 -12 25 26 27 -13 29 -28
right_child=4 2 3 -5 6 -7 7 8 -10 -11 23 24 19 14 -16 -17 17 -19 -20 -21 -22 -23 -24 -25 -26 -27 28 -29 -30 -31
leaf_value=-0.17135436859654427 0.16825816740612276 -0.11552197969374678 -0.13732882162680193 -0.048765546535721904 0.16982676775636282 0.065193013339923042 0.1085724614500496 0.17000615857712054 0.11655519154126133 0.11725301952485255 -0.16825816740612265 -0.087490505035922608 -0.12827468623401481 -0.11401555738295817 -0.075981993387956442 -0.16921721656794023 -0.06465918943535201 -0.15731171623833401 -0.15919077665455761 -0.16488922116066151 0.15770569033599999 0.092364942807312556 0.11817021811739253 -0.13277822105327627 -0.16613572304000901 -0.16656220573240627 -0.12072456267883147 -0.15592873465737342 -0.16625363402571341 -0.16911864874369265
leaf_weight=8.0159220397472399 4.8220565915107709 4.9121704697608974 5.6097185313701612 4.9837759137153625 34.375804200768471 4.9711856245994568 6.5352701991796485 19.130567297339443 8.7730234414339048 5.1463237404823294 11.814038649201395 4.843798100948332 4.8382258415222159 6.6007482856512096 5.9023308902978888 17.159449473023415 5.5933034271001798 7.283140704035759 8.4952133297920209 41.854837030172348 192.78282341361046 4.8863689601421347 9.4649875164031965 4.8855292797088614 56.622202441096306 34.105161547660828 11.893867269158365 7.025086835026741 30.95981365442276 7.4915805310010901
leaf_count=33 20 20 23 20 142 20 27 79 36 21 49 20 20 27 24 71 23 30 35 173 796 20 39 20 234 141 49 29 128 31
internal_value=-5.57203e-07 -0.153097 -0.130953 -0.0956637 0.153096 0.115941 0.154391 0.15224 0.153428 0.154826 -0.148251 -0.155853 -0.149987 -0.141203 -0.121601 -0.15202 -0.137895 -0.117065 -0.139438 -0.161095 0.155681 0.144022 0.152849 -0.157878 -0.15991 -0.15625 -0.150596 -0.127998 -0.155924 -0.139427
internal_weight=581.778 290.89 32.2052 10.5935 290.888 9.79324 281.095 246.719 240.184 231.411 21.6117 258.685 105.743 59.0501 20.9983 38.0518 20.8924 12.8764 15.096 46.6931 226.265 33.4819 28.5956 16.6996 152.942 96.3193 62.2141 11.8689 50.3453 19.3854
internal_count=2400 1200 132 43 1200 40 1160 1018 991 955 89 1068 436 243 86 157 86 53 62 193 934 138 118 69 632 398 257 49 208 80
is_linear=0
shrinkage=0.1


Tree=3
num_leaves=31
num_cat=0
split_feature=5 7 0 9 4 7 8 7 9 7 6 0 0 6 2 4 0 2 6 9 8 7 0 0 9 8 8 5 1 1
split_gain=1144.96 1.63394 1.76234 1.79178 1.26755 2.32843 0.907674 2.76646 0.832241 0.755784 1.14385 3.1002 0.637058 0.633211 0.600655 1.06656 0.741711 1.43424 1.15813 0.569378 0.427637 0.419405 0.454049 0.921707 1.25792 1.30369 1.1279 0.566608 0.799114 1.9286
threshold=4.5000000000000009 14.970109093673353 1.4944931934928027 0.49239511330110536 3180.4459938406503 226.04590191975151 5.6307975650039728 287.86606869151916 25.490597781912079 241.65569229315864 257.26505521058999 2.1291348192428798 2.6928570163138401 9.0739048963443398 0.047118662094049607 3029.2268303391702 1.0926443109723576 0.041106907439715956 8.3276177615120144 11.02766398506931 0.20777094063441712 11.943212140633483 1.4678008182811391 1.2970768690845171 0.65053659211119974 0.28091398081608804 0.14158354095981063 3.5000000000000004 1.5000000000000002 2.5000000000000004
decision_type=2 2 2 2 2 2 2 2 2 2 2 2 2 2 2 2 2 2 2 2 2 2 2 2 2 2 2 2 2 2
left_child=1 14 13 -4 5 -2 8 9 12 10 19 -12 -6 -3 15 -1 17 -17 -18 -8 -15 22 23 27 26 -26 -25 28 -16 -30
right_child=4 2 3 -5 6 -7 7 -9 -10 -11 11 -13 -14 20 21 16 18 -19 -20 -21 -22 -23 -24 24 25 -27 -28 -29 29 -31
leaf_value=-0.10371831227417412 0.1576874141615692 -0.10602083310284249 -0.12702451602109119 -0.04404489048042308 0.14872790409116887 0.059045517406091055 0.11767940259609999 0.06593101372701364 0.10571444863169924 0.15287534269261635 0.14615229228894011 0.043273251415881481 0.11671741918219541 -0.12635744600669929 -0.15979383751001749 -0.14677095316947428 -0.11424586870110516 -0.076741603277266646 -0.15508937902774014 0.15943901375565614 -0.15996279476648578 -0.15689895181211766 -0.15309498727424664 -0.099370704093695583 -0.14115293640869953 -0.072372564794755581 -0.15486433007445011 -0.15949529283363095 -0.093362155959069895 -0.16006102838113903
leaf_weight=8.316392242908476 4.6399894356727582 4.8217925429344239 5.4656708389520627 4.967009425163269 203.48199452459812 4.9414306879043579 4.6890011429786709 5.6079699695110312 4.8180889934301367 23.986282661557198 7.4823581278324109 4.8134042620658875 6.4131370037794104 6.0703685879707363 11.46974551677704 7.7181258648633939 8.4728325307369214 4.7088785022497177 38.435491815209389 10.751493394374846 10.065536037087439 43.18276359140873 51.322081938385963 4.730248466134074 4.7199326306581479 6.6222935020923615 16.226408004760742 26.884011626243591 8.9204500913620013 8.4337975084781629
leaf_count=35 20 20 23 20 870 20 20 23 20 102 32 20 27 26 49 33 36 20 164 46 43 185 220 20 20 28 69 115 38 36
internal_value=-3.79418e-06 -0.142606 -0.121101 -0.0875178 0.142563 0.106815 0.143822 0.132643 0.146807 0.139877 0.128635 0.105878 0.14775 -0.137818 -0.145305 -0.137257 -0.141957 -0.120235 -0.147712 0.146757 -0.14732 -0.148288 -0.14562 -0.14126 -0.12782 -0.100995 -0.142339 -0.149053 -0.139313 -0.125776
internal_weight=563.179 281.554 31.3904 10.4327 281.625 9.58142 272.044 57.3305 214.713 51.7225 27.7363 12.2958 209.895 20.9577 250.163 67.6517 59.3353 12.427 46.9083 15.4405 16.1359 182.512 139.329 88.0069 32.2989 11.3422 20.9567 55.708 28.824 17.3542
internal_count=2400 1200 132 43 1200 40 1160 243 917 220 118 52 897 89 1068 288 253 53 200 66 69 780 595 375 137 48 89 238 123 74
is_linear=0
shrinkage=0.1


Tree=4
num_leaves=31
num_cat=0
split_feature=5 7 8 4 7 0 4 2 6 2 4 0 8 4 2 7 7 4 9 8 8 2 3 4 0 0 4 4 4 4
split_gain=969.807 1.54725 1.71756 2.0828 1.24344 3.30264 1.12752 1.1413 1.04181 1.72686 0.607001 1.00288 1.31385 1.36166 1.73039 1.70707 0.934471 0.607121 0.865902 0.590635 0.800218 0.681322 2.15921 0.503159 0.486171 1.55535 1.25501 0.664249 0.492208 1.4531
threshold=4.5000000000000009 14.970109093673353 0.14528402897627063 3473.3523759552322 308.85432924836476 1.9685063728543606 4040.8721779564562 0.055252725582525856 194.37747333596613 0.063043725548288063 3540.4069827446306 1.3975873149702911 0.55835400755043885 3305.2001346909233 0.061104807625088006 8.1190987013937601 11.031267259084769 3029.2268303391702 0.51897027815263164 2.8409139949842404 2.9856179726436083 0.044237619572630012 1.0000000180025095e-35 2914.5000036146175 1.9414456288202044 1.8562618548653698 5040.1696277735573 3576.2287676387773 4731.9198636769479 5529.6476218713551
decision_type=2 2 2 2 2 2 2 2 2 2 2 2 2 2 2 2 2 2 2 2 2 2 2 2 2 2 2 2 2 2
left_child=1 10 -3 -4 8 -6 -5 -8 9 -2 11 12 13 16 15 -15 -1 18 -13 -10 -21 22 -22 -18 25 27 -27 -23 -29 -30
right_child=4 2 3 6 5 -7 7 -9 19 -11 -12 17 -14 14 -16 -17 23 -19 -20 20 21 24 -24 -25 -26 26 -28 28 29 -31
leaf_value=-0.1494844255783343 0.077101258213015972 -0.15668222248118949 -0.051607344495843491 -0.14679535349657147 0.15764026893140359 0.044762113380739835 -0.061760930240844142 -0.13132678072885504 0.15084629170693983 0.13411334543546471 -0.14080284491723868 -0.15254252703806406 -0.071567683481769659 -0.034163283904426855 -0.14086656280245477 -0.11652635609381366 -0.08833807612548239 -0.1504930815330183 -0.1036726063566764 0.096819873904682704 0.06563706535531548 0.10623491886713901 0.13740898732667331 -0.13313418555301784 0.14366849361786285 0.076249963784732894 0.13667267698198715 0.15160159169939369 0.1137361966362116 0.15163655262189382
leaf_weight=22.929565221071243 7.9023740142583874 6.8661396056413677 6.4865991473197964 7.6197616010904339 5.069320544600485 5.3041521310806274 4.921643525362013 4.5281024426221848 28.147866785526276 16.212694525718689 141.60308386385441 6.5428993105888358 4.7845201343297949 4.8508568257093447 7.281799539923667 5.2290691584348679 4.5505201667547208 28.525641053915024 8.1317162662744504 5.2378002256155005 5.5134062170982387 5.7404869049787512 17.484503388404846 5.5846019387245178 90.114742204546928 7.8769018501043302 6.0992715656757355 28.937064349651337 18.415161892771721 22.446522668004036
leaf_count=101 35 30 28 33 22 23 21 20 126 72 632 29 21 21 32 23 20 128 36 23 24 25 77 25 400 35 27 129 82 100
internal_value=-4.95653e-06 -0.133918 -0.112672 -0.0998437 0.133875 0.0999235 -0.118174 -0.0950953 0.135229 0.115431 -0.13661 -0.130578 -0.121648 -0.1264 -0.103723 -0.07689 -0.138308 -0.14199 -0.125462 0.137252 0.135411 0.136409 0.120203 -0.113021 0.138483 0.133264 0.102619 0.138933 0.141623 0.134556
internal_weight=540.939 270.437 30.4222 23.5561 270.502 10.3735 17.0695 9.44975 260.129 24.1151 240.014 98.4112 55.2109 50.4264 17.3617 10.0799 33.0647 43.2003 14.6746 236.014 207.866 202.628 22.9979 10.1351 179.63 89.5154 13.9762 75.5392 69.7987 40.8617
internal_count=2400 1200 132 102 1200 45 74 41 1155 107 1068 436 243 222 76 44 146 193 65 1048 922 899 101 45 798 398 62 336 311 182
is_linear=0
shrinkage=0.1


Tree=5
num_leaves=31
num_cat=0
split_feature=5 7 0 9 4 7 8 7 9 8 8 4 0 6 2 8 8 1 8 4 0 2 8 7 0 0 8 8 9 5
split_gain=826.625 1.52311 1.70929 1.64691 1.25628 2.30013 0.946033 2.5891 0.873399 0.802607 0.891845 0.865409 0.664533 0.636031 0.608091 1.08187 2.20155 0.768589 1.11029 1.46516 0.656594 0.518271 0.462859 0.450638 0.487539 1.07863 1.33968 0.821537 0.726708 0.542392
threshold=4.5000000000000009 14.970109093673353 1.4944931934928027 0.49239511330110536 3180.4459938406503 226.04590191975151 5.6307975650039728 287.86606869151916 25.490597781912079 6.4389159292730511 6.0817210095374188 4337.9318676659905 2.6928570163138401 9.0739048963443398 0.047118662094049607 0.33615861193556584 0.28091398081608804 2.5000000000000004 0.087936903297056321 3468.6182793133453 1.0696768147168656 0.062899786503436653 0.20777094063441712 12.598220737344382 1.4678008182811391 1.2970768690845171 0.55236390572338767 0.30897400845090267 0.51897027815263164 3.5000000000000004
decision_type=2 2 2 2 2 2 2 2 2 2 2 2 2 2 2 2 2 2 2 2 2 2 2 2 2 2 2 2 2 2
left_child=1 14 13 -4 5 -2 8 9 12 10 21 -12 -6 -3 15 16 17 18 -1 -20 -17 -8 -15 24 25 29 27 28 -27 -16
right_child=4 2 3 -5 6 -7 7 -9 -10 -11 11 -13 -14 22 23 20 -18 -19 19 -21 -22 -23 -24 -25 -26 26 -28 -29 -30 -31
leaf_value=-0.1460272201201569 0.14362741842251295 -0.089822174600593593 -0.11114033945782441 -0.029929132093082345 0.13306218778570109 0.042514984754564736 0.14730218833676312 0.050376975043297183 0.087648419032068325 0.14000731242409156 0.055603041950932498 0.11408194105103991 0.09917301772262431 -0.10968118311622276 -0.12449128080200551 -0.10328129250127319 -0.057744980958935023 -0.14526251170332624 -0.13209580509759927 -0.070339740426791683 -0.14542891162291199 0.11327142464464686 -0.14614790259339228 -0.14394664775130589 -0.13791521855007485 -0.12402706652506763 -0.060107908231423035 -0.13863898391520235 -0.081444558279297127 -0.14433396802626616
leaf_weight=6.4665356427431169 4.2284000366926175 4.5816461592912736 5.1151028424501401 4.8789024353027344 185.91896358132362 4.8079381585121155 7.1715320050716462 5.4111437499523154 4.5437191724777213 18.022023320198059 4.3438398689031583 6.0623558312654495 5.972084552049636 5.5754289776086798 28.351821556687355 4.5605500191450146 6.5802398622035971 9.4163851737976056 6.7192256003618231 8.9707061946392042 19.501110017299652 11.90294313430786 9.2637337148189527 28.185878649353981 50.427863121032715 8.6748840957880073 4.4316152781248084 12.336739927530287 7.4491721391677848 26.794771149754524
leaf_count=30 20 20 23 20 870 20 33 23 20 84 20 28 27 26 132 21 30 44 31 41 91 55 43 133 238 40 20 57 34 126
internal_value=-5.58594e-06 -0.126519 -0.105098 -0.0714944 0.126457 0.0898288 0.127785 0.115917 0.130981 0.123382 0.113219 0.0896712 0.132007 -0.122391 -0.129272 -0.120835 -0.110363 -0.121329 -0.111158 -0.0967868 -0.13744 0.126066 -0.132446 -0.132421 -0.130075 -0.125584 -0.111252 -0.119216 -0.104354 -0.134132
internal_weight=516.667 258.282 29.4148 9.99401 258.385 9.03634 249.349 52.9138 196.435 47.5027 29.4807 10.4062 191.891 19.4208 228.867 62.2148 38.1531 31.5729 22.1565 15.6899 24.0617 19.0745 14.8392 166.653 138.467 88.039 32.8924 28.4608 16.1241 55.1466
internal_count=2400 1200 132 43 1200 40 1160 243 917 220 136 48 897 89 1068 288 176 146 102 72 112 88 69 780 647 409 151 131 74 258
is_linear=0
shrinkage=0.1


Tree=6
num_leaves=31
num_cat=0
split_feature=5 7 8 4 7 0 6 2 9 4 4 0 0 4 9 7 9 6 4 8 8 8 2 3 0 4 0 8 7 4
split_gain=708.455 1.49398 1.69451 1.98189 1.20721 3.09508 1.0332 1.67796 0.93741 1.36926 0.666716 1.04274 1.33956 1.5766 1.02553 1.54706 0.858382 0.810578 0.646227 0.906769 0.621632 0.816843 0.719307 2.94496 0.551224 1.44698 1.68417 1.18276 0.526712 0.487658
threshold=4.5000000000000009 14.970109093673353 0.14528402897627063 3394.8403380411983 308.85432924836476 1.9685063728543606 194.37747333596613 0.063043725548288063 0.23466102477840953 4040.8721779564562 3540.4069827446306 1.3975873149702911 1.2703165292957694 3330.3779886992829 0.56130939028826365 8.7148781726000362 0.46263224146420517 11.665050407213149 3029.2268303391702 0.33811521656661619 2.8409139949842404 2.9856179726436083 0.042407066502386855 1.0000000180025095e-35 1.9414456288202044 3572.1205535786835 1.8760155229502831 4.6703360822756013 233.87580023690688 4731.9198636769479
decision_type=2 2 2 2 2 2 2 2 2 2 2 2 2 2 2 2 2 2 2 2 2 2 2 2 2 2 2 2 2 2
left_child=1 10 -3 -4 6 -6 7 -2 -5 -10 11 12 14 16 15 -1 -14 -18 19 -13 -8 -22 23 -23 25 -24 29 -28 -9 -27
right_child=4 2 3 8 5 -7 20 28 9 -11 -12 18 13 -15 -16 -17 17 -19 -20 -21 21 22 24 -25 -26 26 27 -29 -30 -31
leaf_value=-0.071335858518140033 0.06188202165818435 -0.1443131469002927 -0.03023913562607309 -0.14288204168085583 0.14452596257155725 0.03132124546306108 0.13835679701515458 0.13990477771433604 -0.11973149929129696 -0.054299924112016895 -0.12760057927400484 -0.087569607423019044 -0.13964212121299141 -0.03971374854489465 -0.13908295332242948 -0.13036152939619466 -0.055294498877339428 -0.11717622575015373 -0.13798257067839215 -0.14004615615317856 0.081081161457692633 0.031889473761883162 0.074967590726097752 0.12675445947800773 0.13053826583617689 0.1392153241909955 0.055580563218861935 0.12265025125780726 0.10205578419409256 0.12172861625729543
leaf_weight=8.2333718687295931 7.353197410702708 6.2905261516571072 5.0176736563444164 4.1808153092861202 4.6285266727209073 5.0504309982061386 25.233116954565048 7.1265025436878187 6.6685300767421705 6.1457682102918625 127.80836209654808 7.430575564503668 4.4672382026910809 5.369098722934722 14.323908582329748 9.6388503313064557 4.3409600853919965 4.1312356442213058 25.513834491372108 5.9131999462842941 4.8372216671705237 4.3316735327243814 6.8452966958284369 13.381896004080772 82.7181206792593 27.062827259302139 5.8008002638816816 4.8091743886470795 7.5954472869634628 38.829359263181686
leaf_count=39 35 30 23 20 22 23 126 35 31 28 632 36 22 24 71 47 20 20 128 29 23 20 32 65 406 134 28 23 37 191
internal_value=-8.92818e-06 -0.120151 -0.0985414 -0.0854613 0.12007 0.0854563 0.12149 0.100893 -0.101765 -0.0883504 -0.122968 -0.116341 -0.106866 -0.0852693 -0.119147 -0.10317 -0.104172 -0.0854694 -0.128656 -0.110824 0.123616 0.121644 0.122712 0.103556 0.124755 0.119015 0.122957 0.0859812 0.120377 0.128911
internal_weight=491.078 245.474 28.3033 22.0128 245.604 9.67896 235.925 22.0751 16.9951 12.8143 217.171 89.3623 50.5047 18.3085 32.1961 17.8722 12.9394 8.4722 38.8576 13.3438 213.849 188.616 183.779 17.7136 166.066 83.3475 76.5022 10.61 14.7219 65.8922
internal_count=2400 1200 132 102 1200 45 1155 107 79 59 1068 436 243 86 157 86 62 40 193 65 1048 922 899 85 814 408 376 51 72 325
is_linear=0
shrinkage=0.1


Tree=7
num_leaves=31
num_cat=0
split_feature=5 7 0 7 6 4 7 8 7 9 0 6 0 9 0 2 4 0 2 6 9 0 0 8 6 1 7 6 2 0
split_gain=609.51 1.50593 1.6968 3.02925 1.83091 1.24708 2.25545 1.03114 2.50662 0.928227 0.839057 3.6319 0.826312 1.57346 0.716297 0.657763 1.18342 0.761877 1.51698 1.31457 0.498575 0.486288 1.42255 1.44874 1.18565 0.662059 1.00383 1.89913 0.674492 0.507842
threshold=4.5000000000000009 14.970109093673353 1.352685155268234 16.00388925756463 11.665050407213149 3180.4459938406503 226.04590191975151 5.6307975650039728 287.86606869151916 25.490597781912079 2.1336191155922863 257.26505521058999 1.6848552359871878 16.808744131032881 2.6928570163138401 0.047118662094049607 3029.2268303391702 1.0926443109723576 0.041106907439715956 8.3276177615120144 5.0258479369469793 1.9414456288202044 1.8562618548653698 4.4125744403999407 189.58962469967835 19.500000000000004 231.08631009070459 228.94033021194039 0.078705529468102317 1.7244474251343458
decision_type=2 2 2 2 2 2 2 2 2 2 2 2 2 2 2 2 2 2 2 2 2 2 2 2 2 2 2 2 2 2
left_child=1 15 -3 -4 -5 6 -2 9 10 14 12 -12 13 -9 20 16 -1 18 -18 -19 -7 22 25 -24 -23 26 27 -22 -29 -28
right_child=5 2 3 4 -6 7 -8 8 -10 -11 11 -13 -14 -15 -16 -17 17 19 -20 -21 21 24 23 -25 -26 -27 29 28 -30 -31
leaf_value=-0.070175545614206469 0.13404570110277803 -0.11734941253655609 -0.0042186189420139707 -0.055872884088601742 -0.14749094376740776 0.087778790376020085 0.030115554809568401 0.058138034899747296 0.037154089150903576 0.073126134654634953 0.13499403013218861 0.035516250307733227 0.13462907414538239 0.13491667857747697 0.084937561017975158 -0.12092167634789103 -0.12017893752273108 -0.081398813760865246 -0.042000820007477555 -0.12902182325065653 0.032140351258579877 0.084468323372016596 0.11019833898548109 0.035490500168177716 0.13183779087549113 0.13183467855425798 0.13465776401311016 0.13522135261921742 0.081626247575581165 0.10022754382685671
leaf_weight=7.135934814810752 3.783528730273245 13.633256152272226 4.8679691404104224 4.2701827734708768 4.4588925987482071 4.2265485376119605 4.6597892493009567 4.9838101416826266 5.1817469745874396 4.2351139336824408 8.4243720620870572 6.5033616423606864 17.176478415727615 5.7471699416637421 5.478745609521865 149.12052401900291 6.389075815677641 7.1049085855484 4.0588212311267853 31.469528079032898 3.8632292598485938 5.7067992091178885 7.6181821227073652 3.9372364729642868 71.316423386335373 37.334174141287804 16.801886290311817 6.1488363742828351 3.7989015132188797 5.7501051425933829
leaf_count=35 20 68 23 20 21 22 20 25 23 20 44 31 90 30 27 780 33 36 20 164 20 29 39 20 374 196 88 32 20 30
internal_value=-9.35374e-06 -0.114517 -0.09242 -0.0674242 -0.102672 0.114416 0.0766876 0.115836 0.102846 0.119376 0.110792 0.0916559 0.121028 0.0992582 0.120515 -0.117448 -0.108224 -0.113762 -0.0898081 -0.12025 0.121686 0.122569 0.117366 0.0847434 0.128328 0.122481 0.112877 0.0916453 0.114754 0.125879
internal_weight=465.186 232.509 27.2303 13.597 8.72908 232.676 8.44332 224.233 48.0169 176.216 42.8352 14.9277 27.9075 10.731 171.981 205.279 56.1583 49.0223 10.4479 38.5744 166.502 162.276 85.2526 11.5554 77.0232 73.6971 36.363 13.811 9.94774 22.552
internal_count=2400 1200 132 64 41 1200 40 1160 243 917 220 75 145 55 897 1068 288 253 53 200 870 848 445 59 403 386 190 72 52 118
is_linear=0
shrinkage=0.1


Tree=8
num_leaves=31
num_cat=0
split_feature=5 7 8 0 9 7 0 6 7 6 4 0 0 4 9 9 0 9 6 8 8 0 9 6 9 1 7 0 9 5
split_gain=526.053 1.52035 1.67545 1.93065 2.42661 1.21256 3.0016 1.01838 1.76127 0.761693 0.712286 1.13659 1.39697 1.55932 1.09874 1.64763 2.82808 0.883807 0.811225 0.710297 0.668812 0.699787 0.687427 3.03494 0.561972 1.6391 1.55756 1.72878 2.02989 0.613389
threshold=4.5000000000000009 14.970109093673353 0.14528402897627063 1.352685155268234 0.51897027815263164 308.85432924836476 1.9685063728543606 194.37747333596613 262.98063742658246 186.55917891391204 3540.4069827446306 1.3975873149702911 1.2703165292957694 3330.3779886992829 0.56130939028826365 0.11212121309128402 1.0926443109723576 0.46263224146420517 11.665050407213149 0.06986176964876907 2.8409139949842404 2.6928570163138401 7.1818041612518222 244.92739675726412 18.310197558621166 18.500000000000004 271.85821232237055 1.8864654191158607 20.429505134792127 5.5000000000000009
decision_type=2 2 2 2 2 2 2 2 2 2 2 2 2 2 2 2 2 2 2 2 2 2 2 2 2 2 2 2 2 2
left_child=1 10 -3 -4 -5 7 -7 8 9 -2 11 12 14 17 15 -1 -17 -14 -19 -13 -9 22 23 -22 29 -26 27 -27 -29 -24
right_child=5 2 3 4 -6 6 -8 20 -10 -11 -12 19 13 -15 -16 16 -18 18 -20 -21 21 -23 24 -25 25 26 -28 28 -30 -31
leaf_value=-0.13221906150696427 0.12314535789099899 -0.13498763805411848 -0.10551865387782489 -0.087820108054687152 0.0078126726794251981 0.13553590989327879 0.019468392182884431 0.12953193349066267 0.039191729157897218 0.075483008103947383 -0.11757276257884737 -0.07728235872500161 -0.13060978957962885 -0.02565868626435593 -0.13033804628419621 -0.0082222579516381747 -0.11443084852917849 -0.041566220731679489 -0.10620542295973706 -0.12390761850438113 0.026417726699966962 0.073509926275285437 0.12499043926421077 0.13146577892743389 0.12706642295429402 0.13155798141232281 0.037298956565462199 0.020959536042018164 0.1127733242708354 0.11011782195885721
leaf_weight=6.0626458525657716 9.8584952056407946 5.654793635010722 9.8210878372192401 5.8045731186866742 4.8873294144868851 4.1601547300815565 4.7975433021783829 22.149418696761131 5.1646843254566184 5.0810880810022345 113.45741514861584 3.6550230979919425 3.9401491433382052 5.0731520503759375 12.648061275482176 4.5853898227214795 5.5315249115228653 4.0595488995313644 3.7213633358478546 30.806279331445694 4.6582717746496183 4.8239242434501639 56.073110446333885 6.7145734876394272 17.643897131085396 9.0309371650219017 5.0100518465042105 4.4393191933631879 5.2625295519828796 54.863044932484627
leaf_count=33 53 30 51 29 22 22 23 126 27 27 632 20 22 24 71 23 30 20 20 173 25 25 308 37 96 50 26 24 29 302
internal_value=5.51104e-07 -0.109417 -0.0867941 -0.0735087 -0.0441058 0.109407 0.0733727 0.110938 0.0895321 0.106935 -0.112476 -0.105255 -0.0949011 -0.0719749 -0.108257 -0.0909961 -0.0662929 -0.0920216 -0.0724811 -0.118962 0.113196 0.111048 0.112155 0.0884385 0.113925 0.103981 0.0868254 0.100071 0.0707617 0.117635
internal_weight=439.439 219.708 26.1678 20.513 10.6919 219.731 8.9577 210.773 20.1043 14.9396 193.541 80.0831 45.6218 16.7942 28.8276 16.1796 10.1169 11.7211 7.78091 34.4613 190.669 168.52 163.696 11.3728 152.323 41.3867 23.7428 18.7328 9.70185 110.936
internal_count=2400 1200 132 102 51 1200 45 1155 107 80 1068 436 243 86 157 86 53 62 40 193 1048 922 897 62 835 225 129 103 53 610
is_linear=0
shrinkage=0.1


Tree=9
num_leaves=31
num_cat=0
split_feature=5 7 8 4 4 8 2 8 7 9 2 8 6 6 0 2 8 8 1 8 4 0 4 7 0 0 9 8 8 5
split_gain=455.061 1.52191 1.59741 2.05162 1.32623 2.34438 1.20243 1.10481 2.4952 1.00302 0.916691 0.831308 0.900045 1.40435 0.723159 0.715265 1.29025 2.37232 0.938144 1.29027 1.65421 0.735249 0.618522 0.572277 0.576278 1.13473 1.35205 1.58959 1.36368 0.714916
threshold=4.5000000000000009 14.970109093673353 0.14528402897627063 3473.3523759552322 3180.4459938406503 4.5430697080155031 0.047574397275944404 5.6307975650039728 287.86606869151916 25.490597781912079 0.04770695083664226 6.1571280507777013 257.26505521058999 275.17821153417941 2.6928570163138401 0.047118662094049607 0.33615861193556584 0.28091398081608804 2.5000000000000004 0.087936903297056321 3468.6182793133453 1.0696768147168656 4040.8721779564562 11.943212140633483 1.4678008182811391 1.2970768690845171 0.65053659211119974 0.28091398081608804 0.14158354095981063 3.5000000000000004
decision_type=2 2 2 2 2 2 2 2 2 2 2 2 2 2 2 2 2 2 2 2 2 2 2 2 2 2 2 2 2 2
left_child=1 15 -3 -4 5 -2 -5 9 10 14 -9 12 -12 -14 -6 16 17 18 19 -1 -21 -18 -8 24 25 29 28 -28 -27 -17
right_child=4 2 3 6 7 -7 22 8 -10 -11 11 -13 13 -15 -16 23 21 -19 -20 20 -22 -23 -24 -25 -26 26 27 -29 -30 -31
leaf_value=-0.12826379766694104 0.0080671818777861091 -0.13063303619270247 -0.017692879911311968 -0.042207336462853566 0.11281883136523803 0.11779629671024222 -0.13591251610158372 0.064364947873138081 0.025331505919473297 0.060311218461412588 0.11462368989138448 0.1224533612253793 0.020772811312843566 0.10694613667296485 0.074383401049171224 -0.10019870025552985 -0.078750642670646395 -0.026127723576054831 -0.12804535985626295 -0.11109728262217933 -0.038417741351444781 -0.12795062647933836 -0.086090047231685618 -0.12382680990251099 -0.1183117598090183 -0.04985414471124474 -0.10498953371666675 -0.018869548947483564 -0.11986820277658138 -0.12688122892298595
leaf_weight=5.1252049356699088 3.8000226020812979 5.2783283889293697 5.6362963169813183 3.9541047364473334 147.25591081380844 3.9930941164493561 4.3175106942653638 5.8422085791826239 4.9435753524303427 3.9200886636972418 7.6252062171697599 17.20758955180645 3.605818435549736 3.9770322293043137 5.0635227560997 21.127839580178261 3.783484190702441 5.5673083215951911 7.4467028230428687 5.3971038162708265 7.460452139377594 15.403429225087164 5.8924401700496674 30.810558617115021 36.439307853579521 3.6395468860864666 3.6444995552301389 5.2031911760568619 11.80538274347782 19.136856704950333
leaf_count=30 20 30 28 20 870 20 23 32 23 20 45 101 20 22 27 123 21 30 44 31 41 91 31 185 220 20 20 28 69 115
internal_value=-1.10122e-06 -0.104846 -0.0817516 -0.0687209 0.104761 0.064291 -0.0890265 0.106342 0.0921879 0.110256 0.100827 0.107398 0.090364 0.0659688 0.111541 -0.108029 -0.0978685 -0.0852531 -0.0981976 -0.0858375 -0.0689258 -0.118249 -0.107159 -0.111897 -0.108257 -0.102582 -0.0855137 -0.0543437 -0.10337 -0.11288
internal_weight=414.304 207.07 25.0787 19.8004 207.234 7.79312 14.1641 199.441 43.2014 156.24 38.2579 32.4156 15.2081 7.58285 152.319 181.991 50.1837 30.9968 25.4295 17.9828 12.8576 19.1869 10.21 131.807 100.997 64.5573 24.2926 8.84769 15.4449 40.2647
internal_count=2400 1200 132 102 1200 40 74 1160 243 917 220 188 87 42 897 1068 288 176 146 102 72 112 54 780 595 375 137 48 89 238
is_linear=0
shrinkage=0.1


Tree=10
num_leaves=31
num_cat=0
split_feature=5 7 0 9 4 7 8 8 7 8 7 9 0 7 6 0 0 0 6 7 1 8 1 6 4 2 2 8 6 8
split_gain=394.24 1.54262 1.65681 1.46753 1.31501 2.3743 1.16758 1.28675 4.16337 1.1022 2.3232 1.39577 1.30292 0.97998 1.45758 3.48457 0.959896 1.24797 2.8538 0.864623 1.38823 1.37537 1.55177 0.85515 0.796001 1.21849 2.67709 1.44741 1.32584 0.97186
threshold=4.5000000000000009 14.970109093673353 1.4944931934928027 0.49239511330110536 3180.4459938406503 226.04590191975151 2.8409139949842404 3.197568827622169 262.39238732969045 5.6307975650039728 287.86606869151916 25.490597781912079 2.6928570163138401 241.65569229315864 257.26505521058999 2.1291348192428798 1.9414456288202044 1.8562618548653698 254.65477952187214 251.37321900540465 19.500000000000004 5.1281133730229564 16.500000000000004 9.0739048963443398 3540.4069827446306 0.046423950289379456 0.043942307506218158 0.032057695057904206 16.472729439589134 0.55835400755043885
decision_type=2 2 2 2 2 2 2 2 2 2 2 2 2 2 2 2 2 2 2 2 2 2 2 2 2 2 2 2 2 2
left_child=1 24 23 -4 5 -2 -6 8 -8 11 13 12 16 14 -11 -16 17 19 -19 20 21 22 -9 -3 25 26 28 -27 -1 -29
right_child=4 2 3 -5 6 -7 7 9 -10 10 -12 -13 -14 -15 15 -17 -18 18 -20 -21 -22 -23 -24 -25 -26 27 -28 29 -30 -31
leaf_value=-0.11010881855516946 0.12515189782393241 -0.055462711029781245 -0.084823890553631903 -0.0028731923209567322 0.12379576209158166 0.011830408250015419 0.11268777512877477 0.088784296811260988 -0.010233297441163254 0.10640480147282146 0.023025974469545633 0.042111001281899957 0.050054643038999563 0.11427306050156141 0.10562778493617678 -0.020367590730326776 0.12079953105578987 0.007297936166412407 0.12706682006964298 0.12437046672068197 0.11752924947621989 0.12457386796457733 0.0081739627894971464 -0.11025711476064746 -0.10968623821624374 -0.054428901944929747 0.0014274553503072322 -0.11389075941285032 -0.038590667265377389 -0.066572755920962456
leaf_weight=10.952537238597872 3.1980493515729895 3.7822327464818981 4.2001903355121595 4.5547534227371216 21.943541616201401 4.3826165795326233 7.4955299049615842 5.4676270484924334 4.357208639383316 10.556327238678934 4.8972468823194495 3.2393491119146338 3.659689635038375 16.612088710069656 5.1155327111482602 3.8447830080986023 50.049199983477592 4.1234613806009284 3.8441789150238037 19.028299435973167 15.295300796627997 3.7953902930021277 4.2398873120546341 11.533300861716269 99.842276006937027 5.3969289511442176 3.7783772796392432 42.678938806056976 3.3958210051059714 4.832051768898963
leaf_count=65 20 20 23 20 142 20 46 34 26 66 23 17 20 102 32 20 316 24 23 121 98 24 26 69 632 32 22 267 21 29
internal_value=-9.40597e-06 -0.100591 -0.0768894 -0.0421891 0.10047 0.0596373 0.10212 0.0992483 0.0675005 0.101695 0.0876604 0.106803 0.108716 0.0964216 0.0812269 0.0515644 0.110745 0.101725 0.0650833 0.107829 0.0969001 0.0735325 0.0535767 -0.0967254 -0.103929 -0.0958376 -0.0734619 -0.103504 -0.0931826 -0.109078
internal_weight=390.093 194.947 24.0705 8.75494 195.145 7.58067 187.565 165.621 11.8527 153.768 41.026 112.742 109.503 36.1287 19.5166 8.96032 105.843 55.7941 7.96764 47.8265 28.7982 13.5029 9.70751 15.3155 170.877 71.0347 18.1267 52.9079 14.3484 47.511
internal_count=2400 1200 132 43 1200 40 1160 1018 72 946 243 703 686 220 118 52 666 350 47 303 182 84 60 89 1068 436 108 328 86 296
is_linear=0
shrinkage=0.1


Tree=11
num_leaves=31
num_cat=0
split_feature=5 7 8 4 2 6 1 9 8 4 2 4 0 8 4 8 2 7 4 9 1 0 0 7 0 6 6 2 0 4
split_gain=342.091 1.53405 1.61517 1.92729 1.33282 3.66712 3.90982 4.06397 2.24746 1.22489 1.09941 0.808124 1.33254 1.51689 1.65577 2.1869 2.1654 1.25894 0.888531 1.15859 0.759791 2.05694 0.698246 0.692099 1.01781 1.16816 4.18619 1.84679 1.45587 0.873401
threshold=4.5000000000000009 14.970109093673353 0.14528402897627063 3473.3523759552322 0.056135241807227003 227.17480116642091 21.500000000000004 14.399791721185425 6.1195791336707783 4040.8721779564562 0.055252725582525856 3540.4069827446306 1.3975873149702911 0.55835400755043885 3305.2001346909233 0.3868496195550567 0.061104807625088006 11.031267259084769 3029.2268303391702 0.51897027815263164 26.500000000000004 1.8864654191158607 1.1532919459271624 243.97518633827846 1.6791508790630145 241.994099355457 252.33040992078119 0.068239424090399306 1.8809987665216028 4064.5757188347975
decision_type=2 2 2 2 2 2 2 2 2 2 2 2 2 2 2 2 2 2 2 2 2 2 2 2 2 2 2 2 2 2
left_child=1 11 -3 -4 5 6 7 -2 -7 -5 -11 12 13 14 17 16 -16 -1 19 -14 23 -22 -19 -6 -25 28 -27 -28 -26 -29
right_child=4 2 3 9 20 8 -8 -9 -10 10 -12 -13 18 -15 15 -17 -18 22 -20 -21 21 -23 -24 24 25 26 27 29 -30 -31
leaf_value=-0.11782547701388849 -0.077386346220926355 -0.12508363408676323 -0.0088351848736678753 -0.11486894926381037 0.11080607818234434 0.11276089799999969 0.10757177603988449 0.055926411761286134 0.044022200053236392 -0.018263466201464792 -0.096093558053189282 -0.10606720218832687 -0.12287036890354011 -0.017349176890603498 0.0050458539792378422 -0.12597919401579535 -0.095920109654516625 -0.096585486471173654 -0.12116646891032815 -0.054315554642560729 0.12402685966713073 0.033946290012029465 -0.032993812398545798 0.11746342710737144 0.050843740104370809 -0.018033420497434019 0.037397956696507084 0.065842104477199667 0.11838149064527931 0.12528549125375305
leaf_weight=15.622463747859003 3.8174686133861524 4.6550713181495693 5.3853265196085003 5.672582656145094 66.231505289673805 27.536480367183685 5.6340079754590979 5.7025514841079712 5.7497079968452445 4.0659463554620743 3.2783026546239853 93.264917150139809 4.3663812577724475 3.5557637065649024 5.858944967389105 3.3460688143968573 3.3322978168725967 3.6634912788867942 18.393634885549545 5.661784291267395 4.6978806257247907 5.505633220076561 3.2659751325845718 15.920571342110632 3.9661749005317715 4.1903697699308422 4.5145066529512432 3.2410300970077506 16.346656486392021 10.413855910301207
leaf_count=101 22 30 28 33 443 182 36 36 34 21 20 632 29 21 34 21 21 24 128 36 31 36 21 106 25 27 29 20 106 67
internal_value=8.06869e-06 -0.0965784 -0.0724605 -0.0591488 0.0965528 0.0823224 0.0415443 0.00246883 0.100887 -0.0799646 -0.053005 -0.100047 -0.0916747 -0.0795864 -0.0858932 -0.0567591 -0.0315595 -0.10209 -0.108111 -0.0841651 0.101658 0.075421 -0.0666137 0.103802 0.0958857 0.0878354 0.0720655 0.0928449 0.105194 0.111176
internal_weight=366.857 183.389 23.0572 18.4022 183.468 48.4402 15.154 9.52002 33.2862 13.0168 7.34425 160.332 67.0668 38.645 35.0892 12.5373 9.19124 22.5519 28.4218 10.0282 135.028 10.2035 6.92947 124.825 58.5932 42.6726 22.3598 18.1694 20.3128 13.6549
internal_count=2400 1200 132 102 1200 310 94 58 216 74 41 1068 436 243 222 76 55 146 193 65 890 67 45 823 380 274 143 116 131 87
is_linear=0
shrinkage=0.1


Tree=12
num_leaves=31
num_cat=0
split_feature=5 7 0 7 6 4 7 4 8 8 7 9 2 3 4 0 0 2 9 7 0 4 5 8 8 6 9 9 0 6
split_gain=296.882 1.53921 1.69374 2.91812 1.95889 1.36937 4.69555 1.64477 1.13128 1.70413 4.28005 1.26838 1.36729 2.89338 0.811932 1.32827 1.58833 1.52395 1.34994 1.94582 1.15386 0.908437 1.21442 0.660473 0.646963 1.11603 1.86677 3.42967 1.06979 0.598799
threshold=4.5000000000000009 14.970109093673353 1.352685155268234 16.00388925756463 11.665050407213149 3576.2287676387773 276.57124545591381 3458.1857615452031 2.8409139949842404 3.197568827622169 262.39238732969045 25.490597781912079 0.042407066502386855 1.0000000180025095e-35 3540.4069827446306 1.3975873149702911 1.2703165292957694 0.052541111144170406 0.56130939028826365 8.7148781726000362 1.3301545176742806 3029.2268303391702 3.5000000000000004 5.3816422840813862 5.6307975650039728 251.58549955833516 13.946655505929007 18.806659444977509 1.5835506487913984 14.536451089144528
decision_type=2 2 2 2 2 2 2 2 2 2 2 2 2 2 2 2 2 2 2 2 2 2 2 2 2 2 2 2 2 2
left_child=1 14 -3 -4 -5 6 7 -2 -7 10 -10 12 13 -11 15 16 18 -18 19 -1 -19 22 -17 -15 -14 28 -27 -28 -26 -16
right_child=5 2 3 4 -6 8 -8 -9 9 11 -12 -13 24 23 29 21 17 20 -20 -21 -22 -23 -24 -25 25 26 27 -29 -30 -31
leaf_value=-0.030178409496447123 0.11675147279708263 -0.097044573263416881 0.023830489830455364 -0.028574917670585183 -0.13248645129370692 0.11901529546927199 -0.038225322962641826 0.034220407180039693 0.10464898140778121 -0.011803715044415236 -0.029876288159331934 0.03229362051514869 0.10491105148316782 0.12029597044036991 -0.096349143758471006 -0.048873089525990614 -0.01041332519932436 -0.12510497283693317 -0.11989911767689368 -0.10743828061281904 -0.047286264651674889 -0.11875433595098053 -0.12097988185364331 0.060681354485820085 0.053508997166781792 0.11005144808539272 -0.0035677739633997369 0.12442033107362538 0.12131818592360613 -0.11354153114636618
leaf_weight=6.2078867107629794 8.7125020027160627 10.593915820121767 4.279330372810362 3.6455344557762146 3.6113662868738174 18.137327879667282 3.4639714211225501 3.3406176567077628 6.1167232394218427 3.4884817749261856 3.855992391705513 3.0947506725788108 83.980173468589783 4.8781164586544019 54.924677297472954 5.3857881426811236 5.916002392768859 3.1000022292137128 9.7600860446691495 6.8644158989191055 4.9445109218358994 16.963837265968323 4.124304473400116 3.0022124350070953 2.9029886871576336 6.6394254118204108 6.0698091536760312 3.1961670815944672 11.71792261302471 32.097525209188461
leaf_count=39 55 68 23 20 21 136 20 22 43 20 24 18 603 35 398 36 36 20 71 47 30 128 29 19 20 43 38 21 83 234
internal_value=1.26519e-05 -0.0927977 -0.0681754 -0.0416643 -0.0802861 0.0927272 0.0643873 0.0938773 0.0955268 0.0924606 0.0526342 0.0955403 0.0970952 0.0640189 -0.0964233 -0.087803 -0.0755121 -0.0489408 -0.0917587 -0.0707485 -0.0772742 -0.104885 -0.0801441 0.0975843 0.100379 0.0879118 0.0695796 0.0405799 0.107855 -0.10269
internal_weight=345.016 172.419 22.1301 11.5362 7.2569 172.597 15.5171 12.0531 157.08 138.943 9.97272 128.97 125.875 11.3688 150.289 63.2668 36.7929 13.9605 22.8324 13.0723 8.04451 26.4739 9.51009 7.88033 114.506 30.5263 15.9054 9.26598 14.6209 87.0222
internal_count=2400 1200 132 64 41 1200 97 77 1103 967 67 900 882 74 1068 436 243 86 157 86 50 193 65 54 808 205 102 59 103 632
is_linear=0
shrinkage=0.1


Tree=13
num_leaves=31
num_cat=0
split_feature=5 7 8 9 7 4 8 8 8 7 5 9 2 8 8 1 8 4 0 7 0 0 8 6 6 8 1 5 6 2
split_gain=257.786 1.54182 1.63225 1.84988 3.0938 1.43672 2.34944 1.32341 1.55919 1.2545 0.969952 0.841165 0.837001 1.54671 2.4894 1.14243 1.51789 1.9942 0.934291 0.775092 0.790846 1.585 1.82609 1.22268 1.33343 1.29527 1.06863 0.879986 1.40118 0.795373
threshold=4.5000000000000009 14.970109093673353 0.14528402897627063 0.89445032515720158 15.3875795730471 3180.4459938406503 4.5430697080155031 2.8409139949842404 2.9856179726436083 308.85432924836476 3.5000000000000004 25.490597781912079 0.047118662094049607 0.33615861193556584 0.28091398081608804 2.5000000000000004 0.087936903297056321 3468.6182793133453 1.0696768147168656 12.598220737344382 1.4678008182811391 1.2970768690845171 0.55236390572338767 9.4999111655064219 18.083019511373873 0.30897400845090267 1.5000000000000002 3.5000000000000004 9.3189114352628568 0.078966372622735717
decision_type=2 2 2 2 2 2 2 2 2 2 2 2 2 2 2 2 2 2 2 2 2 2 2 2 2 2 2 2 2 2
left_child=1 12 -3 4 -4 6 -2 -7 -9 11 -6 -10 13 14 15 16 -1 -18 -15 20 21 27 23 -23 25 26 -25 28 -14 -22
right_child=5 2 3 -5 10 7 -8 8 9 -11 -12 -13 19 18 -16 -17 17 -19 -20 -21 29 22 -24 24 -26 -27 -28 -29 -30 -31
leaf_value=-0.11869990294955363 -0.015939226830267394 -0.12076648959996837 0.014045928365935476 0.0085847336863540558 -0.12783568428951972 0.11698481904127067 0.10256804067022532 0.027299418070250034 0.093087270605712258 0.04436464730996998 -0.064763701181981589 0.043704728108657956 -0.02497914936583728 -0.056696285504850757 -0.00023054334167905163 -0.11867252517243021 -0.097856147041748914 -0.0090655915047076936 -0.11878352749654367 -0.11748352120489639 -0.11328588943878425 -0.11961306471723705 0.0062914601543240817 -0.06054196198322153 -0.12136276164689824 -0.09273969449498598 0.019275878269154459 -0.11746809697955796 -0.098261833883808061 -0.064037925436846679
leaf_weight=3.9312706068158212 3.3216131180524817 4.1003909558057812 3.3567018508911159 4.0447003543376914 5.0274841338396055 17.487520664930344 3.3704210072755814 4.1341861039400092 124.56495873630047 5.8496212512254706 4.7342980578541756 3.5475612729787818 3.1875633820891407 3.0451514422893515 4.7449046075344077 5.6959184333682051 4.3133305907249433 6.1163669675588608 11.876120306551455 16.706692434847355 25.917466402053837 4.9906135350465837 3.0399167686700812 3.203144319355486 2.9112940654158583 3.6496051773428917 3.5213494524359703 15.838580653071402 14.377133958041666 3.7544615790247908
leaf_count=30 20 30 19 22 31 142 20 27 934 36 30 21 24 21 30 44 31 41 91 133 208 37 20 22 21 27 24 126 108 30
internal_value=1.96969e-05 -0.0891817 -0.0640824 -0.0505403 -0.0687697 0.0891159 0.0437466 0.0910674 0.0877854 0.089652 -0.0972468 0.0917198 -0.0929717 -0.0806724 -0.065367 -0.0807765 -0.065746 -0.045786 -0.106113 -0.0978043 -0.0939084 -0.0867799 -0.0654746 -0.0774117 -0.0615588 -0.044776 -0.0187445 -0.100376 -0.0849628 -0.107054
internal_weight=324.36 162.084 21.2636 17.1632 13.1185 162.276 6.69203 155.584 138.096 133.962 9.76178 128.113 140.821 39.7231 24.8018 20.0569 14.361 10.4297 14.9213 101.098 84.3911 54.7192 21.3159 18.276 13.2854 10.3741 6.72449 33.4033 17.5647 29.6719
internal_count=2400 1200 132 102 80 1200 40 1160 1018 991 61 955 1068 288 176 146 102 72 112 780 647 409 151 131 94 73 46 258 132 238
is_linear=0
shrinkage=0.1


Tree=14
num_leaves=31
num_cat=0
split_feature=5 7 2 2 7 2 6 1 2 8 8 4 6 0 2 2 0 9 8 6 6 6 9 8 9 9 4 4 2 6
split_gain=223.73 1.53428 1.66688 1.75525 3.42057 1.39954 3.79146 3.86651 3.82752 2.45775 1.47194 0.908437 1.49124 1.37972 1.65705 2.31402 1.76003 2.21111 0.935348 0.882371 0.978808 1.84473 1.98785 1.99718 3.62156 1.72611 0.867638 1.03676 1.76113 0.798631
threshold=4.5000000000000009 14.970109093673353 0.073778193231492165 0.055252725582525856 15.737685672157692 0.056135241807227003 227.17480116642091 22.500000000000004 0.046931939563164361 6.1195791336707783 4.2786250212724459 3540.4069827446306 21.313043316753763 1.3975873149702911 0.046423950289379456 0.041412838146130511 1.2970768690845171 0.65053659211119974 0.075942069421909314 172.38076264207731 241.994099355457 244.13396208197648 13.946655505929007 5.6307975650039728 18.806659444977509 14.895167155378038 4796.6082580929451 5327.5504677741765 0.075017706788646166 8.9012258769544115
decision_type=2 2 2 2 2 2 2 2 2 2 2 2 2 2 2 2 2 2 2 2 2 2 2 2 2 2 2 2 2 2
left_child=1 11 3 4 -3 6 7 8 10 -8 -2 12 13 14 15 -1 29 -18 -15 -7 26 -22 -23 25 -25 -24 -21 28 -28 -16
right_child=5 2 -4 -5 -6 19 9 -9 -10 -11 -12 -13 -14 18 16 -17 17 -19 -20 20 21 22 23 24 -26 -27 27 -29 -30 -31
leaf_value=-0.070016010965157513 -0.0062295810271623901 0.036829350416293774 0.0097085502113487907 -0.1090469434258991 -0.086144046677178912 0.045133162778005331 0.10487660944900208 0.11784225824783422 -0.083992684004535967 0.028110809448212256 0.092218045344728716 -0.096801233658189045 -0.0069681940786839418 -0.050223976066344059 -0.063185677003223001 0.038765769291653235 -0.096365770709074233 0.012755553219980731 -0.11085813259558797 0.11768663370591931 0.0014179196010402557 0.10990128542812155 0.014438997095455494 -0.015823607913496754 0.12043654549353944 0.09594180268061156 0.11726119180767725 0.10403529829288878 0.011593320132348279 -0.11711356998922394
leaf_weight=5.7696684598922747 2.9978031441569311 3.4021933972835594 2.9202935472130767 7.3686570301651946 6.7487875148653984 3.9822178408503524 22.708918035030369 3.4030443131923667 3.8305947557091713 5.108914576470851 3.0781513974070549 75.985283479094505 2.6620702669024459 2.9342074617743519 3.614200837910178 2.9580464363098145 3.923923395574092 3.5250667408108711 19.13702879101038 23.327823609113693 2.5367607250809661 25.124949835240841 2.9277524426579502 5.6453944668173772 2.9802725613117218 23.106897503137589 2.7356130182743081 15.464001096785069 3.7249558791518211 11.433299675583838
leaf_count=41 20 19 19 52 42 30 182 27 26 34 21 632 21 23 28 18 28 21 163 189 19 202 24 38 22 188 22 127 29 93
internal_value=-8.88298e-06 -0.0857312 -0.0602372 -0.0718963 -0.0449284 0.0855442 0.0697762 0.0258811 -0.00570894 0.0907781 0.0436452 -0.0896806 -0.0800114 -0.0836599 -0.0701323 -0.0331471 -0.0844811 -0.0447266 -0.102797 0.0913574 0.0930686 0.0849404 0.0884843 0.0729594 0.0312559 0.0867763 0.104263 0.0899798 0.0563365 -0.104161
internal_weight=305.067 152.383 20.4399 17.5196 10.151 152.684 41.1274 13.3096 9.90655 27.8178 6.07595 131.943 55.9575 53.2954 31.2242 8.72771 22.4965 7.44899 22.0712 111.557 107.574 62.322 59.7853 34.6603 8.62567 26.0346 45.2524 21.9246 6.46057 15.0475
internal_count=2400 1200 132 113 61 1200 310 94 67 216 41 1068 436 415 229 59 170 49 186 890 860 493 474 272 60 212 367 178 51 121
is_linear=0
shrinkage=0.1


Tree=15
num_leaves=31
num_cat=0
split_feature=7 4 7 9 4 7 9 7 6 2 7 9 0 2 3 2 2 2 4 2 9 4 4 5 9 2 0 2 7 2
split_gain=194.464 1.95978 5.09869 3.06819 1.68942 2.2437 1.69517 1.36665 1.30221 1.51491 1.44259 1.02412 1.00447 0.939183 3.76991 1.00812 2.60716 0.828238 1.92741 1.3175 1.85569 2.85072 2.30853 1.83617 0.82361 1.01557 2.66838 1.64477 1.12459 1.80031
threshold=19.403494691380779 3576.2287676387773 279.60121445019507 11.02766398506931 3062.4592626946369 14.200863100743851 1.068880916507601 10.748913625714858 192.23393074280202 0.063043725548288063 312.91206582514309 1.4151001076023151 1.4285130266207655 0.042407066502386855 1.0000000180025095e-35 0.052541111144170406 0.056135241807227003 0.075017706788646166 5871.2868177366354 0.07673208737120786 13.946655505929007 5233.7742454487334 4273.798756068315 5.5000000000000009 1.0986529835396419 0.044237619572630012 1.5743622177824677 0.041764264173793857 10.513973013486085 0.079645512879317301
decision_type=2 2 2 2 2 2 2 2 2 2 2 2 2 2 2 2 2 2 2 2 2 2 2 2 2 2 2 2 2 2
left_child=4 2 3 -2 5 6 7 -1 9 -3 12 24 -10 14 -14 -15 -17 -18 19 -19 -21 22 23 -22 25 26 27 -6 -27 -30
right_child=1 8 -4 -5 11 -7 -8 -9 10 -11 -12 -13 13 15 -16 16 17 18 -20 20 21 -23 -24 -25 -26 28 -28 -29 29 -31
leaf_value=-0.10674138502388129 0.00063293166997334654 0.010505059114495126 -0.072872102933460997 0.10881830358431344 -0.10281351699436843 0.030408381426823779 -0.0075528913479094677 -0.043805446032768355 0.11566914624083197 0.082158254866039712 0.029979033405193513 -0.033113831056133962 -0.033242046866529817 0.11605646541356913 0.10115970687132719 0.013919019248857698 0.10266399714092173 0.013965477870770959 0.11566608220484098 0.10642258470132676 -0.042982515886469522 -0.045819030548403798 0.104634205395699 0.078139476152192411 -0.11690858693422419 -0.081458213387701373 0.006204524788340637 -0.031964067286867896 -0.11160241935817049 -0.040210727124442784
leaf_weight=9.7015007510781341 3.8117341920733443 4.8633517771959287 2.880625791847705 8.3951036855578405 12.817207887768751 2.5451010838150969 3.5514413043856612 5.3547304272651663 13.614783845841883 7.502399355173111 4.1247526854276648 3.2703036665916434 3.1194674745202065 12.631159342825411 6.3055322021245939 4.7639501541852942 31.10264065861702 3.9189449697732952 11.782612487673758 11.529500946402552 2.4688112363219252 2.4374390766024581 8.1797417849302274 2.5385816618800163 10.261877618730066 45.79847513884306 3.974241614341735 4.4020238593220702 35.496543280780315 3.9225952327251425
leaf_count=80 27 34 17 63 104 18 27 43 119 63 28 26 20 109 53 38 274 34 103 103 20 20 69 21 88 396 32 34 303 34
internal_value=4.39857e-06 0.0809237 0.0467962 0.0750361 -0.0837108 -0.0576543 -0.0696993 -0.0843583 0.0848577 0.0539776 0.0880797 -0.0883061 0.0901746 0.0867304 0.0566757 0.0898312 0.0856233 0.0902421 0.0812268 0.0681677 0.0759903 0.0535341 0.071898 0.0184223 -0.0898531 -0.0872439 -0.0676543 -0.0847012 -0.0921158 -0.104498
internal_weight=287.067 145.971 15.0875 12.2068 141.096 21.1528 18.6077 15.0562 130.884 12.3658 118.518 119.943 114.393 100.778 9.425 91.3534 78.7222 73.9583 42.8556 31.073 27.1541 15.6246 13.1871 5.00739 116.673 106.411 21.1935 17.2192 85.2176 39.4191
internal_count=2400 1215 107 90 1185 168 150 123 1108 97 1011 1017 983 864 73 791 682 644 370 267 233 130 110 41 991 903 170 138 733 337
is_linear=0
shrinkage=0.1


Tree=16
num_leaves=31
num_cat=0
split_feature=7 4 7 9 4 7 6 9 0 6 7 2 0 9 8 8 5 6 9 8 5 0 7 6 7 9 8 9 2 0
split_gain=168.565 1.86604 4.29214 2.83674 1.62502 1.99645 2.32533 2.07364 1.48677 1.2789 1.38798 1.36614 1.01976 0.980494 0.967834 1.19599 2.20985 1.97688 1.10168 2.67926 1.83536 1.74775 3.5697 5.09513 1.53036 3.33511 1.08684 0.836564 1.00167 2.40959
threshold=19.403494691380779 3576.2287676387773 279.60121445019507 11.02766398506931 3062.4592626946369 10.748913625714858 13.938432095826162 1.068880916507601 1.388530403838957 192.23393074280202 312.91206582514309 0.063043725548288063 1.4285130266207655 1.4151001076023151 2.8409139949842404 3.5613459561432461 5.5000000000000009 248.47177607294819 18.310197558621166 6.2654941271934286 5.5000000000000009 1.9260057869475193 256.48685995666347 266.89395028963946 251.37321900540465 21.647116059851388 5.6307975650039728 1.0986529835396419 0.044237619572630012 1.5743622177824677
decision_type=2 2 2 2 2 2 2 2 2 2 2 2 2 2 2 2 2 2 2 2 2 2 2 2 2 2 2 2 2 2
left_child=4 2 3 -2 5 7 8 -1 -7 11 12 -3 -11 27 -14 16 17 -16 20 24 -17 22 23 -22 -20 -26 -23 28 29 -6
right_child=1 9 -4 -5 13 6 -8 -9 -10 10 -12 -13 14 -15 15 18 -18 -19 19 -21 21 26 -24 -25 25 -27 -28 -29 -30 -31
leaf_value=-0.10420404648798876 0.0005696984498060611 0.009509750969847108 -0.06318075322587334 0.10583059973313103 -0.081170615496624909 -0.013928508079105015 0.058074792259524999 -0.0015828165155330365 -0.11581175378666382 0.11397134158030914 0.027494146382642803 0.078431596015907656 0.11220334964264544 -0.030474600240358158 -0.032680865605994897 0.11106454078351341 0.097760469586212317 0.07797527549084439 0.10479559487317823 -0.029278095371117425 -0.065405108886049459 0.11390409072429292 0.11539769037193348 0.11348497406406027 0.093221843151459538 -0.054922289092274305 0.056290169765585957 -0.11509794554949973 -0.088973321763054961 0.0055592220505137242
leaf_weight=8.9811135679483431 3.8113531097769719 4.8366020247340185 2.984247922897338 7.7996692657470703 16.230394430458549 3.7372927740216237 2.7373863309621811 2.5219952166080466 2.3223521187901497 12.493241660296915 4.0517694056034079 7.0944796428084373 10.495802834630011 3.2018957510590544 3.9637492522597295 26.316528372466564 5.5472127795219421 2.7239646464586258 9.699186630547052 2.6349266022443762 4.4075112044811267 10.431016989052294 4.2880757451057434 2.492531806230545 4.4688739851117125 2.3026612773537636 4.7721843048930159 9.4238863959908468 79.703247338533401 3.9910678192973128
leaf_count=80 27 34 17 63 138 28 21 19 20 119 28 63 109 26 33 242 49 25 88 20 38 99 39 24 40 19 39 88 733 32
internal_value=2.65358e-05 0.0775932 0.043786 0.0712784 -0.0803222 -0.0542803 -0.0184196 -0.0817049 -0.0529751 0.0816041 0.0849455 0.0504922 0.0871203 -0.0850192 0.0835721 0.0799967 0.0510964 0.0123904 0.0849205 0.0643483 0.0923775 0.0737435 0.0437451 -0.000783885 0.0793263 0.0428454 0.0958195 -0.0866164 -0.0839303 -0.0640529
internal_weight=270.466 137.616 14.5953 11.611 132.851 20.3001 8.79703 11.5031 6.05964 123.02 111.089 11.9311 107.037 112.55 94.5442 84.0484 12.2349 6.68771 71.8135 19.1056 52.7078 26.3913 11.1881 6.90004 16.4707 6.77154 15.2032 109.349 99.9247 20.2215
internal_count=2400 1215 107 90 1185 168 69 99 48 1108 1011 97 983 1017 864 755 107 58 648 167 481 239 101 62 147 59 138 991 903 170
is_linear=0
shrinkage=0.1


Tree=17
num_leaves=31
num_cat=0
split_feature=7 9 4 8 8 8 4 7 9 6 0 8 2 6 0 0 9 2 0 0 7 8 2 7 1 0 9 2 2 8
split_gain=146.029 2.19534 1.61535 2.81142 2.22674 1.68917 1.54952 1.81936 1.94757 1.91007 1.39181 1.24132 2.59446 1.7741 1.95125 1.55912 1.47166 1.42544 1.08465 2.79495 2.53436 1.35723 2.30686 1.24434 1.80687 1.93087 2.55659 1.01716 1.42953 1.53195
threshold=19.403494691380779 1.1197002837462617 3180.4459938406503 4.4335643096366839 2.8409139949842404 2.9856179726436083 3062.4592626946369 10.748913625714858 1.068880916507601 13.938432095826162 1.388530403838957 5.6307975650039728 0.048837130913788461 251.58549955833516 2.1336191155922863 2.6928570163138401 25.490597781912079 0.079480690728204365 1.9414456288202044 1.8562618548653698 257.86823597773781 3.4516074940440089 0.075017706788646166 251.37321900540465 19.500000000000004 1.4054548708436327 16.136484018247994 0.05305368547458076 0.05205605644004966 0.12983453850516083
decision_type=2 2 2 2 2 2 2 2 2 2 2 2 2 2 2 2 2 2 2 2 2 2 2 2 2 2 2 2 2 2
left_child=6 -2 3 -3 -4 -6 7 8 -1 10 -9 15 -13 -14 17 16 18 -15 19 23 -21 22 -20 24 25 -7 -27 28 29 -8
right_child=1 2 4 -5 5 11 27 9 -10 -11 -12 12 13 14 -16 -17 -18 -19 21 20 -22 -23 -24 -25 -26 26 -28 -29 -30 -31
leaf_value=-0.10179788118503866 -0.024733417229127339 -0.045683438818845831 0.11693637752579628 0.091973142208105541 0.0055077604778806175 0.11362770132399569 -0.11363448499480698 -0.012658083805185089 -0.0014261146554342364 0.050300803842850822 -0.11409046013962765 -0.0037737522245875851 0.10396975666862514 0.11455182893225453 -0.0025441020212334151 0.0080355598038013201 0.012927904109801526 0.027725152400079191 0.11364361472955507 -0.051569918361902015 0.080373221420873622 0.10947245981246022 -0.026109593390246651 0.11294998296403586 0.10218488579336188 -0.041396862353348968 0.081488584427245978 -0.090371933304524407 0.001675614026287552 -0.065748820336450561
leaf_weight=8.3087424486875552 2.1981765180826178 2.8838660493493071 13.438843071460722 3.0557137802243233 3.5067512094974509 2.6557951346039825 8.2577550783753377 3.7030321732163411 2.5193424075841895 2.8385754972696304 2.1314231604337692 5.4593658596277264 10.199990518391134 4.5734803825616819 4.7698306143283844 2.7000751346349707 2.6994775235652915 3.2234169766306877 2.6766110360622397 2.9825631827116004 2.8438351824879646 28.694170869886875 2.1139797046780586 12.378831572830675 9.9524329006671888 3.8107623904943466 3.0464665666222572 59.853273242712021 2.5840367898344985 34.986164182424545
leaf_count=80 16 19 145 22 27 26 81 28 19 21 20 40 99 43 34 21 18 26 26 26 25 291 19 125 104 34 29 595 26 315
internal_value=6.15668e-05 0.0743526 0.0760587 0.0251362 0.0785435 0.0737788 -0.0770082 -0.0511084 -0.0784446 -0.0169797 -0.049713 0.0760636 0.0581385 0.0729849 0.0478355 0.0826727 0.0854013 0.0786557 0.0881508 0.0765106 0.0128309 0.101246 0.0519737 0.0881617 0.0723979 0.0412351 0.0131976 -0.0817874 -0.0705756 -0.074893
internal_weight=255.047 129.864 127.666 5.93958 121.727 108.288 125.182 19.5011 10.8281 8.67303 5.83446 104.781 28.2261 22.7667 12.5667 76.555 73.8549 7.7969 71.1554 37.6707 5.8264 33.4848 4.79059 31.8443 19.4655 9.51302 6.85723 105.681 45.828 43.2439
internal_count=2400 1215 1199 41 1158 1013 1185 168 99 69 48 986 242 202 103 744 723 69 705 369 51 336 45 318 193 89 63 1017 422 396
is_linear=0
shrinkage=0.1


Tree=18
num_leaves=31
num_cat=0
split_feature=7 1 2 8 8 0 4 2 6 1 2 8 4 4 6 9 8 8 7 8 8 2 6 9 9 6 6 0 2 0
split_gain=126.377 2.39563 1.56153 2.01478 3.38768 1.9473 2.70491 1.45381 3.61268 3.65632 3.30156 2.50105 1.43084 3.18354 3.84296 2.12419 1.40819 1.91814 4.2349 1.2691 1.22474 0.959762 0.931378 0.924594 2.06591 0.990782 3.00375 3.16496 2.91755 2.07557
threshold=19.403494691380779 4.5000000000000009 0.047118662094049607 0.33615861193556584 0.31270556708743041 1.2970768690845171 3837.9746066040275 0.056135241807227003 227.17480116642091 22.500000000000004 0.046931939563164361 6.1195791336707783 3405.1774816567181 3305.2001346909233 12.141046147379225 1.1325483082241619 2.8409139949842404 3.197568827622169 262.39238732969045 4.2786250212724459 0.17822925836922532 0.062519382268304363 5.7898215604213119 18.908539926288825 18.310197558621166 258.37792918819599 241.994099355457 1.6791508790630145 0.08482906271821937 1.4324668859394414
decision_type=2 2 2 2 2 2 2 2 2 2 2 2 2 2 2 2 2 2 2 2 2 2 2 2 2 2 2 2 2 2
left_child=2 -2 3 4 5 6 -1 8 9 10 19 -10 13 15 -15 22 -9 18 -18 -3 -7 -19 -4 24 25 26 29 -28 -29 -23
right_child=1 7 12 -5 -6 20 -8 16 11 -11 -12 -13 -14 14 -16 -17 17 21 -20 -21 -22 23 -24 -25 -26 -27 27 28 -30 -31
leaf_value=0.037553581113645013 -0.034840348719097212 -0.017124182317636683 -0.030601112380309072 -0.086276371702880911 0.07119425049035262 -0.1135002172065806 -0.082611393487619755 0.11575268951351364 0.096367513534181104 0.11307826472477765 -0.093577511013098857 0.013035465090829446 -0.09052536478749762 -0.078455469903129446 0.085191454150299134 0.010810693036182829 0.088261501903625764 0.11296325995015566 -0.077773664004806189 0.080925815906014414 -0.046598648741452781 0.0044670631504466832 -0.097844829009121503 0.099275361797620906 -0.0098425954992855808 0.092573023354140749 0.11256280528766234 -0.06965256130014981 0.070094564529323583 0.099576239624945814
leaf_weight=4.4592146873474183 2.0944296047091475 2.7426771447062475 2.3265325278043845 13.369128324091433 2.5586040019989005 5.2396370023488981 3.2302387431263924 9.7100135236978513 17.461088836193088 2.6623487025499335 3.6503356546163559 4.5375785157084456 55.154196821153164 2.8610018342733374 2.8790337890386581 2.3232299089431754 3.9149480536580077 7.8963857367634764 2.5282378643751144 2.5450540035963058 5.7274220585823059 2.6821245625615182 17.965378224849701 13.403693959116934 3.065457046031951 18.868839278817177 2.4456503316760045 4.2658456265926361 2.2990999668836594 15.877706639468668
leaf_count=38 14 20 22 127 18 52 32 116 182 27 26 34 592 29 23 20 38 82 19 21 51 27 181 132 27 194 26 38 23 169
internal_value=9.78168e-05 0.0711916 -0.0737399 -0.0558713 -0.036711 -0.0515094 -0.0129262 0.0730337 0.0553673 0.0102116 -0.0204289 0.0791789 -0.0811399 -0.0628841 0.00362504 -0.0797651 0.0798597 0.075348 0.0231111 0.0300686 -0.0785616 0.0801015 -0.0901351 0.0759766 0.0696684 0.0749169 0.0628333 0.0154614 -0.0207119 0.0858318
internal_weight=240.745 122.652 118.094 34.5842 21.2151 18.6565 7.68945 120.557 33.5991 11.6004 8.93807 21.9987 83.5094 28.3552 5.74004 22.6151 86.958 77.248 6.44319 5.28773 10.9671 70.8048 20.2919 62.9084 49.5047 46.4393 27.5704 9.0106 6.56495 18.5598
internal_count=2400 1215 1185 318 191 173 70 1201 310 94 67 216 867 275 52 223 891 775 57 41 103 718 203 636 504 477 283 87 61 196
is_linear=0
shrinkage=0.1


Tree=19
num_leaves=31
num_cat=0
split_feature=7 1 4 4 9 8 4 7 8 8 8 7 8 0 7 2 4 9 0 0 7 8 2 7 1 0 9 7 2 7
split_gain=109.338 2.0957 1.51559 1.86759 2.39558 1.83725 1.42477 2.23461 2.11735 1.48011 1.26396 2.54806 1.59991 1.52771 1.4834 2.24747 1.90417 1.46534 1.13924 2.72122 2.02483 1.39702 2.33136 1.33974 1.80946 1.90364 2.3012 1.04668 1.02815 1.62246
threshold=19.403494691380779 4.5000000000000009 3062.4592626946369 2539.4363179862144 0.46263224146420517 0.33811521656661619 3180.4459938406503 256.48685995666347 2.8409139949842404 2.9856179726436083 5.6307975650039728 287.86606869151916 6.4389159292730511 2.6928570163138401 220.65580808851229 0.065632541193531513 4638.0022501910744 25.490597781912079 1.9414456288202044 1.8562618548653698 257.86823597773781 3.4516074940440089 0.075870445362979461 251.37321900540465 19.500000000000004 1.4054548708436327 16.136484018247994 11.768874527246856 0.05305368547458076 4.664415765621726
decision_type=2 2 2 2 2 2 2 2 2 2 2 2 2 2 2 2 2 2 2 2 2 2 2 2 2 2 2 2 2 2
left_child=2 -2 3 -1 27 -6 7 -3 -8 -10 13 12 14 17 -12 16 -16 18 19 23 -21 22 -20 24 25 -11 -27 -5 -4 -30
right_child=1 6 28 4 5 -7 8 -9 9 10 11 -13 -14 -15 15 -17 -18 -19 21 20 -22 -23 -24 -25 -26 26 -28 -29 29 -31
leaf_value=-0.11355590410660486 -0.032016762737767497 0.083591643644494548 -0.063891489507476917 -0.11107300024747771 0.045386702232392127 -0.045717963750576768 0.11394758818934275 -0.044145809894080124 0.0032229998515947524 0.11177221175062907 -0.0076264635896622973 -0.02383524992274736 0.1002119352198448 0.0015717171360388827 -0.046431724056919865 0.11260218299892447 0.076088695083557006 0.0061075439969019343 0.1115544070036765 -0.04804913802623105 0.073317418474587032 0.10685339142154522 -0.034456919832738832 0.11095431040511027 0.098599839921131513 -0.044864135611453117 0.076048522269809404 -0.022436874194720069 -0.030481617784109113 -0.090682726188557036
leaf_weight=3.1649772524833706 2.053455337882041 2.7577815949916831 41.369694977998734 3.6877224817872039 4.8294000253081304 4.0866375714540482 11.032329425215719 2.7205233573913574 3.432266727089881 2.3220922425389343 3.9778400585055413 3.8477437496185294 7.9506033882498732 2.5692016258835784 2.416077569127081 4.9380895718932152 2.6706397235393524 2.5662347301840773 2.4291954487562206 3.0481607168912879 2.5037824586033821 24.841245770454407 1.9888592213392255 10.79455868154764 8.6402305588126165 3.7280382886528969 2.7242218852043152 2.0858190506696701 4.9443116933107367 47.344153419137001
leaf_count=31 14 25 422 42 39 38 143 15 27 26 36 23 84 21 21 52 27 18 27 27 25 292 18 126 105 34 29 18 56 539
internal_value=0.000117485 0.0681081 -0.0705805 -0.0438795 -0.0288673 0.00362917 0.0699132 0.0201573 0.0724273 0.0677238 0.0700801 0.051229 0.0643855 0.0772163 0.0440435 0.0645461 0.0178942 0.0801795 0.0831958 0.070679 0.00668403 0.0976383 0.045825 0.0832741 0.0661163 0.0341294 0.00618664 -0.0790512 -0.0756707 -0.0849902
internal_weight=227.466 115.953 111.513 17.8546 14.6896 8.91604 113.9 5.4783 108.421 97.3891 93.9568 25.801 21.9533 68.1558 14.0026 10.0248 5.08672 65.5866 63.0204 33.7611 5.55194 29.2593 4.41805 28.2091 17.4146 8.77435 6.45226 5.77354 93.6582 52.2885
internal_count=2400 1215 1185 168 137 77 1201 40 1161 1018 991 243 220 748 136 100 48 727 709 372 52 337 45 320 194 89 63 60 1017 595
is_linear=0
shrinkage=0.1


Tree=20
num_leaves=31
num_cat=0
split_feature=7 1 2 8 8 1 6 5 7 2 6 1 0 8 9 4 4 6 9 6 7 6 6 6 9 9 8 6 4 4
split_gain=94.4192 1.8342 1.51941 1.90743 2.95099 3.23792 2.19152 4.3257 1.46941 1.66172 3.75981 3.03455 2.62919 3.77205 2.20019 1.43785 3.11913 3.29183 1.90283 1.2074 1.15242 1.09769 1.41236 2.02605 2.64346 3.01211 3.1242 4.2174 1.47593 2.12837
threshold=19.403494691380779 4.5000000000000009 0.047118662094049607 0.33615861193556584 0.087936903297056321 2.5000000000000004 14.536451089144528 3.5000000000000004 176.28089519445382 0.056135241807227003 227.17480116642091 21.500000000000004 1.90699847960742 6.1195791336707783 14.399791721185425 3405.1774816567181 3305.2001346909233 12.141046147379225 1.1325483082241619 16.350650878715644 271.85821232237055 181.07046424547079 241.994099355457 244.13396208197648 13.946655505929007 14.514094369071094 5.793780387859619 274.39917129324192 4168.7825726295014 4016.9505835081823
decision_type=2 2 2 2 2 2 2 2 2 2 2 2 2 2 2 2 2 2 2 2 2 2 2 2 2 2 2 2 2 2
left_child=2 -2 3 4 -1 6 7 -6 -3 10 11 14 -12 20 -10 16 18 -18 -4 -7 -14 -11 -23 -24 -25 -26 28 -28 29 -27
right_child=1 8 15 -5 5 19 -8 -9 9 21 12 -13 13 -15 -16 -17 17 -19 -20 -21 -22 22 23 24 25 26 27 -29 -30 -31
leaf_value=-0.11104545326315954 -0.0293817119988742 0.11993041560283609 -0.085148693575564455 -0.08060585502859674 0.12910723942382657 -0.1142167309092228 -0.040497534708986711 -0.02814145304469336 -0.097383602375053557 0.023129822893549236 0.11177252808381795 0.080331408802779142 0.09357291828734457 -0.069741146366595008 0.013314449101881102 -0.085440201721288356 -0.072043756509995949 0.084086776136317556 0.011242243791250432 -0.014449295535084464 -0.00088409788737921094 0.092851550759788265 -0.034365092195438846 0.099396862691195589 -0.063319428780320361 0.081781462752326672 0.074407535804935074 -0.12191692231653782 0.095684279418862483 -0.057935457022977914
leaf_weight=3.6607841178774896 2.0159016102552405 4.9821961373090735 17.967155657708652 11.950790233910082 3.604877673089506 3.2312592118978491 3.9310848712921143 3.3986841887235641 3.4706059843301791 4.2960649505257598 8.4465323537588137 2.949828177690506 5.6613561958074552 2.5223967209458351 3.7199499160051346 48.100233361124992 2.5326768085360518 2.8928123340010643 2.3114597648382178 1.9421267732977865 1.6734359189867971 27.519332110881805 2.0046108067035666 16.518022868782282 2.2288713529706028 2.93499323725701 2.3639951646327964 2.037078358232975 12.617381624877451 1.734740689396858
leaf_count=43 14 58 203 127 29 33 36 31 22 43 98 32 68 17 32 592 29 23 20 19 17 335 19 197 21 32 24 16 151 19
internal_value=0.00016181 0.0651247 -0.0673702 -0.0490665 -0.0300001 -0.0115814 0.0192574 0.0527977 0.0668939 0.064321 0.0437686 -0.00507744 0.0708296 0.035746 -0.0401153 -0.0752368 -0.0561432 0.0112034 -0.0741616 -0.0767633 0.0720225 0.0721938 0.0752067 0.0637652 0.0686301 0.0473814 0.058758 -0.0164631 0.0779083 0.0298786
internal_weight=215.221 109.697 105.524 31.7196 19.7688 16.108 10.9346 7.00356 107.681 102.699 28.4441 10.1404 18.3037 9.85719 7.19056 73.8043 25.7041 5.42549 20.2786 5.17339 7.33479 74.2551 69.959 42.4397 40.4351 23.9171 21.6882 4.40107 17.2871 4.66973
internal_count=2400 1215 1185 318 191 148 96 60 1201 1143 286 86 200 102 54 867 275 52 223 52 85 857 814 479 460 263 242 40 202 51
is_linear=0
shrinkage=0.1


Tree=21
num_leaves=31
num_cat=0
split_feature=7 6 0 0 7 4 4 7 6 9 8 0 5 9 9 9 9 9 9 9 6 4 6 6 7 0 0 7 7 0
split_gain=81.5061 1.66926 3.06824 2.53928 2.05453 1.48635 1.81241 2.27847 1.90107 1.88675 1.18371 1.1732 1.1048 1.06602 1.02388 1.09193 1.08618 2.53348 3.91394 4.77769 3.49489 1.98661 2.16712 4.5488 1.63877 1.49312 2.56992 1.36735 1.18743 1.01054
threshold=19.403494691380779 194.37747333596613 1.4324668859394414 2.1760639329260099 308.85432924836476 3062.4592626946369 2539.4363179862144 10.748913625714858 13.658064529744722 1.068880916507601 2.8409139949842404 2.162746469117391 5.5000000000000009 5.0258479369469793 1.4151001076023151 1.0986529835396419 0.012436866196756951 0.31982864951621798 0.23466102477840953 0.27700806396951588 20.127020521170092 4168.7825726295014 12.502191957281367 10.743101127292196 6.4734072737308734 1.1091399673399032 1.0368582511655238 11.768874527246856 11.318370241264338 1.9414456288202044
decision_type=2 2 2 2 2 2 2 2 2 2 2 2 2 2 2 2 2 2 2 2 2 2 2 2 2 2 2 2 2 2
left_child=5 2 -2 12 10 6 -1 9 -9 -8 -3 -6 -4 -12 15 16 -7 18 20 -20 24 25 23 27 -18 26 -19 -23 -21 -15
right_child=1 4 3 -5 11 14 7 8 -10 -11 13 -13 -14 29 -16 -17 17 21 19 28 -22 22 -24 -25 -26 -27 -28 -29 -30 -31
leaf_value=-0.11126186412731112 -0.056814399026507506 0.10749279246767668 0.11598099430147675 -0.025982350283070416 0.048403112764268216 -0.09498795035853734 -0.091249572374880239 -0.018714538554999941 0.095996307954580903 0.020353373249879243 -0.016378628063854737 -0.049496890178605646 0.0332413162346318 0.057269865307243012 -0.0083656082840757057 -0.11010443877460999 -0.0063797217294354995 -0.085796846275023375 0.12785233168494511 0.010333800239150129 0.070193433653734913 -0.11030846489484701 -0.081484211264998538 0.11881978844940244 -0.10980501158688083 -0.099432771202198594 0.060704325084923752 0.007820008568489736 -0.11057931079759178 0.080249835469051733
leaf_weight=2.7304072938859489 3.1741018965840331 7.884832937270402 4.6890658773481828 2.7222899422049522 2.715725675225257 12.568928420543669 5.326401371508835 4.0478814095258713 2.2465686127543449 2.1168672293424606 1.5096293538808812 2.2285427376627922 2.4607339799404144 39.233752157539129 2.6340026035904875 6.7888772673904887 1.9220595434308068 4.1246802881360081 2.8761492595076552 1.6522614881396296 1.6184113323688496 2.386143781244753 6.7796966731548309 2.1267915442585945 7.549621008336544 25.504115965217352 1.6871848702430723 1.6626331582665441 1.5974572747945783 37.356512628495693
leaf_count=31 27 126 49 25 25 155 67 37 17 16 17 16 25 455 26 88 24 52 31 20 17 30 86 22 97 312 18 19 20 450
internal_value=0.000177644 0.0621621 0.0287114 0.0562099 0.0669615 -0.0643049 -0.0368487 -0.0220589 0.0222272 -0.0595097 0.0705661 0.00427639 0.0875046 0.066838 -0.0697213 -0.0717203 -0.0682016 -0.062726 -0.0301752 0.033979 -0.0656123 -0.0753842 -0.0424494 0.00040399 -0.0888172 -0.0890092 -0.0432675 -0.0617989 -0.0491032 0.0684782
internal_weight=203.922 103.975 13.0462 9.87209 90.929 99.9471 16.4681 13.7377 6.29445 7.44327 85.9847 4.94427 7.1498 78.0999 83.479 80.845 74.0561 61.4872 17.216 6.12587 11.0901 44.2712 12.9553 6.17557 9.47168 31.316 5.81187 4.04878 3.24972 76.5903
internal_count=2400 1215 126 99 1089 1185 168 137 54 83 1048 41 74 922 1017 991 903 748 209 71 138 539 157 71 121 382 70 49 40 905
is_linear=0
shrinkage=0.1


Tree=22
num_leaves=31
num_cat=0
split_feature=7 2 8 6 7 7 2 8 8 8 8 2 4 4 9 9 2 7 9 8 8 6 9 9 8 4 8 8 1 4
split_gain=70.1341 1.6862 2.37101 2.5115 2.1222 2.05319 1.51029 1.73759 4.84439 1.80652 3.13731 2.88525 1.4009 2.86836 2.63557 1.69146 1.66035 1.22498 2.89392 2.24833 2.72504 4.34723 3.79178 1.72725 3.34395 1.50786 1.85283 3.36097 1.96189 1.51511
threshold=19.403494691380779 0.04770695083664226 6.1195791336707783 241.994099355457 224.94836116209174 269.83806874595905 0.047118662094049607 0.33615861193556584 0.31680755009133649 0.087936903297056321 0.15091489404433442 0.03470832205685976 3405.1774816567181 3305.2001346909233 0.30435179648421135 0.89445032515720158 0.071721226706008667 250.34578171404902 21.647116059851388 3.9861051717613827 2.8409139949842404 258.37792918819599 15.250000523314617 17.463870337884654 5.793780387859619 5871.2868177366354 4.6703360822756013 4.9561720720210198 15.500000000000002 5378.2855068176023
decision_type=2 2 2 2 2 2 2 2 2 2 2 2 2 2 2 2 2 2 2 2 2 2 2 2 2 2 2 2 2 2
left_child=6 2 3 4 -2 -6 7 8 9 -1 -11 -12 13 15 -15 -8 -17 25 19 20 -19 22 -22 -21 -25 26 -3 -28 -29 -30
right_child=1 17 -4 -5 5 -7 12 -9 -10 10 11 -13 -14 14 -16 16 -18 18 -20 23 21 -23 -24 24 -26 -27 27 28 29 -31
leaf_value=-0.10937474206521403 -0.052897321715291934 0.086600516167128938 -0.054871092648746934 0.094924449116286433 0.11343779822919781 -0.023324128796723506 -0.088263537956868476 -0.074671711702693613 0.12319589031885059 0.072082383730648042 0.045592469044140133 -0.078062089557562872 -0.080616165990371955 0.093687912511063287 -0.048972436242328214 -0.059280433857797424 0.061273882411337605 0.1087688741089512 -0.039874984011542186 0.097694614885204839 -0.14853214247555341 0.083155868009900116 0.027464117181438083 0.087802326924034182 -0.070955231812655103 0.10669982498226796 -0.07580748808814608 -0.033599921968492118 0.084491628640643357 -0.025286315628647818
leaf_weight=3.1816498413682082 3.2290479913353938 19.080454550683498 2.7534723579883567 6.0616549029946327 2.5067870058119297 1.9529382511973379 12.988669410347944 10.584343757480381 1.9979663714766491 2.6409710384905329 2.4496208168566218 8.2152123413979989 42.266668476164341 2.3509518504142752 2.8831337913870811 3.6121936216950408 1.6708987317979334 2.7829027511179474 3.2108098156750193 14.652564637362959 2.5900418497621995 3.2927613668143749 2.3212845250964165 3.887509759515523 2.0141671970486641 11.555030923336743 2.1448046714067486 2.0177191682159892 11.463480878621338 1.4120958261191834
leaf_count=43 31 249 20 83 27 17 168 127 14 27 22 85 592 22 30 38 17 44 34 187 25 37 25 47 17 161 27 22 147 15
internal_value=0.000100984 0.0590067 0.0298305 0.0467916 0.00884482 0.053549 -0.0613433 -0.0423618 -0.0238618 -0.0416824 -0.025496 -0.0496597 -0.0697326 -0.0501626 0.0151052 -0.068859 -0.0211524 0.0648486 0.0505701 0.0597772 0.0232596 -0.00574592 -0.0653494 0.0792972 0.0336204 0.075257 0.0651978 0.0412296 0.0580843 0.072452
internal_weight=193.772 98.9295 16.5039 13.7504 7.68877 4.45973 94.8423 29.0698 18.4854 16.4875 13.3058 10.6648 65.7725 23.5058 5.23409 18.2718 5.28309 82.4256 34.752 31.5412 10.987 8.20409 4.91133 20.5542 5.90168 47.6736 36.1186 17.0381 14.8933 12.8756
internal_count=2400 1215 178 158 75 44 1185 318 191 177 134 107 867 275 52 223 55 1037 416 382 131 87 50 251 64 621 460 211 184 162
is_linear=0
shrinkage=0.1


Tree=23
num_leaves=31
num_cat=0
split_feature=9 7 0 7 9 4 8 8 0 7 2 0 6 6 1 7 7 8 1 8 9 8 4 1 7 0 0 8 7 8
split_gain=60.5176 2.12026 2.39792 2.88261 1.88432 1.449 2.2878 1.83019 1.41818 1.45284 1.25335 2.38097 1.16855 2.16919 2.14751 3.31889 2.80765 2.72924 2.65045 2.45787 1.63528 1.57114 2.80857 1.26361 2.20953 1.23846 1.14539 2.38744 4.00336 1.60606
threshold=2.3985643305075794 14.970109093673353 1.352685155268234 16.00388925756463 0.61352242270455681 3180.4459938406503 4.4335643096366839 2.8409139949842404 1.7642702733151541 11.943212140633483 0.050691979557194157 1.2788006659989271 14.048616029904656 13.719618064275702 2.5000000000000004 6.4734072737308734 9.877939451700799 0.42846952930312454 1.5000000000000002 0.32767532030168134 0.31982864951621798 0.14158354095981063 3807.9447743565825 3.5000000000000004 8.4618808623214505 1.6594051818755355 1.6560584696142218 3.197568827622169 262.39238732969045 5.6307975650039728
decision_type=2 2 2 2 2 2 2 2 2 2 2 2 2 2 2 2 2 2 2 2 2 2 2 2 2 2 2 2 2 2
left_child=1 8 -3 -4 -5 6 -2 -7 9 12 11 -11 13 14 15 18 -17 19 20 -18 -1 22 -14 -16 -25 -23 -9 28 -28 -29
right_child=5 2 3 4 -6 7 -8 26 -10 10 -12 -13 21 -15 23 16 17 -19 -20 -21 -22 25 -24 24 -26 -27 27 29 -30 -31
leaf_value=0.061748380038880495 -0.062998364580635582 -0.068012516078181678 0.088387942090552452 -0.09251996546316707 0.02767000701937385 0.10687207497418463 0.075141771351279807 0.078078606866196221 -0.1087203993975519 -0.1105830043216075 -0.1082286633897506 0.011239760344685198 0.038010716388185359 0.074119803653155861 -0.10934356707757367 -0.095520389775207312 -0.017002376083202451 -0.10802122027566954 0.12984066721043686 0.13495568202747096 -0.067598409808646273 -0.091430148827497115 -0.10760555051638748 0.035129758573258334 -0.10801758217749738 -0.0059145066110351148 0.068330466302531229 0.066454299576662754 -0.12311965412963018 0.029693963812508918
leaf_weight=1.7409377768635814 2.4563982710242263 6.4016553014516822 3.1743090376257879 2.6106346324086189 2.6070442199707031 7.8658141791820517 2.3418791778385639 18.460581507533789 6.2930265292525283 3.2980967164039638 9.7412974126636964 3.1239907182753086 3.2416735738515881 1.6061440780758847 6.4048006758093816 7.2386738434433919 3.1045789495110512 1.8558846190571783 2.019704669713974 1.619754586368799 2.2286718413233757 16.318157784640793 2.2396584525704384 2.0721540749073029 2.2481601238250732 1.8896348737180222 2.3294919878244391 38.766332626342773 2.0564243942499161 17.139834754168987
leaf_count=22 18 68 23 28 20 142 22 249 91 42 149 35 35 20 87 101 36 28 23 21 29 224 35 29 34 27 28 531 17 186
internal_value=0.00012359 -0.0566356 -0.0219162 0.0132474 -0.0324663 0.0579146 0.00442323 0.0608778 -0.0631965 -0.0592172 -0.0856187 -0.051323 -0.0515735 -0.0391526 -0.0451111 -0.0255965 -0.0525444 -0.00526807 0.0365793 0.035097 -0.0108712 -0.068425 -0.0214877 -0.0811525 -0.0393598 -0.0825552 0.0562839 0.0496106 -0.0214347 0.0551842
internal_weight=184.495 93.0786 14.7936 8.39199 5.21768 91.4168 4.79828 86.6185 78.285 71.992 16.1634 6.42209 55.8286 32.1395 30.5333 19.8082 13.8189 6.58022 5.98931 4.72433 3.96961 23.6891 5.48133 10.7251 4.32031 18.2078 78.7527 60.2921 4.38592 55.9062
internal_count=2400 1207 139 71 48 1193 40 1153 1068 977 226 77 751 430 410 260 186 85 74 57 51 321 70 150 63 251 1011 762 45 717
is_linear=0
shrinkage=0.1


Tree=24
num_leaves=31
num_cat=0
split_feature=7 9 4 8 8 0 4 9 0 9 8 2 7 6 2 6 9 0 9 6 9 0 4 0 6 4 7 9 9 7
split_gain=51.9423 1.81361 1.66277 2.62672 2.38169 1.50899 1.67204 2.0874 2.8142 2.24518 1.36368 1.44334 1.78324 1.72032 3.39891 1.47548 2.93754 4.67543 2.26533 2.14693 2.24978 4.80177 5.8857 1.94538 1.82965 1.57671 1.1908 1.14631 1.20119 1.28502
threshold=19.403494691380779 0.84180174422505905 3180.4459938406503 2.8409139949842404 4.3005281093398269 1.8239134722998742 3062.4592626946369 0.46263224146420517 1.352685155268234 0.7517219290368643 2.9856179726436083 0.088693504200889464 308.85432924836476 266.19754174124165 0.098363371080086956 258.37792918819599 18.310197558621166 2.1887615386419781 25.490597781912079 256.19073846196784 12.055628228316342 1.8709878184797097 5212.3887076834626 2.2823774152718719 192.23393074280202 5300.6070584954077 191.35449722076095 1.4151001076023151 1.0986529835396419 10.059672005831358
decision_type=2 2 2 2 2 2 2 2 2 2 2 2 2 2 2 2 2 2 2 2 2 2 2 2 2 2 2 2 2 2
left_child=5 -2 4 -4 -3 6 7 -1 9 -9 -5 12 15 -13 -15 18 -17 -18 19 20 21 22 -12 -23 25 -22 -26 28 29 -8
right_child=1 2 3 10 -6 -7 27 8 -10 -11 11 13 -14 14 -16 16 17 -19 -20 -21 24 23 -24 -25 26 -27 -28 -29 -30 -31
leaf_value=-0.071167205923494542 -0.067035101043690856 -0.065674905895494975 0.11215721199275155 -0.01381375520567737 0.073053379221988415 -0.1091375477757603 -0.042300218809234791 0.031573755474871262 0.068717516374646362 -0.11233995702419526 -0.20452733647515087 0.10909247592536134 -0.021942524477759708 0.10853157814864843 -0.090344730821235661 0.096169862997864425 0.082761694685409976 -0.097846277363698414 -0.08063810456552549 -0.064371748611412011 0.063885050600514831 0.10931196848236593 0.054404302464039815 -0.0039956842079392589 0.0070862592714995279 -0.066823583195484468 0.090863666074479738 0.012928775096614109 -0.10761762524496017 -0.071552072997442512
leaf_weight=5.0616077557206145 1.2386661320924748 2.6690348014235488 8.1299852803349477 2.9927524551749221 2.3073598705232143 4.9557190686464301 29.563461367040873 2.0058098062872869 4.1632633395493031 2.358942274004221 1.855152714997532 9.0195830985903722 3.3800907470285884 2.0943417288362975 1.4573345668613908 15.672125134617092 3.7830641418695441 2.3076675944030285 1.4878412261605252 1.68972523882985 2.0592216029763253 3.7708933018147945 1.6664219535887239 2.5331399142742157 1.8932624161243463 1.6723818182945249 16.334588315337896 2.1597387902438632 5.1199379824101916 30.522491544485092
leaf_count=68 11 19 147 27 23 73 420 21 39 26 19 130 29 32 19 235 55 24 12 21 25 53 21 31 25 20 237 22 83 433
internal_value=4.79601e-05 0.053132 0.0548087 0.0581437 -0.00135202 -0.0555717 -0.0522927 -0.0202952 0.00989874 -0.0462048 0.0523405 0.0550646 0.0486197 0.0858791 0.026928 0.0528243 0.0732662 0.0143326 0.0401 0.0454664 0.0513055 0.0115324 -0.0819999 0.0637817 0.0691017 0.00530574 0.082162 -0.0587475 -0.0611215 -0.0571596
internal_weight=175.926 90.0146 88.776 83.7996 4.97639 85.911 80.9553 13.5896 8.52802 4.36475 75.6696 72.6768 60.1056 12.5713 3.55168 56.7255 21.7629 6.09073 34.9626 33.4748 31.7851 9.82561 3.52157 6.30403 21.9595 3.7316 18.2279 67.3656 65.2059 60.086
internal_count=2400 1215 1204 1162 42 1185 1112 154 86 47 1015 988 807 181 51 778 314 79 464 452 431 124 40 84 307 45 262 958 936 853
is_linear=0
shrinkage=0.1


Tree=25
num_leaves=31
num_cat=0
split_feature=8 7 0 4 4 2 6 8 6 1 8 8 7 9 0 4 1 2 7 9 0 4 2 2 8 2 2 9 9 2
split_gain=44.5955 2.49823 2.47023 3.08373 2.59325 1.67527 3.29528 3.11631 3.07343 2.55338 1.90202 1.6525 2.96276 1.52566 1.32627 1.38386 2.51439 2.05969 2.36496 2.99802 3.53543 1.64342 1.59684 1.4396 3.23888 1.322 1.34068 1.75755 2.3299 1.19719
threshold=0.83920385299875833 14.970109093673353 1.2074327193630336 3394.8403380411983 4034.9863062998343 0.056135241807227003 227.17480116642091 7.1250762437070723 220.84187830101848 21.500000000000004 2.8409139949842404 3.197568827622169 262.39238732969045 19.241576672841834 1.7642702733151541 3794.8225795120688 1.0000000180025095e-35 0.03772063296543076 8.1190987013937601 0.96416310036132313 1.1933946963021624 2753.4870609927775 0.033600358695766358 0.051564391082909312 0.32767532030168134 0.062519382268304363 0.063043725548288063 18.908539926288825 18.310197558621166 0.067558432443885166
decision_type=2 2 2 2 2 2 2 2 2 2 2 2 2 2 2 2 2 2 2 2 2 2 2 2 2 2 2 2 2 2
left_child=1 14 -3 -4 -5 6 8 13 9 -2 -7 12 -12 -8 15 16 -1 22 19 20 -19 -20 -18 24 -23 -13 -27 28 29 -28
right_child=5 2 3 4 -6 10 7 -9 -10 -11 11 25 -14 -15 -16 -17 17 18 21 -21 -22 23 -24 -25 -26 26 27 -29 -30 -31
leaf_value=-0.1089820670087091 -0.020440834863254691 -0.083912896529988387 0.1127714988438108 -0.085388452149945462 0.032520491881758415 0.1196962432457879 0.091814037268207749 -0.081860888139546284 -0.12815979552394274 0.11026202803936154 0.073577095382165114 0.10849173459798239 -0.076102579222280101 0.01057308646986398 -0.10711074466730908 -0.072891569629884898 -0.023874410544250518 0.05303905922376137 0.012571885505130834 0.077857198619577198 -0.078894101548651896 -0.10936843300473548 0.10222249317736083 -0.09864427082420886 0.049253133665368126 -0.045697768474732392 0.10748588261286261 0.098206269676819141 -0.047405136143412713 0.047912517665414697
leaf_weight=5.0573386140167704 5.9146405979990977 3.5276070684194556 2.3804107792675477 3.2440695613622665 4.3888615965843201 5.0342388674616805 10.635050758719442 1.4134230241179455 1.9296996891498563 2.0001148395240307 2.7815209031105033 5.2713203169405451 2.5209736824035645 2.9535375349223605 5.2679808773100367 25.936131708323956 2.2063202895224086 2.9844266586005705 2.3395841531455543 3.0203196182847014 6.3585740923881531 2.7127413190901271 1.843308128416538 10.449696652591227 2.4497498944401741 1.2718115597963322 3.8533491790294674 8.8195264637470228 2.3769518621265879 27.07921702042222
leaf_count=74 53 41 18 36 45 111 159 11 17 28 38 82 19 43 91 426 27 39 26 31 87 38 22 170 32 17 64 127 26 402
internal_value=0.000124137 -0.0512987 -0.0119524 0.0133986 -0.0175919 0.0517382 0.0299559 0.0594568 -0.0150007 0.0125887 0.0609099 0.0554269 0.00241464 0.074156 -0.0588425 -0.054952 -0.0431493 -0.033461 -0.0424089 -0.00875244 -0.0367508 -0.065588 0.0335223 -0.0773007 -0.034098 0.0612022 0.0554585 0.0585123 0.0480023 0.0553337
internal_weight=168.022 84.1671 13.5409 10.0133 7.63293 83.8554 24.8465 15.002 9.84446 7.91476 59.0089 53.9747 5.30249 13.5886 70.6262 65.3582 39.4221 34.3647 30.3151 12.3633 9.343 17.9518 4.04963 15.6122 5.16249 48.6722 43.4009 42.129 33.3095 30.9326
internal_count=2400 1203 140 99 81 1197 311 213 98 81 886 775 57 202 1063 972 546 472 423 157 126 266 49 240 70 718 636 619 492 466
is_linear=0
shrinkage=0.1


Tree=26
num_leaves=31
num_cat=0
split_feature=7 2 8 6 7 0 2 0 7 4 2 2 2 7 8 8 2 6 8 6 0 2 7 7 9 7 7 5 6 9
split_gain=38.2084 1.50729 1.94722 2.17123 2.11283 1.47367 1.4714 2.63148 2.87683 2.28221 3.43403 1.58603 2.73664 1.5199 3.54834 4.34409 2.3241 2.34813 1.50252 1.32407 2.29041 2.66585 1.30933 1.2457 1.98803 1.19508 2.89383 2.84646 2.70747 1.80023
threshold=19.403494691380779 0.04770695083664226 6.1195791336707783 241.994099355457 210.98896164081609 1.8239134722998742 0.047118662094049607 1.5743622177824677 10.451763374399196 3630.1974358268644 0.043942307506218158 0.050558338100875712 0.051564391082909312 8.1190987013937601 0.52606361106063815 0.061895985898733553 0.083690987006588127 5.7898215604213119 0.14528402897627063 13.938432095826162 1.3700009723233864 0.067133277672369526 275.51662055815547 7.8317177017377899 0.49239511330110536 250.34578171404902 255.7505959432913 5.5000000000000009 181.07046424547079 17.38344282468783
decision_type=2 2 2 2 2 2 2 2 2 2 2 2 2 2 2 2 2 2 2 2 2 2 2 2 2 2 2 2 2 2
left_child=5 2 3 4 -2 6 7 9 -9 10 23 -8 -13 14 15 -14 17 -15 -11 -19 -21 -22 -6 -1 -25 -3 27 -27 -28 -30
right_child=1 25 -4 -5 22 -7 11 8 -10 18 -12 12 13 16 -16 -17 -18 19 -20 20 21 -23 -24 24 -26 26 28 -29 29 -31
leaf_value=-0.11010530458410675 -0.080861179017312573 0.065460724517770408 -0.058885237359952963 0.088297590354706773 0.079270385071263702 -0.10765285233434463 -0.1079082303362319 -0.028409460817512635 0.13561837238793398 0.0062594753197288168 0.083617177209894436 0.058107269086229998 0.089192293066891998 0.018437527059614423 0.097883767697884039 -0.072382352304303024 0.032852227477879963 -0.10758211796705414 -0.096966776445470207 -0.10734367383558836 -0.077783743751246692 0.070279427971294578 -0.028974943822186391 -0.076611976817817021 0.047500753483770898 0.04264024746109641 -0.058099405906145131 -0.15096042478535177 0.078998653878481234 0.021720473848636498
leaf_weight=2.1182949952781254 2.1938423030078393 38.666348431259394 2.6662590354681006 4.7034242227673531 2.9215360023081303 4.1747668385505667 5.318425938487052 2.4087515212595454 1.9227667301893232 1.7343933880329112 2.8693904690444469 2.2193897552788249 1.9516537487506855 2.3073019497096601 1.8906124755740155 11.289573095738886 2.0486508831381789 13.556813985109331 7.5405034236609936 4.964399438351391 2.6970558427274227 2.2144567221403122 1.8096228949725626 2.7854731231927872 2.4048292711377144 1.5258490219712284 2.1521320603787926 1.5119608528912067 15.683863487094643 8.4400114826858026
leaf_count=27 23 621 20 83 36 73 88 31 19 27 28 30 23 35 26 183 31 231 107 87 44 35 16 33 27 25 19 22 242 108
internal_value=0.000104212 0.0477095 0.0181927 0.0358657 0.00025428 -0.0498427 -0.046592 -0.0260871 0.0444027 -0.0417828 -0.00908574 -0.0562574 -0.0501718 -0.0557708 -0.0302695 -0.0485675 -0.0696572 -0.0778159 -0.0776636 -0.0872935 -0.0594429 -0.0110264 0.0378676 -0.0454814 -0.0191067 0.0539162 0.0386884 -0.0537175 0.0493716 0.0589592
internal_weight=160.692 82.2748 14.2947 11.6284 6.925 78.4175 74.2427 23.7844 4.33152 19.4529 10.178 50.4583 45.1399 42.9205 15.1318 13.2412 27.7887 25.74 9.2749 23.4327 9.87591 4.91151 4.73116 7.3086 5.1903 67.9802 29.3138 3.03781 26.276 24.1239
internal_count=2400 1215 178 158 75 1185 1112 299 50 249 115 813 725 695 232 206 463 432 134 397 166 79 52 87 60 1037 416 47 369 350
is_linear=0
shrinkage=0.1


Tree=27
num_leaves=31
num_cat=0
split_feature=9 7 0 4 4 7 7 6 7 6 0 2 0 9 8 6 1 4 7 7 8 8 9 4 4 7 0 4 2 6
split_gain=32.7869 1.73012 2.01129 2.72771 2.71279 1.42843 1.39568 1.3861 2.59791 2.30995 1.36014 1.31435 1.85717 1.33646 1.25922 1.25902 2.25481 2.1573 2.02649 2.7818 3.17093 2.78245 2.60059 2.27138 3.96478 1.62191 2.78116 4.4718 2.85382 1.24755
threshold=2.3985643305075794 14.970109093673353 1.2074327193630336 3394.8403380411983 4249.2145098524379 308.85432924836476 11.943212140633483 194.37747333596613 275.51662055815547 188.18446143533211 1.7642702733151541 0.050691979557194157 1.2788006659989271 0.46263224146420517 2.8409139949842404 14.048616029904656 2.5000000000000004 3163.2402007369369 6.9474605121142279 9.0383893804348521 0.42846952930312454 0.19583057635939338 0.49239511330110536 3965.7387464918584 3468.6182793133453 7.3665892008774794 1.0926443109723576 3837.9746066040275 0.068333002983125071 261.79940345705444
decision_type=2 2 2 2 2 2 2 2 2 2 2 2 2 2 2 2 2 2 2 2 2 2 2 2 2 2 2 2 2 2
left_child=1 6 -3 -4 -5 7 10 8 9 -2 15 12 -8 -14 -9 16 18 -18 23 -20 21 -21 -23 24 -1 -17 27 -27 -28 -7
right_child=5 2 3 4 -6 29 11 14 -10 -11 -12 -13 13 -15 -16 25 17 -19 19 20 -22 22 -24 -25 -26 26 28 -29 -30 -31
leaf_value=-0.0037872995197520938 0.073555270704581913 -0.082266695324728217 0.10104616987305089 -0.075880610493134215 0.043553340479960206 0.040456517115682628 -0.10792039146754667 0.10452031757933133 -0.095324326192668174 -0.06251957782041126 -0.10592367485493917 -0.10625005467733153 -0.054589906014883699 0.073731516037118736 0.051128181550306774 -0.095241273771425411 0.018893634543460772 -0.092840841926117856 -0.10751692298787725 -0.058943244852440381 -0.10658646875997205 0.15776876037007373 -0.0032644087317236052 -0.054259557075455371 0.18292929804608826 0.13980578048625625 -0.09471506779252728 -0.10663392835265709 0.040840579935867864 -0.064919906292160351
leaf_weight=2.6465780548751416 5.1339095421135408 3.1640851199626914 2.4451818987727147 4.086367592215538 3.5573766566812992 2.4493226893246165 2.5491982400417319 4.7783584482967845 1.7775885090231893 1.6479656286537645 3.3812141567468634 8.1554318070411664 1.7175919488072398 1.5387498773634432 58.444919843226671 7.7306364960968521 2.2762583903968316 7.1738463714718819 3.3518726862967005 2.0119784735143167 2.0544806197285652 2.2174502499401569 1.8308997377753256 1.8634171448647974 1.9941255599260328 1.9123776331543916 7.0252687819302064 1.1972975917160509 1.9938524737954137 2.0755294747650623
leaf_count=35 67 40 18 46 35 26 42 126 18 21 69 164 23 19 917 127 30 128 57 32 39 29 26 30 24 21 119 22 32 18
internal_value=3.02006e-05 -0.0456171 -0.0127038 0.00911255 -0.0202964 0.0466155 -0.0523671 0.0500506 0.0122845 0.0404897 -0.0446524 -0.0803622 -0.0439958 0.00604702 0.0551635 -0.0402707 -0.0263833 -0.0659272 -0.00558881 -0.0308797 0.000775767 0.0371721 0.0849402 0.0389987 0.0764454 -0.0594456 -0.0366302 0.0449207 -0.0647479 -0.00787918
internal_weight=154.183 77.8755 13.253 10.0889 7.64374 76.3076 64.6225 71.7827 8.55946 6.78188 50.6616 13.961 5.80554 3.25634 63.2233 47.2803 27.4209 9.4501 17.9708 11.4667 8.11481 6.06033 4.04835 6.50412 4.6407 19.8594 12.1288 3.10968 9.01912 4.52485
internal_count=2400 1207 139 99 81 1193 1068 1149 106 88 820 248 84 42 1043 751 430 158 272 183 126 87 55 89 59 321 194 43 151 44
is_linear=0
shrinkage=0.1


Tree=28
num_leaves=31
num_cat=0
split_feature=8 7 7 9 7 7 7 9 1 1 9 1 9 4 8 8 6 6 4 0 7 2 0 4 1 6 0 8 9 8
split_gain=28.0253 2.95714 2.02734 2.81883 2.42833 1.48539 1.42654 2.88174 4.69795 1.41623 2.85347 2.46029 2.89808 2.66071 2.76942 4.87477 2.38281 2.67727 1.55313 1.31808 1.21695 1.43019 2.14851 1.17916 2.39707 2.3904 3.48186 2.35477 3.81784 2.59289
threshold=0.83920385299875833 338.04045305670599 14.970109093673353 1.1197002837462617 15.3875795730471 176.28089519445382 201.36848210928903 18.591238001832167 16.500000000000004 17.500000000000004 10.227573281437236 20.500000000000004 21.647116059851388 4920.559274148517 6.0817210095374188 3.9588530839358982 189.58962469967835 306.74264208089534 4796.6082580929451 1.7642702733151541 11.943212140633483 0.050691979557194157 1.2788006659989271 3794.8225795120688 1.0000000180025095e-35 9.3189114352628568 1.3158235970602592 0.3330031357601686 0.51897027815263164 0.23618630314786251
decision_type=2 2 2 2 2 2 2 2 2 2 2 2 2 2 2 2 2 2 2 2 2 2 2 2 2 2 2 2 2 2
left_child=2 5 19 4 -4 -2 7 8 -7 10 18 12 13 14 15 -11 -13 -18 -8 20 23 22 -22 24 -1 26 -26 28 -27 -30
right_child=1 -3 3 -5 -6 6 9 -9 -10 11 -12 16 -14 -15 -16 -17 17 -19 -20 -21 21 -23 -24 -25 25 27 -28 -29 29 -31
leaf_value=-0.10693379942553699 0.1106814991482848 -0.11011413264166187 0.054907041431930106 0.10182616844300255 -0.055204121830373057 -0.085440942800460523 0.052954710925352033 -0.10929424714736242 0.10699798977327964 -0.080348505014043864 0.088998354660178997 -0.030690234190416572 -0.09510027307166008 0.076622019248187859 -0.10733013694733601 0.086394171981992063 0.077456557460449216 -0.050722076703293664 -0.092749490403272503 -0.10560726329743596 -0.10712939772401867 -0.10570625603283411 0.02262555470082837 -0.060273333956122714 0.12885783586957386 -0.070465131036915429 -0.020683579712783187 -0.080279720322614864 0.0042572302025151356 0.14740584032781132
leaf_weight=3.3129832781851318 3.3856956996023646 1.2338621392846096 2.6734895929694158 1.9989393949508656 7.9840215109288692 1.9953808356076468 1.4830877818167238 1.7883551307022569 3.4828897956758738 2.8772492595016974 15.043170079588888 2.7379377894103554 2.3052083645015946 6.0935282018035641 2.1677514612674713 4.4884710535407066 21.793091334402565 1.7612151522189368 1.4437721725553272 4.1372160427272311 2.322770554572342 6.7897683195769787 2.8319887220859528 17.229422558099031 2.4755526818335083 5.0452095605433005 4.1961831860244274 7.0692727603018275 4.1807130798697472 1.8145430572330949
leaf_count=60 63 9 25 22 93 25 20 26 65 38 257 35 28 104 23 74 385 24 21 91 42 149 35 326 31 79 58 119 54 19
internal_value=-8.6575e-05 0.0434026 -0.0435866 -0.00714364 -0.0275822 0.0460028 0.0428502 0.000924509 0.0369049 0.0477487 0.0714214 0.0381296 0.00956951 0.0250098 -0.00797925 0.02126 0.0576085 0.0678723 -0.0189188 -0.051098 -0.0471601 -0.0755562 -0.0358429 -0.0396767 -0.0270454 -0.0163653 0.0348039 -0.0352163 -0.00636195 0.047583
internal_weight=148.143 74.0807 74.0621 12.6565 10.6575 72.8468 69.4611 7.26663 5.47827 62.1945 17.97 44.2245 17.9322 15.627 9.53347 7.36572 26.2922 23.5543 2.92686 61.4056 57.2684 11.9445 5.15476 45.3239 28.0945 24.7815 6.67174 18.1097 11.0405 5.99526
internal_count=2400 1197 1203 140 118 1188 1125 116 90 1009 298 711 267 239 135 112 444 409 41 1063 972 226 77 746 420 360 89 271 152 73
is_linear=0
shrinkage=0.1


Tree=29
num_leaves=31
num_cat=0
split_feature=8 7 7 9 0 8 8 8 7 7 9 8 6 9 0 2 9 0 7 7 1 9 4 6 1 8 0 9 9 8
split_gain=23.9151 2.39375 1.79466 2.25853 2.16742 2.66557 1.82201 2.34722 1.37365 2.84843 4.53632 1.55962 1.35344 2.20317 4.09509 4.12298 3.61207 1.5545 2.06887 3.47746 4.34551 2.81535 4.09159 2.76259 2.61375 1.67163 1.29012 1.20501 1.76911 4.36205
threshold=0.83920385299875833 338.04045305670599 14.970109093673353 1.1197002837462617 1.2074327193630336 0.42444068750903602 0.33054549831299956 0.20574242235385012 188.96744125829534 201.36848210928903 13.812050651342103 4.7588288016125047 228.94033021194039 12.055628228316342 1.5835506487913984 0.061642726319398905 24.868161257458844 1.6791508790630145 239.4110414973313 252.52647046003347 17.500000000000004 17.38344282468783 4402.9064974878829 312.93181339939343 20.500000000000004 5.7561920430368874 1.7642702733151541 0.012436866196756951 0.12156703110835322 0.38401460593168085
decision_type=2 2 2 2 2 2 2 2 2 2 2 2 2 2 2 2 2 2 2 2 2 2 2 2 2 2 2 2 2 2
left_child=2 8 26 4 -4 6 7 -6 -2 10 -10 -12 13 14 -11 -16 -15 -14 23 20 -20 -21 -23 -19 -22 -24 27 -1 29 -29
right_child=1 -3 3 -5 5 -7 -8 -9 9 12 11 -13 17 16 15 -17 -18 18 19 21 24 22 25 -25 -26 -27 -28 28 -30 -31
leaf_value=-0.081406057631987327 0.090348515312719424 -0.09322576985736121 -0.10963325647653799 0.089443467198899007 -0.066646186914933001 0.093976357949493328 -0.1148925551283909 0.088337025358275867 0.10767107877939593 -0.15274463788492898 -0.026473996252071915 -0.16716695961369185 0.094281550897339125 0.064500019303851616 -0.058211682437075744 0.10715083753961017 -0.11238608586917478 0.096376416020437894 0.10771663075512877 0.08574672765788878 -0.2093617480258898 -0.11875995752246027 0.10941237866422691 -0.076944571780588042 -0.024034072319172369 -0.031612271956047502 -0.10505437146634573 -0.061655829163565018 -0.044112957918491708 0.16325051328877296
leaf_weight=7.6277635507285586 5.7112149689346543 1.307307444512843 2.3661006726324549 2.0454786457121363 2.163113851100205 2.1696789972484112 1.9449762329459188 1.7824196293950079 1.4951923098415125 1.7371414192020918 1.4387589804828169 1.7417291924357412 8.4749267939478141 12.965958658605812 3.1286126784980297 2.9103767275810242 1.2672640532255162 9.8523671608418244 1.1896931175142551 8.4077756926417333 1.53818129375577 2.0398513823747626 2.3147158026695256 1.014310611411928 1.5061472617089746 1.3197513483464716 3.7622043229639521 2.1402810700237747 43.710399189963937 1.4442837461829183
leaf_count=145 108 9 34 22 28 18 21 17 27 16 24 20 177 221 29 55 11 199 21 145 19 21 41 14 27 13 91 39 767 21
internal_value=-5.9552e-05 0.0408456 -0.0410823 -0.00663282 -0.0254815 -0.000778443 -0.0356799 0.00336846 0.0433476 0.0391756 -0.0359863 -0.103522 0.0450655 0.0253651 -0.0174395 0.0214817 0.0487509 0.0565796 0.0456306 0.0251221 -0.0543421 0.0490144 -0.00541289 0.0801984 -0.117673 0.0582034 -0.0484035 -0.044523 -0.0385744 0.0289629
internal_weight=142.518 71.3613 71.1567 12.4718 10.4263 8.06019 5.89051 3.94553 70.054 64.3428 4.67568 3.18049 59.6671 22.0094 7.77613 6.03899 14.2332 37.6577 29.1828 18.3161 4.23402 14.0821 5.67432 10.8667 3.04433 3.63447 58.6849 54.9227 47.295 3.58456
internal_count=2400 1197 1203 140 118 84 66 45 1188 1080 71 44 1009 332 100 84 232 677 500 287 67 220 75 213 46 54 1063 972 827 60
is_linear=0
shrinkage=0.1


Tree=30
num_leaves=31
num_cat=0
split_feature=7 7 0 4 4 9 0 7 8 8 9 7 9 9 9 9 9 4 9 6 6 7 6 7 0 0 4 2 2 6
split_gain=20.4163 1.92631 1.42683 1.34248 1.96271 2.09726 1.88141 1.32614 1.17349 4.26896 1.43901 3.48017 1.34099 3.3632 4.50959 4.86189 3.6187 1.76973 2.22703 2.02881 3.66137 1.78445 1.62695 1.2122 1.51926 1.64776 2.14625 1.16132 2.57735 1.21178
threshold=19.403494691380779 338.04045305670599 1.8239134722998742 3062.4592626946369 2539.4363179862144 0.46263224146420517 1.352685155268234 11.768874527246856 0.12983453850516083 0.14158354095981063 0.27700806396951588 8.3587358915110173 0.012436866196756951 0.31982864951621798 0.23466102477840953 0.1036016948716804 0.26604322177864542 4168.7825726295014 1.4151001076023151 12.141046147379225 10.743101127292196 11.768874527246856 17.914402210797828 9.9255902319604292 1.3834961637605618 1.0778950517477852 3674.1278546357275 0.10399658976386587 0.10048892498146041 194.37747333596613
decision_type=2 2 2 2 2 2 2 2 2 2 2 2 2 2 2 2 2 2 2 2 2 2 2 2 2 2 2 2 2 2
left_child=2 27 3 4 -1 7 -7 -6 10 -10 11 -5 -11 14 15 -14 -16 18 23 20 21 -19 -21 24 25 -15 -27 28 29 -2
right_child=1 -3 -4 8 5 6 -8 -9 9 12 -12 -13 13 17 16 -17 -18 19 -20 22 -22 -23 -24 -25 -26 26 -28 -29 -30 -31
leaf_value=-0.1074296513897455 0.0083107715524916338 -0.079893938463412417 -0.10633538595494529 0.095718695185894098 -0.10569947830059041 -0.014502234274069737 0.093706731174932237 0.019469992696099843 0.16171233635517226 -0.088078450499271321 -0.10607807377259076 -0.10567718893671188 0.089093388514267902 -0.10693054198187602 0.20732101330722263 -0.10607181855937974 0.0043367855255291889 -0.10638664542102366 0.043908309050610141 -0.10712345439829603 0.16736611999143303 0.059615591472501644 0.022824257300150187 -0.10703150781989422 -0.10561690661587204 0.058154413316638245 -0.10532515715309083 0.1064603943197676 -0.096440696699573031 0.0460692329133204
leaf_weight=1.6257731616497029 10.047615317627786 1.3692909404635418 3.0573314279317847 1.4263174943625911 1.9677295535802826 2.9406275302171707 3.5423537269234657 1.4853880070149896 1.0626535788178433 5.3343606628477565 5.7939958907663822 2.1534942071884871 1.9676292762160281 1.6197136752307502 1.7771352864801886 3.6336758136749268 1.7364116385579107 1.4543079100549205 1.6049603298306454 2.7553662583231926 1.4098978377878664 1.1673296764492986 1.4815092403441665 8.2361943665891868 3.5226791109889746 2.8840699121356015 1.1129776276648042 2.5243323370814315 1.4091915078461159 55.165204148739576
leaf_count=27 119 9 73 19 41 36 33 17 14 111 123 46 28 29 19 74 29 31 15 56 19 17 28 163 75 38 24 52 23 1012
internal_value=3.41242e-05 0.0375571 -0.0396034 -0.0364003 -0.00557237 0.0110938 0.044624 -0.0518568 -0.043237 -0.0362126 -0.0752806 -0.0254343 -0.0412566 -0.0343881 0.0181945 -0.0375141 0.107005 -0.0519771 -0.0687974 -0.0133652 0.0374153 -0.0324713 -0.0616846 -0.0792079 -0.054134 -0.0218453 0.0126335 0.0398829 0.0373603 0.0402516
internal_weight=137.27 70.5156 66.7539 63.6966 11.5619 9.9361 6.48298 3.45312 52.1347 42.7609 9.37381 3.57981 41.6982 36.3639 9.11485 5.60131 3.51355 27.249 18.9806 8.26841 4.03154 2.62164 4.23688 17.3756 9.13944 5.61676 3.99705 69.1463 66.622 65.2128
internal_count=2400 1215 1185 1112 154 127 69 58 958 770 188 65 756 645 150 102 48 495 344 151 67 48 84 329 166 91 62 1206 1154 1131
is_linear=0
shrinkage=0.1


Tree=31
num_leaves=31
num_cat=0
split_feature=8 7 7 9 0 8 8 2 4 1 0 7 2 0 8 2 1 6 2 1 2 0 0 1 5 2 7 9 0 0
split_gain=17.3872 1.60326 1.42555 1.83905 1.87599 2.01225 1.3646 1.40285 1.33441 1.25823 1.23703 1.19217 1.47975 2.01895 1.17763 1.17059 1.66763 1.63933 1.29874 4.93761 3.87426 2.52843 3.96062 2.36114 2.79464 3.11379 2.29773 1.90686 1.76537 4.3818
threshold=0.83920385299875833 338.04045305670599 14.970109093673353 1.1197002837462617 1.2074327193630336 0.42444068750903602 2.8409139949842404 0.05305368547458076 3503.0629443205294 1.5000000000000002 1.7642702733151541 11.943212140633483 0.050691979557194157 1.2788006659989271 2.9856179726436083 0.088693504200889464 13.500000000000002 281.61514747350526 0.075870445362979461 26.500000000000004 0.07673208737120786 1.7196129696857454 1.6403251390473652 23.500000000000004 5.5000000000000009 0.044848267395101553 241.04019028221077 21.647116059851388 1.7244474251343458 1.8809987665216028
decision_type=2 2 2 2 2 2 2 2 2 2 2 2 2 2 2 2 2 2 2 2 2 2 2 2 2 2 2 2 2 2
left_child=2 6 10 4 -4 8 7 -2 -6 -10 11 -1 13 -13 -8 16 -16 -17 23 20 -20 22 -22 24 25 26 -18 -27 -26 -30
right_child=1 -3 3 -5 5 -7 14 -9 9 -11 -12 12 -14 -15 15 17 18 -19 19 -21 21 -23 -24 -25 28 27 -28 -29 29 -31
leaf_value=-0.03192847021277307 0.0061789551702875409 -0.069092734951872126 -0.10836868174609622 0.081243005615345767 0.040620876105993839 0.079153433496866835 -0.032170165164158084 0.12147086809233246 0.0050850850322696622 -0.11156104368037607 -0.10418520701727137 -0.10614887508988231 -0.10483558207673116 0.026969490998473195 0.10651838560448322 0.085684774470925165 -0.11047974848086206 -0.0333650352635372 -0.11654480223698382 -0.18676650197373082 0.056320429697438328 0.089158862264362565 -0.18757412657161843 0.091645554957232367 0.043856250314808914 0.096629990403012608 0.056163391849023525 -0.030603310842621852 -0.14354941627978385 0.0095312159233849614
leaf_weight=40.72085253149271 1.4897696822881688 1.4219651147723187 2.0424816757440549 2.0416000708937636 1.710468456149101 2.2468986064195633 2.5727042555809012 3.6196273807436228 1.5292988419532778 2.3392509538680315 3.1494278330355874 1.9561554733663777 5.5825348775833845 2.7285014316439629 2.7288920991122714 8.2170459963381273 1.7175531126558792 1.3461580350995053 1.7150421328842629 1.2978801578283299 1.9858258180320247 5.4109232127666473 1.0016716308891771 6.1980402730405322 4.2835038118064412 9.3955442104488593 1.5965356081724165 1.346768271178006 2.6093937866389734 6.5978566166013479
leaf_count=746 28 9 34 22 16 18 27 114 18 32 91 42 149 35 55 160 20 26 22 16 39 104 16 127 68 184 26 16 32 108
internal_value=-0.000123122 0.0359504 -0.0364726 -0.00515009 -0.0230233 -0.000749075 0.0382437 0.0878547 -0.0329291 -0.065449 -0.0433634 -0.0396065 -0.0700587 -0.0286163 0.0340205 0.0369847 0.0306056 0.0689268 0.026018 -0.00314539 0.0204191 0.0483885 -0.0254545 0.03588 0.0233329 0.0545366 -0.0302008 0.0806787 -0.0091791 -0.0338528
internal_weight=132.6 66.5527 66.0475 11.91 9.8684 7.82592 65.1307 5.1094 5.57902 3.86855 54.1375 50.988 10.2672 4.68466 60.0213 57.4486 47.8854 9.5632 45.1565 11.4113 10.1135 8.39842 2.9875 33.7452 27.5472 14.0564 3.31409 10.7423 13.4908 9.20725
internal_count=2400 1197 1203 140 118 84 1188 142 66 50 1063 972 226 77 1046 1019 833 186 778 197 181 159 55 581 454 246 46 200 208 140
is_linear=0
shrinkage=0.1


Tree=32
num_leaves=31
num_cat=0
split_feature=8 7 7 4 4 9 9 6 0 8 4 6 2 2 2 8 2 9 0 0 7 9 8 0 9 9 6 6 9 1
split_gain=14.7695 1.39064 4.08373 1.47308 2.44667 6.48361 2.50286 5.68795 2.31714 3.63618 1.79755 1.98584 4.67593 3.01344 5.58396 2.55968 2.02347 1.80291 1.68743 1.67621 1.57887 1.27209 1.46181 3.14754 1.39798 4.68609 3.97681 2.5776 2.36337 2.11217
threshold=0.83920385299875833 188.96744125829534 191.35449722076095 5529.6476218713551 5300.6070584954077 13.385417528471809 8.8466267672804282 244.92739675726412 2.3063116190780772 4.8657238781012557 5013.705141662168 298.64490603711619 0.079480690728204365 0.056135241807227003 0.052314490837237958 6.2158039132405065 0.076074242703465411 18.74739977224117 2.2823774152718719 1.9614475943959808 251.37321900540465 0.012436866196756951 0.20315723402742705 1.3341212815617463 0.27700806396951588 0.23466102477840953 20.269096406171347 9.0739048963443398 0.46263224146420517 4.5000000000000009
decision_type=2 2 2 2 2 2 2 2 2 2 2 2 2 2 2 2 2 2 2 2 2 2 2 2 2 2 2 2 2 2
left_child=21 -2 -3 4 6 -6 7 -4 -5 -10 11 13 -13 14 15 -8 -15 18 19 20 -18 22 23 -1 25 26 27 -23 -26 -30
right_child=1 2 3 8 5 -7 10 -9 9 -11 -12 12 -14 16 -16 -17 17 -19 -20 -21 -22 24 -24 -25 28 -27 -28 -29 29 -31
leaf_value=0.08890780040662824 0.084491058562132501 -0.17378834369813109 -0.13236898625956817 0.078121665113466382 0.10606675761784118 -0.17368182998858278 0.072991443510870488 0.10560861688942956 0.070568504221740491 -0.12378710185332975 0.10625040324292317 0.056905399962443676 -0.19234794486774803 0.096313190701035015 -0.14826903195768662 -0.081588829086982742 0.0561110912369207 0.10752133202993852 -0.089646652839695015 0.10591604034098848 -0.069292403900341609 0.024291749730293646 -0.10562626456253872 -0.10755929977382912 -0.083838606343657529 0.11136661761173219 0.13446233173782249 -0.10610371018471505 -0.031997332637855154 0.06320582488730242
leaf_weight=1.4783612675964817 4.9853921458125106 0.97195912525057693 2.6494999006390563 13.005672829225661 1.409980617463588 2.0088261850178242 4.7838136795908266 1.6174870710819957 2.3490182179957624 1.6309718023985622 3.5677267089486113 1.8527202364057296 1.2675671409815548 9.0018227603286523 2.1661757826805115 1.3802992664277551 1.9992945306003074 2.3214876540005207 1.4638523310422895 1.9615727066993711 2.0167262647300959 2.2249071523547155 4.8879009056836367 1.8184808529913423 8.5579952225089055 2.9375484082847825 1.1726701389998195 4.7576557453721762 33.506910169497132 2.5045678392052642
leaf_count=25 108 9 31 270 29 27 89 39 42 22 78 32 16 187 22 12 42 45 23 45 29 40 116 37 179 36 15 106 605 44
internal_value=-2.40448e-05 0.0337611 0.0295053 0.0328856 0.0227258 -0.0583082 0.0300067 -0.0421588 0.0576897 -0.00907705 0.0391216 0.0311952 -0.0443498 0.0398951 -0.0101577 0.038377 0.0621151 0.0305831 0.00658089 0.030146 -0.00686282 -0.0341081 -0.0709182 -0.01946 -0.0286954 0.00307107 -0.0359374 -0.0645548 -0.0366017 -0.025376
internal_weight=128.259 64.4119 59.4265 58.4545 41.4689 3.41881 38.05 4.26699 16.9857 3.97999 33.7831 30.2153 3.12029 27.095 8.33029 6.16411 18.7648 9.76293 7.44145 5.97759 4.01602 63.847 8.18474 3.29684 55.6623 11.0928 8.15523 6.98256 44.5695 36.0115
internal_count=2400 1197 1089 1080 746 56 690 70 334 64 620 542 48 494 123 101 371 184 139 116 71 1203 178 62 1025 197 161 146 828 649
is_linear=0
shrinkage=0.1


Tree=33
num_leaves=31
num_cat=0
split_feature=7 0 4 7 4 7 6 6 2 8 1 4 4 6 8 1 6 2 8 7 0 4 6 2 0 9 9 6 7 7
split_gain=12.6462 1.36602 1.26008 2.38361 1.24761 1.74951 1.81609 1.28233 1.39458 1.23945 1.73394 1.22143 2.79507 3.25797 2.65762 2.26449 2.99589 3.44351 4.77121 4.35748 2.48753 1.42316 2.4409 1.33027 2.46461 1.29285 3.47944 4.50079 1.13575 1.34679
threshold=19.403494691380779 1.8239134722998742 3180.4459938406503 267.42307374525632 3062.4592626946369 10.748913625714858 9.3189114352628568 13.938432095826162 0.061947216219144959 2.8409139949842404 4.5000000000000009 3305.2001346909233 3405.1774816567181 12.141046147379225 0.55835400755043885 2.5000000000000004 14.536451089144528 0.043752020983419508 0.27352588282639839 6.9474605121142279 1.4194436969288675 4311.8810680736997 17.914402210797828 0.070484810743068019 1.3700009723233864 0.56130939028826365 0.30922883273202179 12.141046147379225 176.28089519445382 201.36848210928903
decision_type=2 2 2 2 2 2 2 2 2 2 2 2 2 2 2 2 2 2 2 2 2 2 2 2 2 2 2 2 2 2
left_child=1 4 3 -2 5 6 -1 8 -7 10 -4 14 13 -13 -6 16 17 18 -14 20 -19 -17 -23 -18 -25 26 -21 -28 -11 -30
right_child=2 -3 9 -5 11 7 -8 -9 -10 28 -12 12 15 -15 -16 21 23 19 -20 25 -22 22 -24 24 -26 -27 27 -29 29 -31
leaf_value=0.041198546700583233 0.050410535316476296 -0.10548984241005455 -0.013162067785038326 -0.10495313523454562 -0.1062769235521067 -0.057623607691861714 -0.080470266616027353 0.10382951060398322 0.072313723894904494 0.10480072913725243 0.11183561961845226 -0.057844164594933717 0.17289136209808381 0.11055854022937812 0.064333146025022464 -0.10527201188196378 -0.092626030682528129 0.14903286512725597 -0.032144780976261417 -0.10505584642533933 -0.030827283749341912 -0.071828199957997399 0.12269933502577471 -0.10466615754164532 0.13078552879041455 -0.10632915847925335 0.1736596944520237 -0.108434561919376 -0.017378057381747452 0.032972802908781094
leaf_weight=1.8631344679743032 2.0733209289610381 2.4778337664902201 1.5063132047653187 1.88556832075119 5.3466658201068631 1.7664028406143191 3.5921156499534845 2.0438246913254261 1.5514741856604812 1.9564137160778035 4.2155133970081806 1.9424189962446679 2.3840594384819331 2.8118087314069271 1.1010498963296411 6.9312331862747651 6.6470665726810676 1.8473012261092656 2.1660864949226379 2.7916719373315555 1.3172767721116541 2.9116593841463332 0.82860950380563725 0.95844742842018582 0.82919575273990631 3.8268814776092768 1.4044097289443018 0.9469437114894389 6.0007502119988194 46.306499559432268
leaf_count=26 30 73 12 12 114 23 67 19 19 50 143 35 27 27 17 169 149 25 34 69 28 70 14 25 18 89 27 21 104 864
internal_value=7.62405e-05 -0.0327825 0.0310558 -0.0235872 -0.0296661 0.000953653 -0.0389167 0.0415196 0.00313645 0.0346621 0.0789291 -0.0367142 -0.0302851 0.0417548 -0.0771425 -0.0398544 -0.0234596 0.00109519 0.0752844 -0.026724 0.0741649 -0.0784458 -0.0287331 -0.0720311 0.00454777 -0.0623175 -0.0295689 0.0600539 0.0299944 0.0271965
internal_weight=124.232 60.2876 63.9444 3.95889 57.8097 10.817 5.45525 5.3617 3.31788 59.9855 5.72183 46.9928 40.5451 4.75423 6.44772 35.7908 25.1193 16.6846 4.55015 12.1345 3.16458 10.6715 3.74027 8.43471 1.78764 8.96991 5.14303 2.35135 54.2637 52.3072
internal_count=2400 1185 1215 42 1112 154 93 61 42 1173 155 958 827 62 131 765 512 320 61 259 53 253 84 192 43 206 117 48 1018 968
is_linear=0
shrinkage=0.1


Tree=34
num_leaves=31
num_cat=0
split_feature=8 7 7 9 1 7 1 9 4 1 6 9 4 8 8 7 4 0 8 0 9 9 8 0 9 9 6 6 9 0
split_gain=10.7513 1.2704 1.88349 2.48752 2.57339 1.2754 1.60178 3.01891 4.20153 2.27663 2.69324 2.15308 2.68493 2.16321 3.44114 2.00767 1.79075 1.23789 3.3541 4.23562 1.69243 1.1929 1.39806 2.62175 1.22872 3.6751 3.04536 2.34883 2.19589 1.77975
threshold=0.83920385299875833 188.96744125829534 201.36848210928903 18.591238001832167 16.500000000000004 217.2818651362758 17.500000000000004 13.647763293669925 4972.3822203655791 20.500000000000004 189.58962469967835 21.647116059851388 4920.559274148517 3.7779694929581633 6.0817210095374188 312.91206582514309 3595.0387771508799 1.9414456288202044 4.4966702971685404 1.6560584696142218 14.123146432299107 0.012436866196756951 0.20315723402742705 1.3341212815617463 0.27700806396951588 0.23466102477840953 20.269096406171347 9.0739048963443398 0.46263224146420517 1.6643575268094117
decision_type=2 2 2 2 2 2 2 2 2 2 2 2 2 2 2 2 2 2 2 2 2 2 2 2 2 2 2 2 2 2
left_child=21 -2 3 4 -3 -4 7 8 -7 11 -11 12 13 -8 16 17 -15 18 -12 -20 -21 22 23 -1 25 26 27 -23 -26 -30
right_child=1 2 5 -5 -6 6 9 -9 -10 10 15 -13 -14 14 -16 -17 -18 -19 19 20 -22 24 -24 -25 28 -27 -28 -29 29 -31
leaf_value=0.075062469654500391 0.080704155391126964 -0.078840606588048687 0.074419587444727445 -0.14418701169228582 0.10535637996271419 0.076577746933585947 -0.12467527890737262 0.094615713808907889 -0.11385688321966454 -0.06799404295750941 0.10667043984232544 -0.1091483495301767 0.063066860924777132 -0.027744497798854947 -0.10873352141727653 -0.057711035601571647 0.10657772722820014 0.092458280125835623 0.10612390491110989 -0.18110687350502883 -0.023809183827492673 0.022206896608596483 -0.10501587774211636 -0.10701479459088721 -0.080761080240780062 0.098094051380969938 0.10947854182278079 -0.1053007800721526 -0.012981411776611782 -0.081690114959162563
leaf_weight=1.5595214702188962 4.5061850994825354 1.490316700190305 5.961663579568266 1.4535561967641113 1.544546542689204 2.6354819610714895 1.9870464038103799 7.6734081022441387 2.067354504019022 2.1596824042499092 3.5560500752180833 2.1101818159222594 4.3901756741106501 1.7346354126930235 2.0946805328130722 1.5456998459994782 2.3199298959225416 7.047521224245429 1.5759992245584724 1.3206215444952252 1.4189723264425991 2.2361258603632432 4.2610588539391756 1.6044059097766874 7.6993672791868439 3.0575678218156099 1.2709419578313825 4.0819643456488848 29.88271445967257 4.3142153955996028
leaf_count=25 108 17 142 17 37 51 27 173 33 29 87 24 94 19 22 13 55 167 38 19 25 40 116 37 179 36 15 106 545 104
internal_value=-8.77988e-05 0.0296201 0.0255159 -0.0366172 0.0149036 0.0309206 0.0252383 0.0559509 -0.00713681 0.0138104 0.0370034 -0.0157017 4.01798e-05 -0.0339677 -0.00465679 0.0507758 0.0491116 0.0620155 0.03476 -0.0244942 -0.0996346 -0.0301057 -0.0676247 -0.0172677 -0.0248038 0.00553167 -0.0317611 -0.0601727 -0.0325126 -0.0216496
internal_weight=120.562 60.5937 56.0875 4.48842 3.03486 51.5991 45.6374 12.3762 4.70284 33.2612 18.6245 14.6366 12.5265 8.13629 6.14925 16.4649 4.05457 14.9192 7.87164 4.31559 2.73959 59.9679 7.42499 3.16393 52.5429 10.6466 7.58903 6.31809 41.8963 34.1969
internal_count=2400 1197 1089 71 54 1018 876 257 84 619 378 241 217 123 96 349 74 336 169 82 44 1203 178 62 1025 197 161 146 828 649
is_linear=0
shrinkage=0.1


Tree=35
num_leaves=31
num_cat=0
split_feature=7 0 0 0 4 2 2 7 4 4 6 4 4 9 9 3 8 4 8 0 7 1 2 2 0 0 8 9 4 6
split_gain=9.22669 1.2563 1.26594 1.50858 1.41594 1.89592 1.9257 2.60148 1.79069 2.73964 2.62793 1.76892 3.03776 1.96034 2.02616 3.56815 3.17889 3.3255 1.85194 2.13513 1.80235 1.69147 1.23656 2.21786 1.32083 5.30924 3.0094 4.94449 2.99116 3.5249
threshold=19.403494691380779 1.8239134722998742 0.93940225501253927 0.95276280575046324 3062.4592626946369 0.038220295189633956 0.074659571493271612 11.266768104503745 3305.2001346909233 3405.1774816567181 12.141046147379225 4152.7775763976533 4216.9987757358058 0.23466102477840953 0.72373826024370935 1.0000000180025095e-35 0.41096785849715317 4527.9603799176366 0.3868496195550567 1.6902741928347218 7.747102091552823 2.5000000000000004 0.10399658976386587 0.10048892498146041 2.1677387367782686 2.1954302412130748 3.5613459561432461 11.261728600661529 5378.2855068176023 274.39917129324192
decision_type=2 2 2 2 2 2 2 2 2 2 2 2 2 2 2 2 2 2 2 2 2 2 2 2 2 2 2 2 2 2
left_child=1 2 -1 -4 5 -5 7 -7 -6 10 -10 18 -13 -14 16 -16 17 -15 19 20 21 -11 23 24 -2 -26 27 -27 -28 -30
right_child=22 -3 3 4 8 6 -8 -9 9 11 -12 12 13 14 15 -17 -18 -19 -20 -21 -22 -23 -24 -25 25 26 28 -29 29 -31
leaf_value=-0.081505848712673468 0.037710716362687663 -0.10465881972746845 0.10502423380595607 0.12996431064661135 -0.087471007770932363 -0.084181111009649395 0.10451254304404788 0.034051425656453208 -0.049568001321943833 0.039232422448052806 0.10964647320150767 0.14825681740605515 -0.10467437212237909 0.084939051921563868 0.12506733724650079 -0.10648607935385175 0.17492872216734795 -0.10783142532387105 -0.10529418534504342 0.073411697001571893 -0.080366317328847095 -0.10427832174942149 0.10540496245585795 -0.1021771160263503 -0.16244403111784486 -0.19490364988934783 0.093166971672172194 0.02550982849825208 0.05120413309586274 -0.13856297862111619
leaf_weight=3.82340408489108 39.570705279707909 2.1095345728099337 0.92035690881311794 1.1565017849206913 5.1729818880558005 3.7853593975305539 1.3316011279821394 3.660728856921196 1.6695420313626517 3.144237739965325 2.7349095530807972 1.1613165121525515 2.2663575541228047 1.8852699436247333 0.85689882934093242 2.9792316704988506 1.3200063128024337 1.7035414557904003 5.1937608513981095 1.6026888135820616 7.187504481524229 1.1116568744182584 1.9571025893092144 1.3481411673128594 1.7139028031379009 1.4876398090273131 6.7219543140381557 3.2222189102321863 2.8876652121543884 1.4807523991912601
leaf_count=87 825 73 16 13 120 70 19 40 32 50 24 25 63 33 18 70 17 36 137 31 181 30 52 23 24 14 138 69 52 18
internal_value=6.06515e-06 -0.028935 -0.026013 -0.02184 -0.0241788 0.00961027 -0.00624694 -0.0260543 -0.0325725 -0.0244159 0.049295 -0.035091 -0.00556892 -0.0217923 -0.000312396 -0.0547626 0.0422392 -0.00656548 -0.054793 -0.034688 -0.0498278 0.00174684 0.0272158 0.024597 0.027591 0.00472679 0.0228604 -0.0441092 0.051301 -0.0131208
internal_weight=117.167 56.7774 54.6679 50.8445 49.9241 9.93419 8.77769 7.44609 39.9899 34.8169 4.40445 30.4125 12.1726 11.0113 8.74495 3.83613 4.90882 3.58881 18.2398 13.0461 11.4434 4.25589 60.3901 58.433 57.0848 17.5141 15.8002 4.70986 11.0904 4.36842
internal_count=2400 1185 1112 1025 1009 142 129 110 867 747 56 691 262 237 174 88 86 69 429 292 261 80 1215 1163 1140 315 291 83 208 70
is_linear=0
shrinkage=0.1


Tree=36
num_leaves=31
num_cat=0
split_feature=9 0 0 0 0 1 9 0 0 1 0 2 0 2 0 7 0 7 2 2 6 2 9 2 8 2 2 4 7 4
split_gain=7.86622 1.19685 1.74332 1.2874 1.29474 4.22657 2.29692 1.45981 2.28941 2.66328 2.29817 2.53198 4.3704 2.22016 2.14089 1.68769 2.64042 2.0782 1.85664 1.50294 1.61313 2.75679 1.48359 1.54663 2.34297 1.13001 1.77352 1.29955 2.92424 3.32281
threshold=2.3985643305075794 0.91788173520150618 0.95276280575046324 1.02633946542695 1.1091399673399032 1.5000000000000002 0.49239511330110536 1.2703165292957694 1.4013897434831881 3.5000000000000004 1.3604155935539282 0.051564391082909312 1.3158235970602592 0.062123316214284553 1.4640622540190948 15.146244625690199 1.4720225580570143 16.00388925756463 0.03470832205685976 0.078966372622735717 8.1512798330827483 0.047312620938004611 0.56130939028826365 0.059864137964510955 0.23618630314786251 0.10399658976386587 0.10048892498146041 3576.2287676387773 279.60121445019507 3458.1857615452031
decision_type=2 2 2 2 2 2 2 2 2 2 2 2 2 2 2 2 2 2 2 2 2 2 2 2 2 2 2 2 2 2
left_child=1 -1 -3 -4 5 -5 -7 22 9 10 11 12 -9 -12 -10 16 -16 -17 -18 20 21 -20 23 24 -6 26 27 28 29 -2
right_child=25 2 3 4 7 6 -8 8 14 -11 13 -13 -14 -15 15 17 18 -19 19 -21 -22 -23 -24 -25 -26 -27 -28 -29 -30 -31
leaf_value=-0.081015504907140379 0.084740738621776474 0.086941123975876278 -0.1053052935024924 -0.10637003388338689 0.12178478327187139 0.006449822476733153 0.17339057943811878 0.14963345790571145 -0.10584563248730013 0.12272150661884339 -0.019682561000589852 -0.10617312702660749 -0.10662249319095507 0.12900758384824015 0.13906960914896432 0.10242148175703669 0.048167170397531316 -0.024933330633661373 0.091716648921042809 0.037545325372028593 -0.093884093581809006 -0.10454474965630732 -0.10658782088093875 -0.10455542345394842 -0.055365956788035853 0.10487843924803116 -0.085341335526914752 0.032850710683888784 -0.11060662486164355 -0.10114964317754915
leaf_weight=3.7098563462495795 3.2980115618556729 1.4224445018917311 1.9349629711359728 1.6065698564052571 1.2534140758216366 1.6190917082130911 1.6786959711462257 1.3900317810475811 3.7105966620147255 2.0050795637071124 2.0205881483852863 3.0783547032624483 1.2769184075295923 1.996348552405834 0.78311285004019993 2.1042508855462065 1.7307481076568354 3.2763539720326662 1.4112412948161357 1.3633875250816334 9.0931425122544152 1.4521668348461387 4.2371555790305138 1.6096777599304912 1.8463594429194925 1.7792965546250332 1.4468251690268505 46.413633960299194 2.1436725109815598 1.3573524821549652
leaf_count=84 54 23 50 33 23 32 23 17 92 28 36 70 26 28 14 14 23 39 19 35 267 45 100 45 41 52 23 1026 16 22
internal_value=-8.15143e-05 -0.0260756 -0.0222942 -0.0252551 -0.0221905 0.0266339 0.0914288 -0.0274372 -0.0186059 0.0177482 -0.00381242 -0.0443826 0.0269398 0.0542139 -0.035769 -0.023512 -0.0399539 0.0248727 -0.0492688 -0.0619293 -0.0732723 -0.00781659 -0.0636564 -0.0250304 0.0162661 0.0264522 0.0238993 0.0268695 -0.0139614 0.0305412
internal_weight=114.049 57.6106 53.9007 52.4782 50.5433 4.90436 3.29779 45.6389 36.6923 11.7673 9.76224 5.7453 2.66695 4.01694 24.925 21.2144 15.8338 5.3806 15.0507 13.3199 11.9566 2.86341 8.94661 4.70945 3.09977 56.4388 54.6595 53.2127 6.79904 4.65536
internal_count=2400 1207 1123 1100 1050 88 55 962 753 205 177 113 43 64 548 456 403 53 389 366 331 64 209 109 64 1193 1141 1118 92 76
is_linear=0
shrinkage=0.1


Tree=37
num_leaves=31
num_cat=0
split_feature=6 0 0 0 8 0 0 6 0 7 4 7 6 0 2 4 8 4 2 9 0 0 9 9 6 6 4 8 4 6
split_gain=6.75191 1.54753 3.86844 1.28346 1.21436 3.34829 2.91177 3.66294 2.91085 2.49705 2.46278 2.33576 2.3878 2.69936 2.041 2.03173 3.58539 3.03921 1.75359 1.48029 1.17191 1.315 0.996106 2.00401 1.74637 2.39844 1.7221 1.64159 1.27922 1.81384
threshold=194.37747333596613 1.4054548708436327 1.4493158574659415 1.5644946921890983 5.6307975650039728 1.9414456288202044 1.8562618548653698 254.65477952187214 2.6928570163138401 338.04045305670599 5447.138935913008 308.85432924836476 257.26505521058999 2.1336191155922863 0.08203550289428381 4731.9198636769479 4.6703360822756013 4894.9906447388803 0.066206293470312219 9.9178537790753882 0.91788173520150618 0.95276280575046324 0.21595332256623898 0.27700806396951588 17.268004277103277 7.5093714611081461 3410.0473119568665 0.27352588282639839 5512.0174638725475 188.18446143533211
decision_type=2 2 2 2 2 2 2 2 2 2 2 2 2 2 2 2 2 2 2 2 2 2 2 2 2 2 2 2 2 2
left_child=20 -2 -3 -4 5 6 10 -8 9 -7 15 12 19 14 -14 18 17 -17 -5 -6 -1 -22 24 27 25 -23 -26 -24 29 -25
right_child=1 2 3 4 11 8 7 -9 -10 -11 -12 -13 13 -15 -16 16 -18 -19 -20 -21 21 22 23 28 26 -27 -28 -29 -30 -31
leaf_value=-0.078516459655764384 0.086237727602206979 -0.16373248663604831 0.10501521509523629 -0.030401726103688666 -0.018564177173271062 0.090536719607708205 -0.16251117874617307 0.04156213271421072 -0.059475144560301244 -0.091053306819809388 0.10541500661602062 -0.12520761144783335 0.10535607611203777 -0.092510294356408174 -0.070768488487547049 -0.14465048637268532 -0.19722546284296757 0.10420680816568612 0.10623890389667701 0.10634185630148135 0.073551140742487406 0.014862745231993664 0.11518011567951619 -0.022162178267897077 0.11004639077896104 -0.10464372842743591 -0.043057553475331287 -0.020561952175252945 0.029659968226166972 -0.13477742158998104
leaf_weight=3.4582531973719588 4.1421057805418959 1.0900374278426159 2.011296800337731 1.7033162321895381 1.3706267233937959 13.313059965148565 2.1454063728451724 1.4906666483730076 1.6681845989078272 0.80292964726686555 2.7904060259461403 1.3979924172162999 1.8221441432833674 3.1522494964301586 1.0298298541456459 0.75804139766842205 1.2370837964117525 1.3917630929499862 2.0937167815864086 3.0830295886844397 1.5082253459841002 2.3305978514254075 2.0707375826314087 36.496220556087792 1.2063506431877606 6.0100981825962663 1.8788855010643599 1.5636621266603468 4.52716951817274 1.4885588437318791
leaf_count=84 116 25 57 28 20 386 34 30 24 5 79 7 43 33 13 13 16 42 49 69 23 46 24 761 12 186 52 26 77 20
internal_value=-0.000221183 0.0277828 0.0223235 0.0270114 0.0232081 0.0341048 -0.00224097 -0.078848 0.065445 0.0802077 0.0256856 -0.00380823 0.0124202 -0.0287333 0.0417586 -0.00528317 -0.0615917 0.0164574 0.0449431 0.0679016 -0.021936 -0.0186241 -0.0210388 -0.0144936 -0.0474732 -0.0712506 0.0168072 0.0567785 -0.0205868 -0.0265754
internal_weight=111.033 48.4939 44.3518 43.2617 41.2504 29.3946 13.6104 3.63607 15.7842 14.116 9.97433 11.8559 10.4579 6.00422 2.85197 7.18392 3.38689 2.1498 3.79703 4.45366 62.5388 59.0805 57.5723 46.1463 11.4259 8.3407 3.08524 3.6344 42.5119 37.9848
internal_count=2400 1089 973 948 891 706 291 64 415 391 227 185 178 89 56 148 71 55 77 89 1311 1227 1204 908 296 232 64 50 858 781
is_linear=0
shrinkage=0.1


Tree=38
num_leaves=31
num_cat=0
split_feature=7 0 2 2 0 0 8 9 4 6 4 4 6 6 1 7 6 6 1 9 0 4 9 5 0 4 4 4 1 6
split_gain=5.86722 1.17358 1.05788 1.2231 1.14673 3.94224 2.68497 3.67832 2.70897 2.46498 1.91441 2.24066 2.08162 4.09889 2.34743 1.95139 1.80827 3.23653 1.80268 1.31537 1.89386 1.24539 1.93699 0.961654 0.94625 1.00254 1.77051 1.83814 2.06062 2.89784
threshold=19.403494691380779 1.8239134722998742 0.10399658976386587 0.10048892498146041 2.1677387367782686 2.1954302412130748 3.5613459561432461 11.261728600661529 5378.2855068176023 274.39917129324192 3576.2287676387773 3458.1857615452031 242.88392415967306 240.27739559622538 27.500000000000004 267.42307374525632 227.17480116642091 222.60474850469561 16.500000000000004 22.934057183585313 1.326805600641914 5470.2055916335567 13.566405831741685 5.5000000000000009 0.93940225501253927 3062.4592626946369 3305.2001346909233 3405.1774816567181 2.5000000000000004 14.536451089144528
decision_type=2 2 2 2 2 2 2 2 2 2 2 2 2 2 2 2 2 2 2 2 2 2 2 2 2 2 2 2 2 2
left_child=1 24 3 4 10 -6 7 -7 -8 18 11 15 13 16 -14 -2 17 19 -10 20 -12 -22 -23 -9 -1 -26 -27 -28 29 -29
right_child=2 -3 -4 -5 5 6 8 23 9 -11 12 -13 14 -15 -16 -17 -18 -19 -20 -21 21 22 -24 -25 25 26 27 28 -30 -31
leaf_value=-0.074463033070082937 0.075404810231617825 -0.10421788314842087 0.10416289026166943 -0.067721906215164981 -0.13762545957740474 -0.17008647997091658 0.090425306761102706 -0.01792345657210254 -0.062875013450003583 -0.11191606827493972 -0.06490465894786597 -0.1153527418492124 0.078809032334277204 -0.1791664244948499 -0.078849775768565181 -0.061230379656857015 0.10541273015133201 -0.1199704196910705 0.10885765584674004 -0.075655529597252191 0.098574100773327483 0.1082070343120696 -0.052025203054680884 0.10620648771352487 0.011046558289241682 -0.084036661715336081 0.04327766617181647 0.015538136000854227 -0.069536260452724014 -0.064095760455838355
leaf_weight=3.1452012602239838 2.5550795253366223 1.7684274045750488 1.5384061168879259 1.5418106950819481 1.8307082727551485 1.5638283286243666 5.8990734685212356 2.0730988588184123 0.97004663385450873 1.6080174241214988 1.307255934923887 1.722819712013006 14.430425242520867 1.0018555233255018 1.0105331446975458 1.7688634470105169 2.6039276933297506 1.576578527688979 1.6525229066610334 0.98107078857719976 4.5552572198212147 1.315121974796057 1.7696290751919148 0.89294046722352494 9.5961710121482593 4.4978679418563834 4.3676241356879464 14.316174576990312 7.9903301959857336 6.7120158355683079
leaf_count=87 39 73 52 23 24 14 138 43 14 18 23 22 404 17 22 14 80 24 38 11 107 28 34 26 143 121 56 293 233 179
internal_value=-7.07072e-05 -0.0241411 0.022382 0.020079 0.0226289 0.000733856 0.0180124 -0.0459852 0.0466314 -0.0144341 0.0324943 -0.0189151 0.0426691 0.0162829 0.0684911 0.0195093 0.0301615 0.0131298 0.0453365 0.0342656 0.0463185 0.0653495 0.0162866 0.0194465 -0.0213439 -0.0178252 -0.0251385 -0.0172036 -0.0263067 -0.00988031
internal_weight=108.563 52.3938 56.1689 54.6305 53.0887 16.4902 14.6595 4.52987 10.1297 4.23059 36.5984 6.04676 30.5517 15.1107 15.441 4.32394 14.1088 11.5049 2.62257 9.92833 8.94726 7.64001 3.08475 2.96604 50.6254 47.4802 37.884 33.3861 29.0185 21.0282
internal_count=2400 1185 1215 1163 1140 315 291 83 208 70 825 75 750 324 426 53 307 227 52 203 192 169 62 69 1112 1025 882 761 705 472
is_linear=0
shrinkage=0.1


Tree=39
num_leaves=31
num_cat=0
split_feature=1 9 6 6 2 8 8 0 4 2 2 7 0 6 2 0 0 8 8 2 9 1 9 0 7 4 2 9 7 2
split_gain=5.1266 2.34534 5.49025 1.4318 1.17333 1.98984 2.9043 2.10098 2.09595 1.58696 1.79683 1.85124 1.73436 3.325 2.4681 1.36242 2.95348 2.46927 1.60106 1.23335 1.16145 1.14165 1.72181 1.94047 1.55922 1.3667 0.993355 0.981476 1.93159 0.973688
threshold=4.5000000000000009 0.84180174422505905 14.231662136757221 4.596070852767185 0.047118662094049607 0.087936903297056321 0.33615861193556584 1.0542192980184075 4427.6295233651499 0.050558338100875712 0.051564391082909312 4.664415765621726 1.3604155935539282 6.3613306511882337 0.078966372622735717 1.3158235970602592 1.4944931934928027 0.20315723402742705 0.24272742052598859 0.062123316214284553 0.48476997523007165 1.0000000180025095e-35 0.51897027815263164 1.4678008182811391 15.3875795730471 3948.9212272290483 0.10399658976386587 0.22396408437951448 8.2274870362444439 0.10048892498146041
decision_type=2 2 2 2 2 2 2 2 2 2 2 2 2 2 2 2 2 2 2 2 2 2 2 2 2 2 2 2 2 2
left_child=3 -2 -3 -1 5 -5 15 -8 -9 -6 -11 19 13 -13 21 17 -17 -7 -18 -12 -16 25 -23 -24 -25 -14 29 28 -15 -4
right_child=1 2 26 4 9 6 7 8 -10 10 11 12 14 27 20 16 18 -19 -20 -21 -22 22 23 24 -26 -27 -28 -29 -30 -31
leaf_value=-0.10543653675904158 -0.083803686392484478 0.26151173860788385 0.020773449414597207 -0.10547975966647377 -0.10512325500615015 0.17052506301022394 0.089514619331737683 -0.10700263919301672 0.050632678428093575 0.070912158141379231 -0.034431732121251994 0.12003319203064687 -0.041438180013804761 0.07739220698889554 0.011456188624914841 -0.10744558918920062 -0.012413861576751822 0.012688475217901625 0.11160533039672921 0.09227052043633191 0.14998434038284067 -0.10548937103731382 0.077195936814240029 -0.103932296977419 0.05572350347307136 0.12705416472605721 0.10375892538884446 -0.10514235213899895 -0.10422544232339362 -0.05826361858346886
leaf_weight=2.0316671188920727 2.0618926603347054 0.96289094351231952 49.841145761311054 1.5811079349368835 2.6629326846450594 1.9636225979775175 0.98136117123067279 3.7015985120087862 1.0924057625234125 1.8496056236326719 1.2985389139503269 0.84311102516949432 1.1175768990069617 0.97207389585673665 1.3280252646654838 1.4724125713109968 1.8591878022998569 2.001460300758481 2.365238469094038 1.8814143305644391 1.1120299082249401 3.608198329806326 1.5662018060684202 2.2083307513967161 0.8460517544299363 0.84570170938968647 1.3971507344394911 7.363378893584013 1.4729090817272661 1.6090033967047919
leaf_count=51 53 11 1129 40 83 20 17 84 19 31 27 13 27 17 25 29 28 28 25 37 18 117 28 82 8 20 52 206 52 23
internal_value=4.24988e-05 0.020862 0.0248726 -0.02321 -0.0197292 0.0013652 0.0123084 -0.0437935 -0.0710824 -0.0313186 -0.024377 -0.0310371 -0.0408115 -0.0705335 -0.0157498 0.045843 0.0145149 0.0908537 0.057024 0.0405315 0.074589 -0.0373776 -0.0537253 -0.013303 -0.0597083 0.0311416 0.020561 -0.0869143 -0.0320181 0.0183017
internal_weight=105.898 55.8721 53.8102 50.0261 47.9945 17.0184 15.4373 5.77537 4.794 30.9761 28.3131 26.4635 23.2836 10.6515 12.6321 9.66192 5.69684 3.96508 4.22443 3.17995 2.44006 10.1921 8.22878 4.62058 3.05438 1.96328 52.8473 9.80836 2.44498 51.4501
internal_count=2400 1268 1215 1132 1081 290 250 120 103 791 708 677 613 288 325 130 82 48 53 64 43 282 235 118 90 47 1204 275 69 1152
is_linear=0
shrinkage=0.1


Tree=40
num_leaves=31
num_cat=0
split_feature=7 8 6 7 2 0 0 6 7 6 0 6 6 6 0 9 9 9 8 7 8 7 0 2 7 9 6 2 2 6
split_gain=4.4191 1.6982 1.7998 1.42551 1.39241 1.50724 1.47642 1.17579 1.65457 1.74638 1.59348 1.08553 1.24541 2.57985 2.14251 2.41363 2.81087 2.79003 2.70946 2.17773 2.03413 1.85781 2.17183 2.88898 1.72917 1.27222 2.16226 0.914674 0.822829 1.39014
threshold=14.970109093673353 0.14528402897627063 6.3613306511882337 11.943212140633483 0.050691979557194157 1.2788006659989271 1.3834961637605618 13.658064529744722 16.00388925756463 18.807142355492385 1.5711932151653349 4.596070852767185 14.048616029904656 13.810574471579757 1.5406717480636367 0.95630443491663264 0.50815301669021784 0.080567341893553315 0.41096785849715317 7.747102091552823 0.23271138999337523 7.3665892008774794 1.0926443109723576 0.068333002983125071 8.7148781726000362 0.31982864951621798 8.1512798330827483 0.10399658976386587 0.098363371080086956 258.37792918819599
decision_type=2 2 2 2 2 2 2 2 2 2 2 2 2 2 2 2 2 2 2 2 2 2 2 2 2 2 2 2 2 2
left_child=3 -2 -3 11 5 -5 -7 10 -9 -10 -4 -1 13 14 15 16 17 -13 20 -17 -19 -14 24 -24 -23 26 -16 28 29 -11
right_child=1 2 7 4 -6 6 -8 8 9 27 -12 12 21 -15 25 19 -18 18 -20 -21 -22 22 23 -25 -26 -27 -28 -29 -30 -31
leaf_value=-0.10442985423582976 -0.095190331504053677 0.1592672031157075 -0.10676179962343402 -0.10482722278928838 -0.10388907894210425 0.10944324547226068 -0.042177553553352599 0.1010567201353418 -0.11193618620113877 0.0076163900347073279 0.031190586441797175 -0.063428452479781211 -0.085928532428731857 0.15579335476315126 0.12271058828708875 0.15214725725497977 -0.081187348417577646 0.080566663197485913 0.17283430162231084 0.00018652721994155428 -0.10507713244548769 0.14690041601489201 -0.085241327886232454 0.070896660295197186 -0.021245422536219402 -0.10577472124494476 -0.10380505131797263 0.10339486965462895 -0.038976108306907238 0.042732223012161008
leaf_weight=1.3382457997649897 1.3229684447869647 0.90545583888888259 1.7381321778520935 1.3966987896710614 4.0926890531554818 1.1378322746604683 1.4744764585047958 2.4474826622754327 1.0306034609675396 31.275130958296359 1.6156005486845968 2.169790594838565 4.7941050166264167 1.0525677278637875 0.80284440144896396 2.0508673060685392 3.660564387217164 1.546244257129729 1.7172826435416935 1.7458836287260053 0.95462065190076817 1.3526420965790733 4.1830312106758356 1.6534267058596013 1.1163568720221517 2.8393603460863233 0.8870114516466856 1.2684187237173308 2.4618378812447181 17.627231257036328
leaf_count=38 33 7 39 42 164 12 30 19 15 675 14 59 137 14 13 25 82 32 32 36 27 16 127 37 27 85 33 52 41 437
internal_value=-0.000143667 0.0168856 0.0193417 -0.0251776 -0.0628584 -0.0209712 0.0238633 0.0172111 0.0206489 0.0169816 -0.0403057 -0.016163 -0.0125314 0.00353659 -0.00518532 0.0143453 -0.0113197 0.0287175 0.0761169 0.0822702 0.00970342 -0.0363607 -0.00774894 -0.0410086 0.0708733 -0.0648879 0.00381171 0.019506 0.0174344 0.0202742
internal_weight=103.659 61.6929 60.3699 41.9665 8.1017 4.00901 2.61231 59.4644 56.1107 53.6632 3.35373 33.8648 32.5266 19.427 18.3745 13.8453 10.0485 6.38794 4.21815 3.79675 2.50086 13.0996 8.30546 5.83646 2.469 4.52922 1.68986 52.6326 51.3642 48.9024
internal_count=2400 1332 1299 1068 248 84 42 1292 1239 1220 53 820 782 438 424 293 232 150 91 61 59 344 207 164 43 131 46 1205 1153 1112
is_linear=0
shrinkage=0.1


Tree=41
num_leaves=31
num_cat=0
split_feature=7 8 6 7 2 0 2 6 0 7 6 0 6 6 6 1 1 7 7 1 0 9 0 8 9 0 2 8 4 0
split_gain=3.74275 1.4644 1.53032 1.27834 1.33074 1.34953 1.21642 1.02141 1.3961 1.32989 1.61272 1.01481 1.07556 1.11855 1.7709 1.85806 3.40691 1.72928 1.73323 1.61893 4.18197 2.29732 2.08528 2.16444 3.46298 1.60045 4.91697 1.0127 1.03465 2.48042
threshold=14.970109093673353 0.14528402897627063 5.2700891698579531 11.943212140633483 0.050691979557194157 1.2788006659989271 0.043378191158732905 13.658064529744722 1.5711932151653349 15.737685672157692 18.083019511373873 1.7642702733151541 4.596070852767185 14.048616029904656 13.810574471579757 2.5000000000000004 4.5000000000000009 7.3665892008774794 10.059672005831358 1.5000000000000002 1.1977623795564651 1.068880916507601 1.2703165292957694 0.38401460593168085 0.29716097456057017 1.0926443109723576 0.068333002983125071 0.36877763365151145 3576.2287676387773 1.4775359287649388
decision_type=2 2 2 2 2 2 2 2 2 2 2 2 2 2 2 2 2 2 2 2 2 2 2 2 2 2 2 2 2 2
left_child=3 -2 -3 11 5 -5 -7 8 -4 -9 -11 12 -1 14 15 19 -17 -15 25 22 -21 -22 -14 24 -24 -19 -27 -12 29 -29
right_child=1 2 7 4 -6 6 -8 9 -10 10 27 -13 13 17 -16 16 -18 18 -20 20 21 -23 23 -25 -26 26 -28 28 -30 -31
leaf_value=-0.10399642216742618 -0.092608831731920027 0.14646607905675946 -0.10610030329336535 -0.10435914786850467 -0.10351868023660089 -0.046663495874507466 0.089890266974473276 0.10007712867725696 0.02497207346470148 -0.1113350905553544 0.13450430170578662 -0.10250915617177683 -0.10532241254533495 -0.083023901106145451 0.1274911679923928 -0.083625511272918632 0.14701459580930407 0.096539091799630425 -0.071723325751348335 0.1764475359735509 -0.064940080992072394 0.11158275823219428 0.10046976835789467 0.11512710946190562 -0.10659328753396152 -0.10496015490693766 0.15425511911516546 -0.13747408534602351 0.022372049611923142 0.010289835893070989
leaf_weight=1.2156842872500444 1.2287711771205057 0.9085848443210115 1.5820320080965751 1.2691647401079529 3.7157938499003649 1.309564730152488 1.2998403506353495 1.9464408103376616 1.6709176134318111 0.97756975702941318 0.73936536069959302 1.2815652284771193 1.7557184984907594 4.257059505209325 1.1515906546264876 4.4612764362245789 0.74781560152769078 2.0970945097506046 2.5519030215218663 1.9999257642775772 2.2271693814545874 1.102076359093189 1.3371643880382182 1.6503522787243126 2.0397892631590366 2.1224430780857806 1.1168337706476448 1.4086626209318627 44.335297271609306 5.8696812968701124
leaf_count=38 33 6 39 42 164 21 21 14 15 15 8 69 44 127 14 125 16 31 78 27 58 11 22 26 49 65 20 16 1099 87
internal_value=-0.000292007 0.0154477 0.0176816 -0.023748 -0.0607515 -0.0197792 0.0213589 0.0156824 -0.0387734 0.018887 0.0159238 -0.015262 -0.0117496 -0.00808695 0.00741106 -0.000572362 -0.0505149 -0.0316592 -0.00393926 0.0209064 0.0621527 -0.00650593 -0.0114992 0.0212673 -0.024603 0.0284757 -0.0155882 0.0183001 0.0166354 -0.0183086
internal_weight=101.377 60.6673 59.4386 40.7098 7.59436 3.87857 2.60941 58.53 3.25295 55.277 53.3306 33.1155 31.8339 30.6182 18.4729 17.3213 5.20909 12.1453 7.88827 12.1122 5.32917 3.32925 6.78302 5.02731 3.37695 5.33637 3.23928 52.353 51.6136 7.27834
internal_count=2400 1332 1299 1068 248 84 42 1293 54 1239 1225 820 751 713 392 378 141 321 194 237 96 69 141 97 71 116 85 1210 1202 103
is_linear=0
shrinkage=0.1


Tree=42
num_leaves=31
num_cat=0
split_feature=6 0 0 0 6 6 9 9 8 0 7 7 7 2 4 7 7 2 4 7 0 8 6 6 7 9 8 0 4 8
split_gain=3.23892 1.57237 2.89797 1.27926 1.17796 3.64262 2.85202 2.6924 2.81388 2.19218 2.34695 2.61187 2.37824 1.55427 1.47842 1.41769 2.89228 2.77595 2.77136 1.16847 0.923992 1.05266 0.890757 2.01202 1.38478 1.57866 0.969011 1.88542 2.27857 1.2811
threshold=194.37747333596613 1.4054548708436327 1.4493158574659415 1.5644946921890983 240.87867195007411 244.13396208197648 13.385417528471809 22.143999318074162 5.6307975650039728 1.9414456288202044 229.75432069476167 273.17763762346817 255.0721067183807 0.043126552796386906 4255.9467966430138 250.34578171404902 259.78767020566767 0.08659475806012891 4104.1160660222613 243.22657852378299 0.91788173520150618 0.51849728040633714 188.18446143533211 181.07046424547079 281.56657009322419 10.227573281437236 0.57872295248304617 1.3918560253050729 4152.7775763976533 0.52606361106063815
decision_type=2 2 2 2 2 2 2 2 2 2 2 2 2 2 2 2 2 2 2 2 2 2 2 2 2 2 2 2 2 2
left_child=20 -2 -3 -4 9 -6 14 8 15 10 -5 12 -12 -11 -7 17 -17 -8 -18 -10 21 -1 23 24 25 26 29 -28 -29 -22
right_child=1 2 3 4 5 6 7 -9 19 13 11 -13 -14 -15 -16 16 18 -19 -20 -21 22 -23 -24 -25 -26 -27 27 28 -30 -31
leaf_value=-0.10445704954630992 0.083410874294161927 -0.14031290971661561 0.10443539826326834 0.10521071522189702 -0.1267332368961874 0.010453135531258453 0.10361935156982438 0.1068411659850706 -0.13820016582187797 -0.011750578072762001 -0.0035359222049149521 0.067628474552983264 -0.1792010044548541 0.10441539585581379 0.10406162611171373 -0.17340370713712761 -0.086703018350055144 -0.092965181653625245 0.10492562637001746 -0.043477104354869234 -0.015729385586049537 0.043358120405670997 -0.081683780020169253 0.10842111846500668 -0.12946208726189987 0.071042360196844276 -0.14506820591765004 -0.10507366091338351 0.090359404842647206 0.057052706338540406
leaf_weight=2.2053359737619753 3.589172917418181 1.1763934772461642 1.6769826170057047 1.4934315560385565 2.0109913591295507 2.8180748298764255 2.9268610021099435 1.7286592936143268 2.1672892309725285 1.4748448040336368 1.5293650580570104 1.5338384881615637 1.5536156408488748 5.2579450197517872 4.2043925728648901 1.0359529517590997 1.3562574852257969 0.95193666499108065 1.7015067217871545 3.2628980074077845 39.850206479430199 0.61645519267767657 1.8456371761858452 1.3735952097922552 1.0221122764050949 2.193960962817072 1.6429923838004459 1.175327221862972 1.2115237992256878 2.5746799390763035
leaf_count=70 116 25 57 41 33 63 108 41 27 21 29 31 21 181 139 23 18 26 52 37 983 14 27 27 9 41 40 36 16 48
internal_value=-0.000449217 0.0200154 0.0143072 0.0190091 0.0151381 0.00213159 0.0138292 -0.010614 -0.0257632 0.0396105 -0.00375779 -0.0390065 -0.0920594 0.0789688 0.0664971 0.012052 -0.0289952 0.0553735 0.0199296 -0.0812828 -0.0164099 -0.072165 -0.0134352 -0.0109675 -0.0142691 -0.0118489 -0.0157637 -0.0626251 -0.00587526 -0.0113124
internal_weight=99.1622 43.4504 39.8612 38.6848 37.0079 24.1648 22.1538 15.1314 13.4027 12.843 6.11025 4.61682 3.08298 6.73279 7.02247 7.97251 4.09372 3.8788 3.05776 5.43019 55.7118 2.82179 52.89 51.0444 49.6708 48.6487 46.4547 4.02984 2.38685 42.4249
internal_count=2400 1089 973 948 891 567 534 332 291 324 122 81 50 202 202 227 93 134 70 64 1311 84 1227 1200 1173 1164 1123 92 52 1031
is_linear=0
shrinkage=0.1


Tree=43
num_leaves=31
num_cat=0
split_feature=7 8 7 2 4 2 0 6 6 7 9 9 6 7 8 0 5 9 9 4 7 0 2 7 2 6 9 0 0 0
split_gain=2.76733 1.21683 1.1523 1.28856 1.25236 1.00252 0.943694 0.98349 0.904019 1.57536 1.49934 1.73101 3.26316 3.46892 2.66523 2.66002 2.84834 2.45665 2.4668 2.44549 1.4851 1.26244 3.95919 0.895903 0.867111 0.866742 0.85929 0.773094 3.13313 2.60272
threshold=14.970109093673353 0.14528402897627063 11.943212140633483 0.050691979557194157 2914.5000036146175 0.043378191158732905 1.7642702733151541 4.596070852767185 14.048616029904656 7.3665892008774794 0.052825429461033607 0.31982864951621798 11.352317734457975 10.970446419220499 0.33054549831299956 1.3918560253050729 3.5000000000000004 0.25350184835093265 0.12156703110835322 3229.1672033491418 10.059672005831358 1.0926443109723576 0.068333002983125071 10.612911481128206 0.10399658976386587 20.743325461752807 0.069627874969869621 2.1677387367782686 2.1954302412130748 2.2823774152718719
decision_type=2 2 2 2 2 2 2 2 2 2 2 2 2 2 2 2 2 2 2 2 2 2 2 2 2 2 2 2 2 2
left_child=2 -2 6 4 -4 -6 7 -1 10 26 23 17 14 15 -13 16 -14 18 -12 -16 21 -11 -23 -9 27 -22 -10 -3 -29 -30
right_child=1 24 3 -5 5 -7 -8 8 9 20 11 12 13 -15 19 -17 -18 -19 -20 -21 25 22 -24 -25 -26 -27 -28 28 29 -31
leaf_value=-0.10346795294029852 -0.08997524059386805 0.020999351289736703 0.091254258719683373 -0.10307883467373624 -0.10602874438468696 0.011628166853447558 -0.10221364780261598 -0.10450928897835098 0.014767388022103298 0.0864410676818579 0.10304597661338318 -0.10637721277424171 0.17129963638502047 0.21429553346826907 0.10814100693086125 -0.1051877614826628 -0.034837701861480545 0.17052823680135332 -0.10471936812576554 -0.065222059566784479 -0.10381651672593471 -0.10440403332407076 0.12568017223903571 0.034036468341484494 0.10301577230681697 0.034616243086654473 -0.10354600203421199 -0.12601248161497544 0.10704056464249107 -0.0087036893955987314
leaf_weight=1.0752970781177342 1.1143632158637036 40.759612899273634 0.82717232033610288 3.3012042678892612 1.4747875565662982 1.4229493057355282 1.1391963008791197 1.7090350482612913 0.76567156985401963 2.1619688533246517 1.2775024157017467 3.4940276471897942 1.3899811245501046 1.1370506491512058 1.5890314970165493 1.2401938792318103 1.29465795122087 1.6261614747345445 1.0339959822595117 1.6675794795155523 1.7400073409080508 1.8818770796060564 1.2411143165081737 0.64209646638482798 1.1110279131680716 0.61114013101905573 3.0961306942626834 1.886919829994439 2.3561003357172003 11.075303541496394
leaf_count=38 33 927 8 164 40 36 69 54 18 31 20 88 23 11 20 36 28 19 31 48 64 65 20 14 52 14 109 24 63 233
internal_value=-0.000257846 0.0135179 -0.020937 -0.0575887 -0.0172731 -0.0482527 -0.0128424 -0.00952329 -0.00611042 -0.0280382 0.00781804 0.0189377 -0.000202871 0.0604937 -0.0457154 0.0159363 0.0718906 0.0763572 0.0101069 0.0193688 -0.00171492 0.0276995 -0.0129658 -0.0666723 0.0155346 -0.0678333 -0.0800883 0.0138014 -0.00535131 0.0115999
internal_weight=97.1432 58.3033 38.8398 7.02611 3.72491 2.89774 31.8137 30.6745 29.5992 11.4979 18.1013 15.7502 11.8125 5.06188 6.75064 3.92483 2.68464 3.93766 2.3115 3.25661 7.63611 5.28496 3.12299 2.35113 57.189 2.35115 3.8618 56.0779 15.3183 13.4314
internal_count=2400 1332 1068 248 84 76 820 751 713 321 392 324 254 98 156 87 51 70 51 68 194 116 85 68 1299 78 127 1247 320 296
is_linear=0
shrinkage=0.1


Tree=44
num_leaves=31
num_cat=0
split_feature=6 0 0 0 6 6 9 9 2 8 0 6 1 9 6 2 4 0 6 7 7 9 4 4 9 8 8 7 0 4
split_gain=2.4098 1.3931 2.25772 1.17983 0.985758 2.78659 2.49944 2.36341 2.25975 2.09985 2.02623 2.27377 1.71479 2.10268 1.56286 1.465 1.41472 1.41313 1.82068 1.38703 3.76863 1.79554 0.870881 0.934781 1.4777 1.44497 1.72777 1.55402 1.51934 1.64545
threshold=194.37747333596613 1.4054548708436327 1.4493158574659415 1.5644946921890983 240.87867195007411 244.13396208197648 13.385417528471809 22.143999318074162 0.094594257061450512 7.2978133117022317 1.9414456288202044 228.94033021194039 22.500000000000004 18.591238001832167 252.88290479593687 0.043126552796386906 4255.9467966430138 2.2823774152718719 258.37792918819599 273.17763762346817 255.0721067183807 12.365573394276304 2539.4363179862144 2958.4438870858248 0.46263224146420517 0.12983453850516083 0.14158354095981063 5.993043111047986 1.1024729476707875 3716.5198992147712
decision_type=2 2 2 2 2 2 2 2 2 2 2 2 2 2 2 2 2 2 2 2 2 2 2 2 2 2 2 2 2 2
left_child=22 -2 -3 -4 10 -6 16 8 9 12 11 19 17 14 -14 -12 -7 18 -8 20 21 -5 -1 24 -24 27 -27 -25 29 -28
right_child=1 2 3 4 5 6 7 -9 -10 -11 15 -13 13 -15 -16 -17 -18 -19 -20 -21 -22 -23 23 25 -26 26 28 -29 -30 -31
leaf_value=-0.10455212668483858 0.080229205823827421 -0.1183379105947595 0.1039301801316154 -0.089723231993942221 -0.10689683533041601 0.0095654628642228706 -0.027785251252479493 0.10612582184161977 -0.14143191820422032 -0.12997296167179417 -0.0099915098067001207 0.10577567977017749 -0.10449974399967957 -0.14983656878400139 0.061849183822944742 0.10390064331002469 0.10363172312740654 -0.034407210704678788 0.10713353372294082 0.053073258840265293 -0.19618529686519115 0.10415969154537777 -0.053622535111335981 0.03328161140905541 0.057241468696056057 0.10801983267112375 -0.01047342178238659 -0.088104633150728653 -0.0054208167309719056 -0.11286014234382569
leaf_weight=1.0510381031781424 3.2753845676779738 1.2790728267282236 1.4912855247966934 0.85780673101544236 2.1646282067522433 2.7798653887584832 1.4443984655663351 1.5560328178107727 1.4617334138602007 1.2924945708364237 1.4880243353545664 1.4072608966380356 0.85382892005145627 1.3305282592773435 1.6683178842067716 4.6862605889327824 3.7632358139380813 2.0184252122417092 3.2523985262960196 1.1902621611952779 1.4217228125780819 1.0778308045119045 1.6931741135194887 1.3428528457880009 4.1468910686671734 1.1953248474746931 3.3091750629246226 4.914598835632205 32.936648628208786 2.9859417043626308
leaf_count=31 116 25 57 12 33 63 36 41 24 10 21 39 16 17 46 181 139 43 99 24 13 34 42 32 54 17 75 172 791 97
internal_value=-0.000385812 0.017622 0.0122937 0.0167845 0.0131457 0.00123195 0.0121584 -0.0104941 -0.0241154 -0.00965671 0.0363127 -0.00530568 0.00505843 -0.0481231 0.00553465 0.0764522 0.0636673 0.0355699 0.0656422 -0.0396798 -0.0725629 0.0182376 -0.0144224 -0.0126189 0.0250994 -0.0173373 -0.0104157 -0.0620551 -0.0140242 -0.0590382
internal_weight=95.3364 41.7608 38.4854 37.2063 35.7151 23.5859 21.4213 14.8782 13.3221 11.8604 12.1292 5.95488 10.5679 3.85268 2.52215 6.17428 6.5431 6.71522 4.6968 4.54762 3.35736 1.93564 53.5756 52.5246 5.84007 46.6845 40.4271 6.25745 39.2318 6.29512
internal_count=2400 1089 973 948 891 567 534 332 291 267 324 122 257 79 62 202 202 178 135 83 59 46 1311 1280 96 1184 980 204 963 172
is_linear=0
shrinkage=0.1


Tree=45
num_leaves=31
num_cat=0
split_feature=7 6 6 0 0 7 5 8 6 7 2 4 2 8 2 7 7 7 2 2 1 9 4 7 1 7 7 9 4 8
split_gain=2.07936 1.16898 1.35479 1.29336 1.04077 1.0128 1.48507 1.024 0.99828 0.935065 1.40129 1.19439 0.988763 0.876173 0.836314 0.822105 1.00492 1.08371 1.36378 2.45596 1.04595 3.82867 3.65737 1.74214 1.50402 1.96201 2.66698 2.71357 2.20499 2.74492
threshold=14.970109093673353 5.2700891698579531 13.658064529744722 1.5711932151653349 1.7642702733151541 15.737685672157692 3.5000000000000004 0.24272742052598859 4.596070852767185 11.943212140633483 0.050691979557194157 2946.4799826938265 0.043378191158732905 0.68213948318559325 0.10399658976386587 176.28089519445382 201.36848210928903 188.96744125829534 0.080972734187846215 0.050355145064756961 17.500000000000004 13.647763293669925 4796.6082580929451 211.74241743221384 20.500000000000004 223.22191398189989 239.4110414973313 21.647116059851388 4920.559274148517 3.9588530839358982
decision_type=2 2 2 2 2 2 2 2 2 2 2 2 2 2 2 2 2 2 2 2 2 2 2 2 2 2 2 2 2 2
left_child=4 -2 3 -3 8 -4 -7 -8 -1 -10 11 -11 -13 -9 15 -15 17 -17 19 -19 21 22 -18 -22 25 -25 -27 28 29 -28
right_child=1 2 5 -5 -6 6 7 13 9 10 -12 12 -14 14 -16 16 20 18 -20 -21 23 -23 -24 24 -26 26 27 -29 -30 -31
leaf_value=-0.10337297124881498 0.1218189249052507 -0.10529676714368666 0.083728423761566986 0.012200228571373527 -0.10227737936498522 -0.10865263920872713 0.12521005843945274 -0.10990205042678416 -0.0046900143909101369 0.10800958485026786 -0.10295553382630325 -0.10557329911212331 0.021787312953650453 0.091671579988281543 0.10287173682551823 0.039246334560177336 0.069655315911425139 -0.11011376872425505 -0.13983946791616494 0.10400291190431898 0.10426852934269726 0.091891961875410946 -0.11318306704223842 -0.15605073049842663 0.019906404761797558 0.10478752692390098 -0.12965776773673138 -0.14975411973087016 0.067990313442543734 0.012559422390827532
leaf_weight=1.2419844344258297 0.94999039545655151 1.924397770315408 2.0107145924121133 1.8255621865391729 1.4308631652966131 1.0105318315327156 0.81160725560039182 0.58303329162299533 28.591469001956284 0.73119904287159387 2.6157763916999102 1.1426584692671897 1.3065831298008559 1.243637679144739 1.0230267625302065 1.4730085274204601 2.0098100490868074 1.1812090855091817 1.3949341680854557 0.98026329092681397 1.6624544374644781 6.22892215102911 2.4010615395382047 1.0744520202279115 15.296578973531721 1.6052557565271843 2.278725319541989 1.684796979650854 2.4932691464200616 3.3556884694844484
leaf_count=49 7 56 15 18 91 21 10 9 713 6 143 34 32 55 52 43 56 14 19 32 56 197 41 22 394 49 23 15 67 61
internal_value=-0.000246632 0.0118268 0.0099459 -0.0480967 -0.018654 0.0141475 0.0113377 0.0138234 -0.0152957 -0.0121146 -0.0487386 -0.00414747 -0.037631 0.0119388 0.0134379 0.0114645 0.00925381 -0.0328813 -0.0627555 -0.0130083 0.0145397 0.0414127 -0.0298729 0.00483129 -0.00111752 -0.0268611 -0.0147039 -0.0342519 -0.0103093 -0.0449575
internal_weight=93.5635 56.5029 55.5529 3.74996 37.0605 51.803 49.7923 48.7817 35.6297 34.3877 5.79622 3.18044 2.44924 47.9701 47.3871 46.3641 45.1204 5.02942 3.55641 2.16147 40.091 10.6398 4.41087 29.4512 27.7888 12.4922 11.4177 9.81248 8.12768 5.63441
internal_count=2400 1332 1325 74 1068 1251 1236 1215 977 928 215 72 66 1205 1196 1144 1089 108 65 46 981 294 97 687 631 237 215 166 151 84
is_linear=0
shrinkage=0.1


Tree=46
num_leaves=31
num_cat=0
split_feature=6 0 0 4 9 9 6 6 6 0 6 9 9 8 9 7 7 9 2 9 9 6 0 0 6 6 6 7 9 4
split_gain=1.84467 1.24714 1.70968 0.808894 0.801272 0.995835 1.41355 1.69765 1.25491 2.53258 2.31963 2.1911 1.93872 2.03976 1.98749 1.80811 2.05099 1.52083 1.41269 1.31391 2.94933 1.36529 1.84828 1.07073 0.83032 0.794962 1.65005 1.10939 1.27403 0.91838
threshold=194.37747333596613 1.4054548708436327 1.4324668859394414 2539.4363179862144 26.949365305316384 24.868161257458844 204.15110464355743 207.75301415945481 240.87867195007411 1.8239134722998742 243.90266617548482 15.731677297286042 10.791988699937624 5.6307975650039728 11.261728600661529 223.22191398189989 308.85432924836476 18.310197558621166 0.055646670262271707 13.946655505929007 14.123146432299107 298.64490603711619 2.4408608346586385 2.7311110533567136 319.48973334946407 188.18446143533211 181.07046424547079 281.56657009322419 10.227573281437236 3062.4592626946369
decision_type=2 2 2 2 2 2 2 2 2 2 2 2 2 2 2 2 2 2 2 2 2 2 2 2 2 2 2 2 2 2
left_child=3 -2 -3 -1 5 6 -4 -8 9 11 -10 18 24 14 -14 -15 17 -17 -9 -16 -21 22 -22 -11 -12 26 27 28 29 -5
right_child=1 2 4 25 -6 -7 7 8 10 23 12 -13 13 15 19 16 -18 -19 -20 20 21 -23 -24 -25 -26 -27 -28 -29 -30 -31
leaf_value=-0.1041094820258045 0.078230290213275586 -0.13326064331618778 0.10440779721116394 0.017704698954887934 0.1098551751199888 -0.098127070544052258 -0.11014557023949111 -0.1792774623881781 -0.1118395766740054 0.10472188789506472 0.10416980848842419 0.10366755361417908 -0.12910597246140651 -0.13169176547655762 0.10440200205739239 0.069407927976780762 -0.12520410177170826 -0.057728925205109909 -0.012472180176635652 -0.14123393083007588 0.085374742314991217 -0.061927823797237748 -0.054045069859132336 -0.04087263274361571 -0.026356875922934987 -0.074677449504504598 0.10768391131490858 -0.11312497377368694 0.069217180160116187 -0.01932493261286259
leaf_weight=0.94830879289656778 2.9811400864273301 0.80377129465341468 1.6623154887929548 8.1985882138833386 0.8549738023430099 0.80412798188626666 1.1374576343223441 0.87382501363754528 1.6538629103451992 4.7303456142544746 2.7512862728908689 0.90917582809925068 0.78291280101984995 1.7640158319845785 2.2182634174823752 2.4536828687414531 1.2721984088420866 1.5260701905936001 1.2118598101660607 1.0227807024493794 4.9575559226796031 1.1091467402875421 1.1765206521376965 0.56549795530736435 0.59227027185261238 1.8818873297423113 1.1936967931687821 1.047485690563916 1.9904484208673228 36.585277114063501
leaf_count=31 116 15 57 138 13 12 22 8 23 176 100 36 18 23 84 49 6 22 34 14 178 32 30 7 14 27 27 9 41 1038
internal_value=-0.000168983 0.0160193 0.0109843 -0.0126008 0.0142021 0.0118772 0.0144508 0.00987901 0.0142033 0.0476121 0.0023057 -0.0258842 0.0110348 -0.00176913 0.0245881 -0.0440972 -0.014676 0.0206562 -0.0823574 0.0360652 0.0177264 0.0401724 0.0586339 0.0891751 0.0810486 -0.0108959 -0.00844705 -0.0113458 -0.00906654 -0.0125459
internal_weight=91.6607 39.8151 36.8339 51.8457 36.0301 35.1752 34.371 32.7087 31.5713 8.2907 23.2806 2.99486 21.6267 18.2831 11.2672 7.01597 5.25195 3.97975 2.08568 10.4843 8.266 7.24322 6.13408 5.29584 3.34356 50.8974 49.0155 47.8218 46.7743 44.7839
internal_count=2400 1089 973 1311 958 945 933 876 854 261 593 78 570 456 356 100 77 71 42 338 254 240 208 183 114 1280 1253 1226 1217 1176
is_linear=0
shrinkage=0.1


Tree=47
num_leaves=31
num_cat=0
split_feature=6 0 0 0 1 0 7 7 6 4 2 7 4 0 4 7 0 9 9 4 9 8 6 9 1 1 6 6 0 9
split_gain=1.56562 1.09478 1.2936 1.07128 1.36049 1.33453 1.47564 2.209 3.03032 2.32202 1.77066 1.60492 3.21153 2.73393 2.93753 1.55031 1.54298 1.29236 2.44943 1.64305 2.28591 1.43278 1.09353 0.851398 0.823602 0.802534 0.910522 1.89551 0.773617 1.75122
threshold=194.37747333596613 1.4054548708436327 1.4493158574659415 1.6560584696142218 13.500000000000002 1.6848552359871878 239.4110414973313 201.36848210928903 319.48973334946407 4190.7651525917381 0.043942307506218158 255.7505959432913 4238.104630877292 1.9414456288202044 4527.9603799176366 262.39238732969045 1.7994801685260233 9.9178537790753882 13.385417528471809 4104.1160660222613 18.591238001832167 5.793780387859619 264.44396372908113 21.647116059851388 15.500000000000002 25.500000000000004 189.58962469967835 181.07046424547079 1.2703165292957694 0.56130939028826365
decision_type=2 2 2 2 2 2 2 2 2 2 2 2 2 2 2 2 2 2 2 2 2 2 2 2 2 2 2 2 2 2
left_child=25 23 -3 -4 -5 -6 7 9 24 -7 -11 12 -8 -14 -15 -13 -17 -18 -19 -20 21 -21 -16 -2 -9 26 27 28 29 -1
right_child=1 2 3 4 5 6 11 8 -10 10 -12 15 13 14 22 16 17 18 19 20 -22 -23 -24 -25 -26 -27 -28 -29 -30 -31
leaf_value=0.0011539118779161088 0.1031830900317464 -0.081759519567054614 0.065770707191201677 0.1040882121188797 -0.098540327423764007 -0.14493551537471425 0.10515720080005493 -0.013642471292715432 -0.12670027727042282 -0.10165042692999776 0.074894380453367881 0.10502380220795804 -0.20786004556524451 -0.18342814927743659 0.10442379077945792 0.10694213244923444 -0.10317348961451403 0.1068001329787721 -0.094294807934288238 0.036056110049862165 0.10853699741859056 -0.11300507141503301 -0.073426593709453813 -0.034928351439331949 0.10371788437735847 -0.11068841851399532 -0.096777032998684412 0.10716182570378348 -0.0020410508823639172 -0.064750752142524237
leaf_weight=8.8461772631853837 2.2304628891870375 1.4580921549350012 3.6319654574617735 1.4160106563940669 1.2227398362010742 1.1245491169393083 0.95677000470459717 0.66738559119403351 0.70648974087089289 0.79109584726393256 2.0153983738273382 1.4792675022035826 1.4538060468621554 0.85780848748981986 1.0626166830770669 1.120488604530691 1.4754248624667514 1.6640236550010721 2.4284180449321866 1.1598014123737814 1.4858405031263826 1.4522951301187275 0.51243659295141686 0.55801439750939597 5.7485090037807822 0.8023485355079164 1.1777946036308993 1.3934800745919336 31.626232647337019 7.408564865589141
leaf_count=243 105 25 127 52 23 24 28 16 10 11 78 48 18 9 43 29 24 48 30 42 35 13 12 11 228 10 15 32 796 215
internal_value=-8.78498e-07 0.0151873 0.010498 0.0144047 0.00834776 0.00373423 0.00817473 0.0366534 0.0698651 -0.0235206 0.0251299 -0.0102242 -0.0589637 -0.0993649 -0.0345314 0.00902214 -0.00414384 -0.0170213 -0.00150169 -0.0291154 0.00950963 -0.0468202 0.046561 0.075545 0.09151 -0.0114628 -0.00988477 -0.0078078 -0.0111538 -0.028884
internal_weight=89.9343 38.6797 35.8912 34.4331 30.8012 29.3852 28.1624 11.0534 7.12238 3.93104 2.80649 17.109 4.84344 3.88667 2.43286 12.2656 10.7863 9.6658 8.19038 6.52636 4.09794 2.6121 1.57505 2.78848 6.41589 51.2546 50.4522 49.2745 47.881 16.2547
internal_count=2400 1089 973 948 821 769 746 367 254 113 89 379 110 82 64 269 221 192 168 120 90 55 55 116 244 1311 1301 1286 1254 458
is_linear=0
shrinkage=0.1


Tree=48
num_leaves=31
num_cat=0
split_feature=7 6 6 0 6 2 9 2 4 5 8 0 2 9 0 8 8 7 9 0 4 2 6 0 2 2 0 6 2 0
split_gain=1.37073 1.03079 1.05537 1.00036 0.944255 0.931439 3.03598 2.99999 2.47332 1.69408 3.47057 1.99901 1.98883 2.79629 1.85259 2.5366 2.46807 1.63264 1.49042 1.83769 1.47472 1.46906 2.35777 2.89597 0.878093 0.758494 0.748525 2.15118 1.35989 1.35877
threshold=14.970109093673353 5.2700891698579531 9.3189114352628568 1.7642702733151541 4.596070852767185 0.070658592620365418 1.1325483082241619 0.067964203451221311 3665.7340034537488 3.5000000000000004 0.33615861193556584 1.0368582511655238 0.03470832205685976 0.21595332256623898 1.1933946963021624 0.29799135254868442 0.095254440458265657 11.768874527246856 0.24308473370805297 1.0368582511655238 4412.8883959970162 0.043378191158732905 12.257722201116581 1.2970768690845171 0.045797619418008161 0.10399658976386587 1.4493158574659415 226.29900538994897 0.07783420676434076 1.6791508790630145
decision_type=2 2 2 2 2 2 2 2 2 2 2 2 2 2 2 2 2 2 2 2 2 2 2 2 2 2 2 2 2 2
left_child=3 -2 -3 4 -1 7 20 9 -9 10 11 -6 -13 -14 -15 16 -16 -12 -11 -20 -7 -21 23 -23 -24 26 27 28 -4 -28
right_child=1 2 25 -5 5 6 -8 8 -10 18 17 12 13 14 15 -17 -18 -19 19 21 -22 22 24 -25 -26 -27 29 -29 -30 -31
leaf_value=-0.10300329810434611 0.11331950551348136 -0.10489486874388226 -0.079444733321613489 -0.10202745323742567 -0.1031422372774445 -0.10495011163308043 0.093699135688381341 -0.0084713273246685844 0.20592738546340728 -0.10455844187763222 -0.10485200997442867 0.16296299346739493 -0.10406380187507042 0.15615054012002733 0.078355565248603432 0.14002482476716455 -0.10475237138937309 0.037580883769724786 0.082810896706962123 -0.10522014892796885 0.069038477993048936 -0.10616344549813644 0.045811012134579082 0.12433125148387764 -0.10320345679409684 0.10265152038459034 0.051598548884535404 0.061749999600200882 0.038442415545224491 0.0054215424262037586
leaf_weight=1.0980600882321585 0.95542853698134322 0.80800370313227077 4.3514911215752354 1.2733404138125468 0.82241876609623688 3.9468007851392022 1.2317463904619215 0.96254331991076414 1.2201214162632821 2.651639443822206 2.8781683780252947 1.5430457126349191 1.1639532987028358 1.6342041157186029 1.3510681446641686 1.4482331294566391 1.6172489570453761 1.1171226454898713 1.4750462756492178 2.3341538300737739 0.55575335305184115 0.7698306888341907 0.48270561080426011 1.8672195272520182 2.1874477942474186 0.87396693276241322 7.8211373165249816 2.3079287530854344 1.2623999956995247 34.397902274969965
leaf_count=49 7 24 88 91 34 128 20 25 22 101 97 14 47 22 25 19 53 36 36 67 22 21 9 35 95 52 184 97 21 859
internal_value=0.000163814 0.0103948 0.0084972 -0.0149904 -0.0117647 -0.00875259 -0.0454171 -0.00111458 0.111379 -0.0108029 0.0132689 0.045921 0.0599192 0.0378807 0.0651858 0.0315272 -0.0214084 -0.0650264 -0.0385718 -0.0193786 -0.0834746 -0.0391047 -0.0100266 0.0570432 -0.0762649 0.0102932 0.00868334 -0.0195231 -0.0529354 0.0139759
internal_weight=88.4101 52.7783 51.8228 35.6319 34.3585 33.2605 5.7343 27.5262 2.18266 25.3435 13.5755 9.58017 8.75775 7.21471 6.05075 4.41655 2.96832 3.99529 11.768 9.1164 4.50255 7.64136 5.3072 2.63705 2.67015 51.0148 50.1409 7.92182 5.61389 42.219
internal_count=2400 1332 1325 1068 977 928 170 758 47 711 347 214 180 166 119 97 78 133 364 263 150 227 160 56 104 1301 1249 206 109 1043
is_linear=0
shrinkage=0.1


Tree=49
num_leaves=31
num_cat=0
split_feature=7 7 2 0 9 8 6 0 0 1 8 8 5 0 2 4 9 9 1 0 1 0 9 9 8 8 2 0 1 1
split_gain=1.18121 0.938367 1.18177 1.09141 0.966182 0.849882 0.859218 0.810104 2.83366 2.30695 1.70405 2.62471 2.93073 1.51867 2.78921 1.50546 3.20727 2.64738 1.4215 2.85361 1.77444 3.10951 1.68979 1.48801 1.56435 0.826702 0.696963 0.631246 1.80695 1.68429
threshold=14.970109093673353 11.943212140633483 0.050691979557194157 1.2788006659989271 0.46263224146420517 0.14528402897627063 5.2700891698579531 1.4013897434831881 1.3918560253050729 1.5000000000000002 0.41494355646689451 0.36877763365151145 3.5000000000000004 1.2703165292957694 0.055446495542432354 3029.2268303391702 0.32892361810153975 0.25350184835093265 2.5000000000000004 1.1933946963021624 3.5000000000000004 1.302885939973123 0.97527102670507249 0.39920326878010076 0.16044839380312467 0.41096785849715317 0.10399658976386587 1.4493158574659415 22.500000000000004 18.500000000000004
decision_type=2 2 2 2 2 2 2 2 2 2 2 2 2 2 2 2 2 2 2 2 2 2 2 2 2 2 2 2 2 2
left_child=1 7 3 -3 -5 -2 -7 8 9 13 11 12 15 -1 -15 -9 17 -17 19 23 -20 25 -21 -11 -25 -22 27 28 29 -8
right_child=5 2 -4 4 -6 6 26 10 -10 18 -12 -13 -14 14 -16 16 -18 -19 20 22 21 -23 -24 24 -26 -27 -28 -29 -30 -31
leaf_value=-0.10388421703890625 -0.087696811804115038 -0.1036260751307915 -0.10254792496525045 -0.043722705813949297 0.084442514556800199 0.10551859006581224 -0.0073808574417956498 0.10613231078950275 0.1803113155550839 0.16996141662059056 -0.10348208792703535 0.18177369294958215 -0.10348924445831349 0.1052737603721744 -0.10564419229035311 -0.023326062565900509 -0.10557025127426417 0.21992503760556664 -0.075637324853505328 -0.10570303320142929 -0.10420256618567686 0.1888007726025511 0.076835982156114202 0.14074421457590328 -0.028212478999630336 0.044833117266811495 0.10239730425221416 0.012712447541964142 0.1035619298496705 -0.12134412947944362
leaf_weight=3.0000320179388025 0.88496861234307189 0.92483190167695228 2.52019207412377 1.1047286195680501 1.2579753017053006 0.94686524569988151 4.8690022355876854 1.499402779620137 0.88940822705626388 1.8667906243354062 2.3613014454022041 0.67433863366022784 2.9291747235693038 1.274918928742409 1.2336823362857101 1.040500730276108 1.8496657735668121 0.78492803312838066 2.5225330917164683 1.3618062343448403 0.9108014712110164 0.92320354282855976 0.80804535932838906 1.0059005348011854 1.2038501640781758 0.62938885018229485 0.79266130831092496 41.910839151591063 1.0479937456548212 1.7676538135856388
leaf_count=108 33 42 164 23 19 6 120 19 13 24 104 20 122 26 35 39 65 8 78 40 32 13 12 12 32 18 52 1041 44 36
internal_value=-2.58222e-05 -0.014362 -0.0510272 -0.011532 0.0245163 0.00946686 0.0111419 -0.00696039 0.00637794 -0.00286274 -0.0280712 -0.00778549 -0.0235595 -0.0558708 0.00154833 0.0216871 -0.0127657 0.0812711 0.0231339 0.054917 -0.0166843 0.0436841 -0.0377261 0.104229 0.0486983 -0.0433001 0.0093684 0.00788156 -0.0184653 -0.0377346
internal_weight=86.7974 34.5774 5.80773 3.28754 2.3627 52.22 51.335 28.7697 17.6304 16.741 11.1393 8.77801 8.10367 5.50863 2.5086 5.1745 3.67509 1.82543 11.2323 6.24639 4.98593 2.46339 2.16985 4.07654 2.20975 1.54019 50.3882 49.5955 7.68465 6.63666
internal_count=2400 1068 248 84 42 1332 1299 820 443 430 377 273 253 169 61 131 112 47 261 120 141 63 52 68 44 50 1293 1241 200 156
is_linear=0
shrinkage=0.1


Tree=50
num_leaves=31
num_cat=0
split_feature=6 0 0 1 4 9 7 8 4 4 8 5 7 7 5 0 7 2 7 8 9 0 9 6 4 7 8 0 8 4
split_gain=1.02044 1.07048 1.06553 1.02767 0.740496 0.718064 0.787061 1.48129 0.848623 3.10374 2.1566 1.37318 1.0944 2.7219 1.68364 1.57703 1.74045 1.63052 2.0144 2.75771 2.66438 1.38143 1.03104 0.876565 0.867842 1.80802 0.687133 0.686069 1.13157 0.646934
threshold=194.37747333596613 1.4054548708436327 1.4324668859394414 26.500000000000004 3697.6496245046569 26.949365305316384 338.04045305670599 2.8409139949842404 4034.9863062998343 4161.9019913046995 5.2329411822000216 5.5000000000000009 188.96744125829534 191.35449722076095 5.5000000000000009 2.4408608346586385 273.17763762346817 0.053539252389439358 250.34578171404902 4.6703360822756013 14.123146432299107 2.6928570163138401 15.250000523314617 267.68932630114398 5073.7324626518102 262.98063742658246 6.6263228016759159 0.91788173520150618 0.54501869610265241 2539.4363179862144
decision_type=2 2 2 2 2 2 2 2 2 2 2 2 2 2 2 2 2 2 2 2 2 2 2 2 2 2 2 2 2 2
left_child=3 4 -3 27 -2 6 7 -4 10 -10 -9 -12 -11 -14 21 16 17 -16 19 -19 -21 23 -18 24 26 -26 -15 28 -1 -29
right_child=1 2 5 -5 -6 -7 -8 8 9 12 11 -13 13 14 15 -17 22 18 -20 20 -22 -23 -24 -25 25 -27 -28 29 -30 -31
leaf_value=-0.10314248609857112 -0.029135769383863447 -0.098940958374777843 0.10242156640928941 -0.12733413914247144 0.10306538707704843 0.10844505599691762 -0.074437455365901961 0.0900740676935462 -0.12611788935035459 0.10324144351401916 0.048991970639547654 -0.086326849469598052 -0.18199342734800947 0.1032479285810938 0.047811086739316402 0.10355620735835891 -0.019956791568920017 0.10267423329926473 -0.15898538987393218 -0.17246840233810298 0.02812121107462448 -0.07137522117540103 0.10802321429216442 0.10400204877261313 0.060273116903676663 -0.10020742736907971 -0.027453865432287169 -0.1033860199505023 0.069829409749994395 -0.0038672322569626091
leaf_weight=1.6429140348918729 0.5376141751185054 0.91143911331891914 1.6905142497271324 0.73157806321978469 1.9995015477761624 0.73427168466150661 1.1067803651094426 3.5991185754537609 1.8762540305033351 1.1427036100067223 1.3807245884090662 1.6414060760289431 0.76803309097886341 1.9634282062761488 1.2624947484582643 0.98190716095268804 1.3057763176038863 1.0533133428543808 1.9927439489401875 1.5714657520875337 1.1444214079529045 0.95943525992333878 1.2154254149645565 2.5475222212262452 1.7515985155478122 1.1716180304065344 0.50586566235870112 0.66284186020493407 0.49131007213145483 44.929862621240318
leaf_count=74 12 15 117 8 104 13 7 99 36 52 33 26 5 87 33 37 30 50 36 27 36 14 28 104 58 21 9 27 10 1192
internal_value=-0.000176186 0.0123742 0.00773506 -0.00971107 0.075052 0.010649 0.00844846 0.0113584 0.00619856 -0.00280859 0.0377775 -0.0245036 0.00803415 0.002647 0.00994662 -0.0171204 -0.0295337 -0.0551152 -0.0776673 -0.0346751 -0.0879439 0.0419653 0.04174 0.0556608 0.0328236 -0.00404709 0.076472 -0.0079081 -0.0633234 -0.00531407
internal_weight=85.2739 36.8154 34.2783 48.4585 2.53712 33.3668 32.6326 31.5258 29.8353 23.214 6.62125 3.02213 21.3378 20.195 19.427 10.5275 9.54564 7.02444 5.76194 3.7692 2.71589 8.89947 2.5212 7.94003 5.39251 2.92322 2.46929 47.7269 2.13422 45.5927
internal_count=2400 1089 973 1311 116 958 945 938 821 663 158 59 627 575 570 277 240 182 149 113 63 293 58 279 175 79 96 1303 84 1219
is_linear=0
shrinkage=0.1


Tree=51
num_leaves=31
num_cat=0
split_feature=7 0 6 2 9 2 9 4 9 4 4 2 0 2 1 6 4 6 8 7 7 0 9 8 6 4 1 2 2 1
split_gain=0.935526 0.883661 0.821774 0.757357 2.43318 2.22208 1.79402 1.53496 1.19499 1.88885 1.81404 1.46709 2.09262 2.52063 1.5375 1.75281 1.52933 1.38569 1.43104 1.48876 2.70697 1.34632 0.868193 0.724813 0.691852 0.675128 0.61037 0.561428 1.81497 1.56503
threshold=14.970109093673353 1.7642702733151541 4.596070852767185 0.070658592620365418 1.1325483082241619 0.069711451715571207 1.0986529835396419 4466.9443061778302 0.95630443491663264 4168.7825726295014 4527.9603799176366 0.03772063296543076 1.4678008182811391 0.065632541193531513 2.5000000000000004 8.8129583455994442 2958.4438870858248 9.5779858998380991 0.5682137678712752 9.9255902319604292 6.8709159482716204 1.7196129696857454 0.27700806396951588 0.14528402897627063 5.2700891698579531 3683.9976839559813 2.5000000000000004 0.088693504200889464 0.094089956786966925 21.500000000000004
decision_type=2 2 2 2 2 2 2 2 2 2 2 2 2 2 2 2 2 2 2 2 2 2 2 2 2 2 2 2 2 2
left_child=1 2 -1 5 7 6 8 -5 10 -10 11 16 13 14 15 -13 -4 -17 19 20 -19 -14 -18 -2 -25 -24 -15 -26 -29 -30
right_child=23 -3 3 4 -6 -7 -8 -9 9 -11 -12 12 21 26 -16 17 22 18 -20 -21 -22 -23 25 24 27 -27 -28 28 29 -31
leaf_value=-0.10257556975977325 -0.085127330930812151 -0.1017994726110204 0.183097194644123 -0.10424750511891089 0.079833565088529734 0.18039636138730222 -0.082249610684967653 0.08278455251346202 -0.0011902220706915493 0.18020795352433336 -0.1040011703811129 -0.10508465592773125 -0.10358192285302714 0.060795650300975716 -0.075187032437776732 0.14449777600295355 0.084694671493117768 -0.10525969526888311 0.11910251306066216 -0.10317457665308349 0.092198415390104732 0.084009657777543725 -0.10353853554759181 0.094212242928158954 0.0041710451621640157 0.043710125723934373 0.17272403591295393 0.10859876901049217 -0.036270268332868359 0.10318181021236572
leaf_weight=0.93248223606496949 0.81336260959505935 1.0856458446942259 0.82724284380676438 3.4547904492355879 1.2442103540524838 0.66288148984312911 2.6920890300534657 0.5026384419761597 1.4452539072372013 0.95223515108227719 1.658929987810551 1.0552062317728976 2.8597989683039482 0.99747532792389282 2.5878722756169736 0.96424499852582801 1.2656279215589168 1.0436534956097605 1.0516639044508336 1.2473052269779143 2.0739560257643461 0.44166536256670941 0.64871101919561602 0.95773561298847099 42.405753907281905 0.5987854516133666 0.95239061769098043 2.2433983958326271 3.2868987845722586 1.0656976769678292
leaf_count=49 33 91 5 131 20 10 78 19 38 18 70 33 125 22 100 12 20 33 16 64 42 12 23 6 1076 17 20 75 89 53
internal_value=-2.55494e-05 -0.0130656 -0.0100702 -0.00730804 -0.042143 -0.000346075 -0.00506971 -0.0804923 0.00409468 0.0708575 -0.00380012 0.0051293 -0.00799851 0.0114367 -0.00879924 0.0143049 0.0651618 0.0340485 0.0143867 -0.0108431 0.0260972 -0.0784862 0.0263411 0.00851324 0.0100378 -0.0328607 0.115466 0.00839257 0.0355328 -0.00212657
internal_weight=84.0196 33.2468 32.1611 31.2286 5.20164 26.027 25.3641 3.95743 22.672 2.39749 20.2745 18.6156 15.2752 11.9738 10.0239 7.43603 3.34037 6.38082 5.41658 4.36491 3.11761 3.30146 2.51312 50.7728 49.9595 1.2475 1.94987 49.0017 6.59599 4.3526
internal_count=2400 1068 977 928 170 758 748 150 670 56 614 544 479 342 300 200 65 167 155 139 75 137 60 1332 1299 40 42 1293 217 142
is_linear=0
shrinkage=0.1


Tree=52
num_leaves=31
num_cat=0
split_feature=7 0 6 7 2 2 6 8 8 9 4 8 9 4 4 8 9 4 5 5 4 6 6 7 7 6 0 0 0 8
split_gain=0.806106 0.8063 0.74589 0.703026 1.16781 0.749342 0.715295 1.60773 1.7237 2.16169 1.67239 2.07867 1.52389 1.3181 1.63331 1.29098 1.3818 2.32258 1.61271 1.49744 0.722833 0.529983 0.781645 1.32055 0.887063 1.15337 0.625712 2.01328 1.94397 1.8916
threshold=14.970109093673353 1.7642702733151541 4.596070852767185 11.943212140633483 0.050691979557194157 0.043378191158732905 12.449538783665821 0.32122767996528673 0.23618630314786251 0.54464269458330594 3807.9447743565825 0.14158354095981063 0.27700806396951588 4767.2390872117121 4216.9987757358058 0.17148441365137271 0.38820963018254351 3525.0618054129141 3.5000000000000004 3.5000000000000004 3691.4163953312768 5.2700891698579531 13.658064529744722 18.114472054440778 16.00388925756463 18.807142355492385 2.1677387367782686 2.1954302412130748 2.2823774152718719 3.5613459561432461
decision_type=2 2 2 2 2 2 2 2 2 2 2 2 2 2 2 2 2 2 2 2 2 2 2 2 2 2 2 2 2 2
left_child=1 2 -1 6 5 -5 13 8 10 -10 11 -8 -9 14 15 20 19 18 -18 -17 -4 -2 23 -23 -24 -26 -27 -28 -29 -30
right_child=21 -3 3 4 -6 -7 7 12 9 -11 -12 -13 -14 -15 -16 16 17 -19 -20 -21 -22 22 24 -25 25 26 27 28 29 -31
leaf_value=-0.10232871987828365 0.080346878023981688 -0.10162878007896343 -0.10476093657143692 -0.056618182686387658 -0.10229779644370159 0.047344265675184634 0.059976268444598413 0.020880518706852421 -0.039027657795773281 0.14270479033226788 -0.10298584338874395 -0.10357527428745728 -0.10394012513660751 0.11617766251598341 -0.10442912217047949 0.12332501936153213 -0.047632697863986682 -0.1046757418728477 0.093850903763364399 -0.022549748855878123 0.026403277548159628 -0.10631962582917093 0.067134670424699158 0.020393509574948968 -0.10912519662651088 0.016842689771287146 -0.10442168519388061 0.10492977063420308 -0.069836468807739444 0.021595814526595633
leaf_weight=0.84567659161985176 0.98580583557486434 0.98389895632862945 1.1702682971954406 1.2994857020676129 1.9339292570948599 1.4862766526639459 2.7704885443672524 1.4216730846092094 1.0588472699746492 1.7141146082431076 1.7855694610625503 1.0800396315753458 3.1348088560625911 1.1949874693527807 1.2031093705445517 2.5470089726150023 1.2316168341785672 1.4648184608668087 2.3293807664886117 0.97235003951936949 0.65548733435571183 1.5897841490805142 2.5374056566506615 1.7039856538176534 0.8486716840416183 29.206013144459575 1.9063342725858081 1.7097254339605559 3.4875787412747723 6.4427138278260827
leaf_count=49 7 91 38 38 143 34 46 55 38 26 80 40 122 23 42 40 28 54 31 34 16 54 21 20 20 873 27 68 68 174
internal_value=-0.000155159 -0.012493 -0.00969104 -0.00711861 -0.042597 -0.00115151 -0.000611922 -0.017157 0.0087641 0.0733108 -0.0229929 0.0141015 -0.0649947 0.0161877 0.00586407 0.0186589 0.0349673 0.00131686 0.044917 0.0830218 -0.05767 0.00774504 0.00629717 -0.0407664 0.00965698 0.00631201 0.00860354 -0.00916011 0.00644128 -0.0105158
internal_weight=82.7019 32.2838 31.2999 30.4543 4.71969 2.78576 25.7346 12.9655 8.40906 2.77296 5.6361 3.85053 4.55648 12.769 11.574 10.3709 8.54518 5.02582 3.561 3.51936 1.82576 50.418 49.4322 3.29377 46.1384 43.601 42.7524 13.5464 11.64 9.93029
internal_count=2400 1068 977 928 215 72 713 407 230 64 166 86 177 306 283 241 187 113 59 74 54 1332 1325 74 1251 1230 1210 337 310 242
is_linear=0
shrinkage=0.1


Tree=53
num_leaves=31
num_cat=0
split_feature=4 8 4 7 6 8 7 8 8 9 9 7 6 0 7 0 1 7 7 4 9 2 2 0 0 9 0 0 7 8
split_gain=0.815917 0.726417 1.59434 1.23797 1.00531 0.796424 0.669671 1.01752 2.09781 1.35986 1.6206 1.33984 1.32535 1.73271 2.08458 1.73903 1.64807 1.07555 1.04031 1.0006 0.938837 0.848298 0.707172 0.701965 0.605741 1.44052 1.32602 1.26512 1.20953 1.31339
threshold=2539.4363179862144 0.12983453850516083 2824.8881436666602 5.993043111047986 21.684913108323943 0.14158354095981063 14.970109093673353 0.19583057635939338 0.20315723402742705 0.012436866196756951 0.069627874969869621 11.943212140633483 18.083019511373873 1.4013897434831881 9.9255902319604292 1.3793064337697685 1.5000000000000002 3.6753744608598504 5.6359570356467064 4517.4083457704573 0.32892361810153975 0.047118662094049607 0.036314649204837603 1.5789617790251722 1.7994801685260233 16.748116986989171 1.8210928091870673 1.7282608359613345 287.86606869151916 5.6307975650039728
decision_type=2 2 2 2 2 2 2 2 2 2 2 2 2 2 2 2 2 2 2 2 2 2 2 2 2 2 2 2 2 2
left_child=-1 2 -2 -4 -5 -3 7 17 -9 -10 -11 12 13 14 15 16 -12 -7 -18 21 -16 -15 -13 -14 25 27 -26 -8 -28 -30
right_child=1 5 3 4 -6 6 24 8 9 10 11 22 23 19 20 -17 18 -19 -20 -21 -22 -23 -24 -25 26 -27 28 -29 29 -31
leaf_value=-0.087458978335094667 0.070974494595458001 0.083992822599056285 0.02882412443452334 -0.10378731592762878 0.049857639542929696 0.071847104099038703 -6.2156199385167426e-05 0.13373857422167409 -0.10253586865392633 0.11364342962818585 -0.048135224808010572 0.032060086585764716 -0.1040797727354294 -0.0040138309023691433 0.057794799317477011 0.17702302204283707 -0.015117779526868573 -0.10391220359970155 0.10261470276261847 0.048714850673668646 -0.10385957596154 -0.10244770420256027 -0.10308271342001213 0.030137756122024392 -0.087821103408220899 0.071251289459243652 0.014594791588635098 0.10459317781608189 0.0082331761607532007 -0.10107413075516079
leaf_weight=1.0589236603118468 1.2258224207907904 1.2147769685834635 1.290652312338352 3.3642616537399594 0.48757239570841182 0.42237469926476778 15.045681745512416 1.0453172856941844 1.519009200856092 1.0992826716974402 1.5107267713174239 0.47467334289103691 1.662603979930281 1.4822400691919022 0.50142363179475058 1.13181671872735 0.99048388190567482 1.9818722191266713 3.0981649570167065 1.0500708115287123 1.2672058390453456 2.1388469371013343 2.1012449571862817 0.50895601883530606 1.6398973884061003 4.6165925664827219 21.689713813830171 1.2511195698752988 2.3535095639526835 2.0626358427107334
leaf_count=36 15 19 33 168 10 7 325 16 99 21 42 10 66 36 15 8 31 87 54 26 50 120 125 13 27 163 662 49 52 15
internal_value=-0.000253562 0.000897448 -0.0315083 -0.0559373 -0.0843386 0.0036915 0.00234871 -0.0113263 -0.00445191 -0.0114858 -0.00421331 -0.0114437 -0.000239205 0.011695 0.0385832 0.0639681 0.041116 -0.0730351 0.0740938 -0.0372317 -0.058029 -0.0621552 -0.0781795 -0.0726227 0.00908973 0.021941 -0.000596957 0.00797232 0.00488222 -0.0428207
internal_weight=81.2875 80.2286 6.36831 5.14249 3.85183 73.8602 72.6455 23.9863 21.5821 20.5367 19.0177 17.9185 15.3425 13.171 8.49982 6.73119 5.59938 2.40425 4.08865 4.67116 1.76863 3.62109 2.57592 2.17156 48.6592 20.9134 27.7458 16.2968 26.1059 4.41615
internal_count=2400 2364 226 211 178 2138 2119 826 732 716 617 596 461 382 200 135 127 94 85 182 65 156 135 79 1293 537 756 374 729 67
is_linear=0
shrinkage=0.1


Tree=54
num_leaves=31
num_cat=0
split_feature=4 8 4 9 7 8 7 8 8 0 1 5 9 7 0 9 9 6 0 8 7 2 8 4 9 9 0 0 0 0
split_gain=0.687393 0.618982 1.34085 1.2189 1.93612 0.624321 0.574173 0.929524 0.952183 1.90256 1.85641 1.61286 1.83959 1.56374 1.38574 1.37175 2.14146 1.54038 2.16081 1.28632 1.21477 1.05236 1.92688 0.817356 1.13979 0.83159 0.732148 0.566022 1.53323 1.72357
threshold=2539.4363179862144 0.12983453850516083 2824.8881436666602 0.27700806396951588 8.3587358915110173 0.14158354095981063 14.970109093673353 0.17148441365137271 0.33615861193556584 1.0778950517477852 1.0000000180025095e-35 3.5000000000000004 0.71173644402371783 10.866381018721084 1.1500902306324596 0.49993888342708909 0.48476997523007165 20.269096406171347 1.0696768147168656 0.65358236909872758 9.3868873419544183 0.036314649204837603 0.29799135254868442 3373.7691447231086 0.83313844373594736 0.97527102670507249 1.2838601924034825 2.1677387367782686 2.1954302412130748 2.2823774152718719
decision_type=2 2 2 2 2 2 2 2 2 2 2 2 2 2 2 2 2 2 2 2 2 2 2 2 2 2 2 2 2 2
left_child=-1 2 -2 4 -4 -3 7 -7 9 -9 -11 13 -13 14 -12 16 17 18 -10 -20 -14 -16 26 24 -17 -26 -23 -8 -29 -30
right_child=1 5 3 -5 -6 6 27 8 15 10 11 12 20 -15 21 23 -18 -19 19 -21 -22 22 -24 -25 25 -27 -28 28 29 -31
leaf_value=-0.081894198036824392 0.062397809168668529 0.073380635400116759 0.08563995012700637 -0.099068659319917096 -0.1032864761972165 -0.10302404162979406 0.01502430053247622 -0.10342051671221589 0.072722358167652573 -0.10344778675155207 0.22366874813723761 -0.1031205299836277 -0.040181865196195932 -0.038600663912232373 0.15876228356468491 -0.10519724915726099 0.18141220181879938 0.12650400426344924 -0.10332356365024518 0.092104065979291896 0.11464615789937856 0.055066651845378747 0.12304309709328476 -0.10287438222815755 0.10350506145992447 -0.039822193753578997 -0.10308964836274917 -0.090586666507683156 0.10473609279381531 -0.01028452365851595
leaf_weight=1.0199090368114401 1.2533195056021202 1.2494312683120359 1.2187156616710129 2.6645813989453018 0.97750968020409335 1.0441724387928868 34.802895174361765 1.2224009758792842 1.3062252444215099 0.95791091211140056 0.76612666994333078 1.3263257117941978 0.89179730974137816 0.97381090139970172 1.0957765355706217 1.0633566114120188 0.62502735666930664 0.67351618735119689 2.8136580726131801 0.38260293658822764 1.173681686632335 0.45528207626193784 1.4096030117943881 2.6646813317202032 0.76827728655189254 0.85566681576892734 0.81967026880010962 1.9726559510454524 1.5013676423113782 9.850356482435016
leaf_count=36 15 19 20 139 52 52 957 57 29 43 5 67 22 40 5 33 8 15 154 9 25 9 23 146 14 27 43 27 67 242
internal_value=-0.00032454 0.00073148 -0.0298268 -0.0536062 0.0015514 0.00330265 0.00207664 -0.0108129 -0.00648458 0.0142609 0.0288358 0.0430543 -0.0112174 0.0764003 0.101032 -0.0271173 0.00656848 -0.0145447 -0.0356439 -0.0799302 0.0477972 0.0761788 0.0424701 -0.0636294 -0.0247148 0.027985 -0.0466125 0.00831408 -0.00921282 0.00492799
internal_weight=79.8003 78.7804 6.11413 4.86081 2.19623 72.6663 71.4168 23.2896 22.2454 11.0924 9.86999 8.91207 3.3918 5.52027 4.54646 11.153 5.80103 5.176 4.50249 3.19626 2.06548 3.78033 2.68456 5.35198 2.6873 1.62394 1.27495 48.1273 13.3244 11.3517
internal_count=2400 2364 226 211 72 2138 2119 826 774 339 282 239 114 125 85 435 215 207 192 163 47 80 75 220 74 41 52 1293 336 309
is_linear=0
shrinkage=0.1


Tree=55
num_leaves=31
num_cat=0
split_feature=6 9 7 2 9 6 8 6 8 0 9 7 7 1 2 6 4 2 1 9 9 9 2 8 8 7 1 0 0 8
split_gain=0.64091 2.0713 2.37978 2.24348 2.09943 1.56488 1.49652 2.04947 1.4854 1.26409 1.0962 2.70161 1.94703 2.14988 1.75674 1.4717 1.69614 1.47646 1.22817 1.17547 1.38126 2.2697 1.77503 1.14316 1.6867 0.732954 1.07788 1.24126 0.528158 0.893101
threshold=258.37792918819599 18.310197558621166 319.06428640640382 0.098363371080086956 22.143999318074162 256.19073846196784 5.8110231388328986 289.36206907951129 6.2654941271934286 1.4230488910293706 12.055628228316342 251.37321900540465 255.7505959432913 17.500000000000004 0.036790015791055557 222.60474850469561 5087.2179242798966 0.068788218750449312 26.500000000000004 21.647116059851388 17.752915990193941 16.656724720378737 0.076074242703465411 5.6307975650039728 3.9588530839358982 279.60121445019507 12.500000000000002 1.8239134722998742 0.91788173520150618 0.54501869610265241
decision_type=2 2 2 2 2 2 2 2 2 2 2 2 2 2 2 2 2 2 2 2 2 2 2 2 2 2 2 2 2 2
left_child=5 2 3 9 6 8 7 -3 10 -2 15 14 -13 -14 -12 23 17 -17 -16 20 21 22 -15 24 25 26 27 28 29 -1
right_child=1 4 -4 -5 -6 -7 -8 -9 -10 -11 11 12 13 19 18 16 -18 -19 -20 -21 -22 -23 -24 -25 -26 -27 -28 -29 -30 -31
leaf_value=-0.10263189378267962 -0.060365235196872792 0.10574562939480732 -0.095789717189717516 -0.090195639398235508 0.10491095976334247 -0.11677902532910554 -0.13529898987027006 -0.08867379082989979 0.079713191823346963 0.092261076616594218 -0.076284363174175779 -0.15682269262857243 0.10506331711384626 0.10571837486673197 0.090475956418565665 -0.027422283325595043 0.030748688632495465 -0.18273109441012281 -0.067845164447054948 -0.11256639620721803 0.10518522523885115 -0.17351323660263515 -0.085392295475741009 -0.10540790351583339 0.10647223067048334 -0.10023729578761061 0.10608089698885029 -0.11555522680576213 -0.0034292516397107261 0.057367907184553507
leaf_weight=1.2917163935489941 0.58789238240569641 0.89680340467020858 1.0571162905544031 0.85611445968970645 0.88603622838854779 1.2220601094886649 1.7292915740981696 1.3712564888410268 2.1222063349559894 7.0512740975245833 0.83291374798863937 0.96665965765714634 1.4000062271952627 1.0896455077454454 6.1103707286529243 1.036920230835676 1.0766305853612719 1.4940928090363739 0.53270147368311871 1.408253672532737 0.86756165931001294 0.86981473211199034 0.87728109071031202 1.1674500014632929 1.3126297639682878 0.85669814515858789 0.82893934985622664 1.0662914407439519 35.129349381197244 0.47795523609966029
leaf_count=74 32 37 10 23 33 27 16 28 64 289 13 15 51 36 261 26 36 21 14 16 28 11 23 15 39 8 26 75 1043 10
internal_value=-0.000412903 0.0186213 0.0457049 0.0633119 -0.0343569 -0.00470369 -0.0652264 -0.0117993 -0.00252331 0.0805153 -0.00539877 0.0181039 -0.0243894 -0.00473238 0.0606157 -0.0130835 -0.0743829 -0.119103 0.0777803 -0.0347985 -0.0052337 -0.0390032 0.0204799 -0.00783445 -0.00505363 -0.00874565 -0.00672523 -0.00918825 -0.00611451 -0.0594189
internal_weight=78.4739 14.4358 9.5524 8.49528 4.88339 64.0381 3.99735 2.26806 62.8161 7.63917 60.6939 14.9552 7.47922 6.51256 7.47599 45.7387 3.60764 2.53101 6.64307 5.11256 3.7043 2.83674 1.96693 42.131 40.9636 39.6509 38.7943 37.9653 36.899 1.76967
internal_count=2400 468 354 344 114 1932 81 65 1905 321 1841 468 180 165 288 1373 83 47 275 114 98 70 59 1290 1275 1236 1228 1202 1127 84
is_linear=0
shrinkage=0.1


Tree=56
num_leaves=31
num_cat=0
split_feature=1 6 6 0 0 9 8 4 0 4 6 6 2 7 7 9 6 8 2 7 9 7 8 8 6 0 2 8 2 8
split_gain=0.610451 1.39713 1.20382 1.09695 2.99204 1.16836 1.10352 1.00613 1.32115 0.969503 0.851309 2.01591 1.43637 1.00069 0.952269 2.69311 1.62249 1.69695 1.47614 1.96464 1.24916 1.61942 1.40319 1.50262 2.34696 1.20077 1.06054 0.802123 0.646976 0.528582
threshold=20.500000000000004 298.64490603711619 189.58962469967835 1.6560584696142218 1.7093808827783648 13.946655505929007 2.8893282016639659 4454.594768370961 1.9414456288202044 5212.3887076834626 290.15594218366289 288.71110904352332 0.08065492056418426 296.0574284500081 262.39238732969045 16.136484018247994 243.90266617548482 5.8110231388328986 0.05305368547458076 265.51825124165128 10.791988699937624 228.99776174652916 3.3722896746815723 4.0266666849450452 248.47177607294819 1.7129605856323085 0.047574397275944404 5.793780387859619 0.054217180781221362 0.33615861193556584
decision_type=2 2 2 2 2 2 2 2 2 2 2 2 2 2 2 2 2 2 2 2 2 2 2 2 2 2 2 2 2 2
left_child=10 2 9 -4 -5 -6 -7 -8 -9 -2 11 13 -12 14 15 20 18 -18 -16 -20 21 29 -22 -24 28 -21 -17 -10 -25 -1
right_child=1 -3 3 4 5 6 7 8 27 -11 12 -13 -14 -15 16 26 17 -19 19 25 22 -23 23 24 -26 -27 -28 -29 -30 -31
leaf_value=0.0023045614293132773 0.028557354836294953 -0.063241332240850545 0.10463985974627153 -0.13519222238775561 0.10299326049793232 -0.089404175066324421 0.1047259188925081 -0.072353491074708232 0.10435870220607393 -0.098448377119556382 0.10401604515115837 -0.1557792666538613 -0.044757234155335661 0.071836790693170061 -0.16666285899906294 -0.0051874592831547724 0.10423909461253225 -0.077422441530011349 -0.13937954822200813 -0.06798235860450616 0.10291000037677533 0.10614775608212253 -0.15298796301835069 -0.034460785623054664 -0.12083057207120662 0.1052353506100908 0.10334746649690588 -0.015994674315064759 0.1032857540132468 -0.021358145356229544
leaf_weight=22.361288389423862 1.1752243805676692 1.903865317814051 2.215061411028727 1.0213820724748064 2.5236786073073727 0.77622569445520628 1.5870232703164218 1.2793878521770241 1.3389348462224009 1.2301857518032191 1.761019263416528 0.9010780481621613 1.0276682064868508 1.6448233341798175 1.3437196742743243 1.2643892234191287 1.2137837349437179 0.89217920694500197 1.1469287872314455 0.69807399762794353 0.49746708897873659 1.2914567566476751 1.5771298324689267 0.52106025815010093 1.505519122816622 0.93786399532109499 3.1265692575834692 0.94431972876191128 0.98660985892638564 16.337406891630962
leaf_count=694 24 39 114 18 131 22 55 28 62 17 73 14 27 39 11 29 51 12 8 15 30 39 24 10 34 35 140 17 44 544
internal_value=-0.000226202 0.0171634 0.0280267 0.0412874 0.0264705 0.0460123 0.0217456 0.0384995 0.00899816 -0.0363965 -0.00478337 -0.00736748 0.0491911 -0.0050355 -0.00730548 -0.00266447 -0.0441421 0.0272792 -0.0805913 -0.0390312 -0.0099466 -0.00400895 -0.0566167 -0.0739051 -0.0325124 0.0313213 0.0720945 0.0545824 0.0556797 -0.00768511
internal_weight=77.0313 15.9953 14.0914 11.686 9.47095 8.44957 5.92589 5.14967 3.56264 2.40541 61.036 58.2473 2.78869 57.3463 55.7014 49.4689 6.23255 2.10596 4.12659 2.78287 45.0779 39.9902 5.08779 4.59032 3.01319 1.63594 4.39096 2.28325 1.50767 38.6987
internal_count=2400 527 488 447 333 315 184 162 107 41 1873 1773 100 1759 1720 1588 132 63 69 58 1419 1277 142 112 88 50 169 79 54 1238
is_linear=0
shrinkage=0.1


Tree=57
num_leaves=31
num_cat=0
split_feature=8 4 9 7 9 2 7 8 8 9 1 6 6 0 4 4 6 6 8 8 1 5 6 6 6 6 2 7 7 8
split_gain=0.53925 0.980993 1.13185 1.64197 0.572742 1.35249 1.25647 0.581243 1.06798 0.668204 0.617935 1.26867 1.44177 1.20738 1.36876 2.51866 1.17018 2.3303 0.916959 2.15147 2.58315 2.03445 1.10221 1.12661 1.41867 0.886657 1.47824 0.811546 1.08913 0.655303
threshold=0.12983453850516083 2824.8881436666602 0.27700806396951588 8.3587358915110173 0.012436866196756951 0.029339386463746155 16.538248415208006 0.14158354095981063 0.17148441365137271 0.069627874969869621 1.5000000000000002 8.9597878986324684 10.535433442273192 1.2074327193630336 4830.748125949166 4371.8675854288585 9.2249838938512116 14.107475829550376 0.3015315089858967 0.28091398081608804 2.5000000000000004 3.5000000000000004 10.860257948038146 15.049721067387246 15.511820606920372 6.3613306511882337 0.061947216219144959 15.248601927857971 176.28089519445382 0.3868496195550567
decision_type=2 2 2 2 2 2 2 2 2 2 2 2 2 2 2 2 2 2 2 2 2 2 2 2 2 2 2 2 2 2
left_child=1 -1 3 -3 5 -2 -7 -6 -9 -10 13 25 -13 -11 15 16 -15 29 19 20 -14 -20 -23 -24 -25 26 -12 -26 -29 -18
right_child=4 2 -4 -5 7 6 -8 8 9 10 11 12 18 14 -16 -17 17 -19 21 -21 -22 22 23 24 27 -27 -28 28 -30 -31
leaf_value=0.045357773572428581 0.17664570641848878 0.074851639203054474 -0.098506799034471071 -0.1029695862090033 0.072727792164525781 -0.10273290966635865 0.053993772165605913 -0.10105917468413053 0.077477355096239611 -0.1030951995932578 -0.10501991723535693 -0.10369963910328045 0.098946666026755822 -0.10612638445741621 -0.11323544056557928 0.13593837825221597 0.10008361773492158 -0.076491078331547238 -0.08722037535979893 0.1455597933134424 -0.10565798656388191 0.14530644261517109 -0.1046821578473405 0.14826332521831168 -0.1026949977051651 0.095223705368720213 0.085222759632656853 0.10259662219449561 0.0037543343013580685 0.0041065630849602356
leaf_weight=1.3626314029097546 0.26034615840762798 1.2582685137167575 2.4022524538449943 0.88416333543136705 1.2185997134074558 1.9754545383621009 0.6902572838589548 0.97120137279853125 1.2337610465474416 1.4765483769588161 0.72553891642019042 1.2372227073647071 1.2039313665591178 1.1883240644820015 1.0315291774459181 1.3046718025580046 1.7630744143389168 2.0959538265597075 2.4425341386813662 1.5114476680755613 1.2658109720796344 0.56584927998483081 0.91915790736675163 0.70137220527976651 0.69027331192046304 2.6584072036202997 0.93453188147395849 1.1490409141406406 37.397957037668675 1.1925922280643133
leaf_count=22 2 20 139 52 17 134 10 49 25 72 26 57 25 39 24 20 37 70 90 23 51 8 42 6 42 53 18 60 1135 32
internal_value=-5.32726e-05 -0.0290641 -0.051378 0.00146634 0.00240178 -0.0409033 -0.0621502 0.00429644 0.00302642 0.00458908 0.00317193 0.00745341 0.00288164 -0.0195726 -0.00519262 0.00957941 -0.0168402 0.00416313 0.00563759 0.0515896 -0.00591885 0.00146709 0.00669652 0.00477688 0.007296 0.0594169 0.00207663 0.00477619 0.00670071 0.0613575
internal_weight=75.7127 5.90732 4.54468 2.14243 69.8054 2.92606 2.66571 66.8793 65.6607 64.6895 63.4558 53.4031 49.0846 10.0527 8.57615 7.54462 6.23994 5.05162 47.8474 3.98119 2.46974 43.8662 41.4237 40.8578 39.9386 4.31848 1.66007 39.2373 38.547 2.95567
internal_count=2400 233 211 72 2167 146 144 2021 2004 1955 1930 1636 1539 294 222 198 178 139 1482 99 76 1383 1293 1285 1243 97 44 1237 1195 69
is_linear=0
shrinkage=0.1


Tree=58
num_leaves=31
num_cat=0
split_feature=4 2 2 6 1 9 7 6 4 7 8 6 8 9 2 2 9 7 7 0 8 8 0 8 6 5 9 4 6 9
split_gain=0.538648 0.520872 0.823064 0.709602 2.16223 1.67456 1.92747 1.48284 1.38017 2.45684 1.15891 0.979566 1.60696 0.860571 1.86193 2.03813 1.40777 0.983311 1.08801 0.971713 3.15673 2.52766 1.97831 1.57317 1.57525 1.16924 0.931255 0.864587 0.821388 0.742794
threshold=2539.4363179862144 0.10399658976386587 0.10283206524148332 258.37792918819599 17.500000000000004 18.310197558621166 319.06428640640382 257.26505521058999 4273.798756068315 241.65569229315864 6.2654941271934286 288.71110904352332 5.8110231388328986 17.559459581414192 0.056686330924402555 0.047312620938004611 17.135979087183568 296.0574284500081 289.61660693166897 1.9260057869475193 3.5613459561432461 5.9916166534532822 1.7944244957256206 4.7183328831615841 222.60474850469561 5.5000000000000009 11.423907955412643 4034.9863062998343 172.38076264207731 10.01286425627014
decision_type=2 2 2 2 2 2 2 2 2 2 2 2 2 2 2 2 2 2 2 2 2 2 2 2 2 2 2 2 2 2
left_child=-1 2 3 7 -5 6 8 10 9 -6 13 12 -7 16 15 -15 17 18 19 21 26 22 23 24 28 27 29 -24 -2 -21
right_child=1 -3 -4 4 5 11 -8 -9 -10 -11 -12 -13 -14 14 -16 -17 -18 -19 -20 20 -22 -23 25 -25 -26 -27 -28 -29 -30 -31
leaf_value=-0.076663671943457912 -0.0030734810665329049 0.088888375988957102 -0.11000316978353071 0.10312062965263701 -0.091313547325345343 0.10525181421685995 -0.096316494087340998 -0.15264751543636546 0.10304071688005344 0.10572759931008456 0.074358279056995255 -0.10666937774784047 -0.083249921675208061 0.054740477266092297 0.081583282785433489 -0.117022990937323 -0.12393696403750416 0.10548445290726752 -0.13208202418715315 -0.034674418196194871 0.10358388947102902 -0.18710792422262618 -0.097005284319778506 0.10445763000233935 -0.092520708318544087 -0.13432773709509227 0.033273687851296342 0.068989601432602396 0.10570569606390595 -0.16662445917724109
leaf_weight=0.90954231913201411 34.589600225444883 0.66469296510331233 0.67433828208595414 2.6340252733789375 1.3391457386314853 0.79215828422457013 0.98949209973216046 0.65991633431985874 2.8668006560765207 1.1996981743723152 1.9271172159351397 1.7575670946389435 1.0539460461586712 1.4077592501416796 3.3161965529434383 1.3565093586221335 1.039266251027583 0.77409714460372825 0.69782407023012538 1.0495369303971522 2.9823611048050225 0.80436018016189237 0.59742358000948936 1.3415957898832847 1.981489227619021 1.8829948324710131 0.97855429723858822 0.66087980568408966 0.70837174821644922 0.71882402896881092
leaf_count=36 1084 54 9 132 34 37 8 8 157 39 64 25 13 32 147 19 17 25 13 51 138 8 40 49 48 26 37 22 25 3
internal_value=-0.000180031 0.000767122 -3.76608e-05 0.00099072 0.0225152 0.001281 0.0320012 -0.00358123 0.0554895 0.00179572 -0.00190867 -0.0532355 -0.00236435 -0.00449228 0.0310609 -0.029549 -0.00874719 -0.00634176 -0.00810861 -0.00631733 0.032346 -0.0115212 -0.00813935 -0.00193212 -0.00576082 -0.0844548 -0.044998 -0.00982228 -0.000890463 -0.088311
internal_weight=74.3561 73.4465 72.7818 72.1075 12.6328 9.99881 6.39514 59.4747 5.40564 2.53884 58.8148 3.60367 1.8461 56.8876 6.08047 2.76427 50.8072 49.7679 48.9938 48.296 5.72928 42.5667 41.7624 38.6211 37.2795 3.1413 2.74692 1.2583 35.298 1.76836
internal_count=2400 2364 2310 2301 445 313 238 1856 230 73 1848 75 50 1784 198 51 1586 1569 1544 1531 229 1302 1294 1206 1157 88 91 62 1109 54
is_linear=0
shrinkage=0.1


Tree=59
num_leaves=31
num_cat=0
split_feature=1 6 6 0 0 9 9 9 5 4 6 6 6 7 7 9 1 8 9 8 8 8 6 2 9 9 0 0 0 9
split_gain=0.526361 1.07222 0.990594 1.01111 2.10512 1.05244 1.11386 1.14576 1.06876 0.676403 0.654452 1.45174 1.34774 0.726153 0.763271 2.13744 1.22607 1.28512 1.01251 1.36083 1.12572 1.03486 1.67925 0.986502 0.773025 0.56489 0.53746 0.479811 0.450151 0.467216
threshold=20.500000000000004 298.64490603711619 189.58962469967835 1.6560584696142218 1.7093808827783648 13.946655505929007 14.210957405509296 17.38344282468783 5.5000000000000009 5212.3887076834626 290.15594218366289 288.71110904352332 319.48973334946407 296.0574284500081 262.39238732969045 16.136484018247994 18.500000000000004 5.6307975650039728 10.791988699937624 4.0266666849450452 3.3722896746815723 4.0266666849450452 248.47177607294819 0.047574397275944404 9.9178537790753882 12.800778271572879 1.9828917377838575 1.8239134722998742 0.76317192970308489 0.012436866196756951
decision_type=2 2 2 2 2 2 2 2 2 2 2 2 2 2 2 2 2 2 2 2 2 2 2 2 2 2 2 2 2 2
left_child=10 2 9 -4 -5 -6 -7 -8 -9 -2 11 13 -12 14 15 18 17 24 19 28 -20 -22 25 -17 -16 -23 -10 -18 -1 -30
right_child=1 -3 3 4 5 6 7 8 26 -11 12 -13 -14 -15 16 23 27 -19 20 -21 21 22 -24 -25 -26 -27 -28 -29 29 -31
leaf_value=-0.10266782658263772 0.02540267813055689 -0.052869120591149545 0.10451059662506459 -0.10575766592171937 0.10258045259343106 -0.10127225373705109 0.10335253590632119 -0.053135777980431731 -0.020683359381609645 -0.081511128255530779 0.10400606842491866 -0.13001554149003877 -0.046145126417984447 0.06448550411676339 -0.044867474507161179 -0.0058771711168142081 -0.12574131566284516 -0.074933975286265039 0.10244696638809257 0.10350886874363896 -0.12995381409301832 -0.031365126853736235 -0.10052574447271501 0.10291631516963236 0.10348086402006176 0.10307271540680657 0.10590828558991146 -0.045998995395318182 -0.039663395555113681 -0.0014378953015539162
leaf_weight=0.47936450876295467 1.110920540057122 1.9346524020656932 1.9711578343994904 1.0761106703430394 2.1700644448865205 0.66220691008493293 1.694971139077097 1.6825307863764465 0.50724983215332031 1.2662238944321869 1.5354979005642229 0.93719221837818523 0.97888451162725676 1.4847150873392809 0.4915398964658374 1.2121939850039773 1.471319158561528 1.1623982312157748 0.43522686162032087 1.1619872138835479 1.6195546877570448 0.50159925362095259 1.5591849209740756 2.6677610273472965 1.2308090818114577 0.82928549218922853 0.98982141120359302 1.5489038531668482 3.5394549428019664 33.096997209591791
leaf_count=27 24 39 114 18 131 10 87 39 13 17 74 14 26 39 11 29 14 16 30 48 24 15 34 140 62 39 35 29 176 1026
internal_value=-1.91243e-05 0.0166325 0.0268723 0.0397856 0.0252593 0.0435533 0.0204184 0.03695 0.00155242 -0.0315467 -0.0043487 -0.0066122 0.0455501 -0.00448983 -0.0064218 -0.00217309 -0.0403128 0.00631179 -0.00855547 -0.00305441 -0.0511388 -0.0659615 -0.0301011 0.0689265 0.0611438 0.0524042 0.0630155 -0.0848459 -0.00639059 -0.00513087
internal_weight=73.0098 15.0659 13.1313 10.7541 8.78296 7.70684 5.53678 4.87457 3.1796 2.37714 57.9439 55.4295 2.51438 54.4923 53.0076 47.1026 5.90497 2.88475 43.2227 38.2778 4.94485 4.50962 2.89007 3.87996 1.72235 1.33088 1.49707 3.02022 37.1158 36.6365
internal_count=2400 527 488 447 333 315 184 174 87 41 1873 1773 100 1759 1720 1588 132 89 1419 1277 142 112 88 169 73 54 48 43 1229 1202
is_linear=0
shrinkage=0.1


Tree=60
num_leaves=31
num_cat=0
split_feature=6 6 6 9 9 5 4 6 8 1 6 7 7 9 8 4 7 8 1 6 7 9 2 9 2 7 1 7 2 2
split_gain=0.647428 0.631885 0.638552 1.91798 1.79994 1.15775 1.05733 1.01905 0.901803 0.790864 0.651969 0.575713 0.620816 2.37429 1.79891 1.74522 1.67282 1.3594 1.23246 1.03187 0.793057 0.812484 1.71532 1.55983 0.55062 0.436328 1.05066 0.678956 0.446721 1.43673
threshold=326.3547561775647 312.93181339939343 258.37792918819599 18.310197558621166 18.908539926288825 5.5000000000000009 3558.6153261344421 257.26505521058999 6.2654941271934286 12.500000000000002 289.36206907951129 296.0574284500081 250.34578171404902 12.055628228316342 5.0836102641287395 5300.6070584954077 199.87631180645369 4.6703360822756013 24.500000000000004 207.75301415945481 255.7505959432913 21.647116059851388 0.075870445362979461 10.956221985047582 0.043126552796386906 243.97518633827846 19.500000000000004 206.31109224917873 0.033600358695766358 0.03470832205685976
decision_type=2 2 2 2 2 2 2 2 2 2 2 2 2 2 2 2 2 2 2 2 2 2 2 2 2 2 2 2 2 2
left_child=1 2 7 6 -5 10 -4 8 11 -8 -6 12 13 14 25 -15 -17 20 -18 -19 -14 22 23 -22 -10 26 27 28 -1 -30
right_child=-2 -3 3 4 5 -7 9 -9 24 -11 -12 -13 17 15 -16 16 18 19 -20 -21 21 -23 -24 -25 -26 -27 -28 -29 29 -31
leaf_value=-0.047127079954216153 0.10321439428452453 -0.061391247501592819 -0.033965040225668923 -0.13684451831577835 0.021626001935820354 0.0767908154277539 -0.053283653226790309 -0.12349419075209783 -0.021115303717919809 0.087352467672505624 -0.11285440121790287 0.061619164772201356 -0.12323759014926444 0.10287857928267125 -0.12478649525121971 -0.10271697961303497 0.10311919057713104 -0.021214013838435925 -0.08853609449960817 0.10372754228385864 -0.064316230458140763 -0.12540164842925919 -0.092504542749759139 0.10507209745716709 0.10364417475065374 -0.083589921710881671 0.10393285751702522 -0.083694734540548835 0.10068876916924015 -0.0060031510433112452
leaf_weight=2.3290513809770337 0.60381000116467376 1.67904179310426 1.0508100520819406 1.1416461258195343 0.6695459489710629 1.3959656797815114 0.43558017746545363 0.69727868190966447 0.49129978753626247 4.8759623176883906 0.78103473968803883 1.3035700670443464 1.3528907345607857 3.5178999917116007 1.3198589896783222 1.0499730138108136 1.3637693966738877 1.6483559161424639 0.44501662673428644 1.1035518888384102 0.89079725742340121 0.85295108100399364 1.7495305004995314 1.3949523735791443 1.2636107890866695 0.71267169690690835 0.87127998494543035 1.124042592011391 1.3133718064054836 32.36711966432631
leaf_count=70 27 27 24 14 30 43 14 9 6 275 14 37 21 190 25 20 74 29 10 51 14 10 44 55 58 8 41 19 15 1126
internal_value=0.000101845 -0.000772692 0.000691502 0.0236058 -0.0307644 0.0117805 0.0576873 -0.00331736 -0.00188409 0.0758194 -0.0507821 -0.00406884 -0.00561429 -0.000954918 -0.00998114 0.0557184 -0.00231544 -0.0296618 0.0559661 0.0288892 -0.0554788 -0.0367256 -0.0179818 0.0390585 0.0687169 -0.00606749 -0.00461378 -0.00716065 -0.00477163 -0.0018427
internal_weight=71.7962 71.1924 69.5134 10.3505 3.98819 2.84655 6.36235 59.1628 58.4656 5.31154 1.45058 56.7107 55.4071 46.4141 40.0374 6.37666 2.85876 8.99303 1.80879 2.75191 6.24112 4.88823 4.03528 2.28575 1.75491 38.7175 38.0049 37.1336 36.0095 33.6805
internal_count=2400 2373 2346 414 101 87 313 1932 1923 289 44 1859 1822 1598 1304 294 104 224 84 80 144 123 113 69 64 1279 1271 1230 1211 1141
is_linear=0
shrinkage=0.1


Tree=61
num_leaves=31
num_cat=0
split_feature=4 2 0 8 1 2 7 4 2 2 4 2 7 4 9 1 6 4 0 2 1 2 6 6 5 4 0 2 8 2
split_gain=0.428974 1.56226 1.61537 1.55655 1.40174 1.63507 1.72341 1.05726 1.4817 1.38675 1.33589 0.812871 0.754066 0.615029 3.65811 1.10385 1.58556 0.925921 0.917487 0.665805 1.58967 0.62628 1.4402 1.42814 1.70885 1.08442 1.41384 0.855661 1.28951 1.28818
threshold=5529.6476218713551 0.076251041972647857 2.3063116190780772 4.8657238781012557 1.5000000000000002 0.067133277672369526 255.0721067183807 5300.6070584954077 0.084059540203340818 0.051298668926530559 5087.2179242798966 0.039612222212402556 191.35449722076095 4796.6082580929451 15.250000523314617 22.500000000000004 276.53550313049266 4753.3643468368618 1.90699847960742 0.075017706788646166 14.500000000000002 0.080432541093471061 270.64640394711989 281.61514747350526 5.5000000000000009 4534.8113897229132 1.8375204784799606 0.065632541193531513 6.1195791336707783 0.055446495542432354
decision_type=2 2 2 2 2 2 2 2 2 2 2 2 2 2 2 2 2 2 2 2 2 2 2 2 2 2 2 2 2 2
left_child=7 2 4 -4 -2 11 -7 10 9 -9 13 -6 -3 15 19 17 -17 21 -18 20 -15 22 25 24 -23 27 -27 28 29 -1
right_child=1 12 3 -5 5 6 -8 8 -10 -11 -12 -13 -14 14 -16 16 18 -19 -20 -21 -22 23 -24 -25 -26 26 -28 -29 -30 -31
leaf_value=0.0065433823048806523 -0.11189375783141237 -0.039837181917994492 0.0040185910068301946 -0.16078475635221456 -0.00092887322473145034 0.069419676161081315 -0.13605602664017 -0.095756805629030023 -0.14517883374736629 0.10276472581941809 0.096296413002539355 0.097147195838771183 0.10320562263909705 -0.12015407948597952 0.10390083391894028 0.10335643541249132 -0.10482001568915333 0.11194994220644182 0.04535677490457149 -0.13486154617260873 0.10256498004644209 -0.043497421472997733 0.082472719661868185 -0.13131259850336358 0.10484617873708785 -0.13788874341093768 0.02719156263569816 0.025511056880383479 -0.11201414150148588 -0.047016008726302731
leaf_weight=19.820122797274969 0.69961613602936079 0.43391151353716795 1.1899676141329112 1.1055461531504986 1.1602874705567954 0.72384875966235973 0.93606214597821236 0.69346335344016485 1.2325737401843069 0.71432882640510798 1.3941161117982108 3.1107007935643196 2.4459487001877278 0.93140002805739575 1.2962506855837999 2.3544517381815235 0.76396019430831053 0.67858521174639364 0.87019692407920957 1.8220562650822101 0.48858237685635686 3.4677007626742116 1.9522393695078779 1.2469235924072561 1.0006211637519298 1.3398115211166435 0.84665931621566404 8.8689292110502702 1.1915016341954459 5.8060938366688779
leaf_count=557 19 18 32 11 22 36 11 10 18 36 72 139 133 33 61 125 20 28 23 30 28 118 84 22 48 47 40 299 12 268
internal_value=0.000215338 0.0176103 -0.00305232 -0.0753526 0.0219784 0.0377701 -0.0464528 -0.00327838 -0.0651196 0.00497515 -0.00036988 0.0705031 0.0816532 -0.0028315 -0.0380857 0.000355131 0.0508294 -0.00400068 -0.0248501 -0.0948556 -0.0435217 -0.00572843 -0.00128598 -0.0366846 -0.0102778 -0.00560347 -0.0739653 -0.00141504 -0.0103198 -0.00559149
internal_weight=70.5865 11.8059 8.92603 2.29551 6.63052 5.9309 1.65991 58.7806 2.64037 1.40779 56.1402 4.27099 2.87986 54.7461 4.53829 50.2078 3.98861 46.2192 1.63416 3.24204 1.41998 45.5406 39.8254 5.71525 4.46832 37.8731 2.18647 35.6866 26.8177 25.6262
internal_count=2400 421 270 43 227 208 47 1979 64 46 1915 161 151 1843 152 1691 168 1523 43 91 61 1495 1307 188 166 1223 87 1136 837 825
is_linear=0
shrinkage=0.1


Tree=62
num_leaves=31
num_cat=0
split_feature=4 8 4 9 7 8 9 2 8 9 8 8 0 5 0 0 6 0 2 5 6 6 1 6 4 9 6 9 9 7
split_gain=0.442697 0.398639 0.960114 1.13049 1.45831 0.446611 0.835504 1.52269 0.677389 0.508709 0.62398 1.97048 1.4364 1.10103 1.38048 1.80778 1.0984 1.06637 1.30019 0.999065 2.28964 1.32489 1.48895 1.32654 2.02121 0.898552 0.669064 0.580487 0.578685 0.896173
threshold=2539.4363179862144 0.12983453850516083 2824.8881436666602 0.27700806396951588 8.3587358915110173 0.15091489404433442 0.012436866196756951 0.029339386463746155 0.17148441365137271 0.034727061365293056 0.33615861193556584 0.37685505506578815 1.0778950517477852 3.5000000000000004 1.3125785638478937 1.4013897434831881 7.6380272465302381 1.1500902306324596 0.060122478763606706 3.5000000000000004 5.7898215604213119 12.257722201116581 1.5000000000000002 10.743101127292196 3195.7355207157616 0.54464269458330594 10.417565752743117 0.1036016948716804 1.5597936592007209 176.28089519445382
decision_type=2 2 2 2 2 2 2 2 2 2 2 2 2 2 2 2 2 2 2 2 2 2 2 2 2 2 2 2 2 2
left_child=-1 2 -2 4 -4 -3 7 -7 -8 -10 12 -12 -11 17 -15 -16 -17 -14 -19 20 -13 23 -23 24 -21 -24 -20 -22 -27 -30
right_child=1 5 3 -5 -6 6 8 -9 9 10 11 19 13 14 15 16 -18 18 26 21 27 22 25 -25 -26 28 -28 -29 29 -31
leaf_value=-0.072406457600715832 0.050912692385739582 0.052057219548879097 0.071398506923229729 -0.098914317807895114 -0.10264417185850219 0.16793708118898262 -0.10241522561559942 -0.090389512238789563 0.085634564459824064 -0.10244421783766894 -0.10517192301646934 0.097079148486864289 0.16374553711142603 -0.1053851251895872 0.099179261899458207 0.079375391115101751 -0.10303852995840812 0.068269072022594704 0.053222767868035516 0.1139099567789434 0.021946674277176996 -0.10773155854518564 0.10502837612817134 0.15119514824099958 -0.10258707865800964 -0.088335518088109327 -0.10422417424866955 -0.090131741407758703 0.10956536141289529 0.0033823454196555414
leaf_weight=0.82797949691302974 1.2824503025040019 1.8317600265145291 1.2651737779378893 2.133650837931782 0.77717150351963926 0.25945118255913202 0.59021149761974712 1.8929822857026009 0.77690930292010207 0.82681244658306141 1.7502105107996602 0.97408324293792148 0.85815102886408379 1.0419338443316517 1.6790605662390592 0.46708839666098345 1.1255464474670587 4.6276049872394651 0.41535843349993207 0.95335892168804937 0.53690347867086563 1.1743356075603504 0.90608188346959551 1.2441903664730487 0.78738193633034825 0.66364607820287247 0.77068273816257715 3.3174396755639464 0.81465575541369517 32.682639699312858
leaf_count=36 15 39 20 139 52 2 32 130 13 51 78 15 9 37 18 11 62 79 13 13 9 49 17 17 43 37 39 139 58 1128
internal_value=0.000276342 0.00115582 -0.0247683 -0.0480099 0.00517023 0.00340306 0.0019453 -0.0592512 0.00417846 0.00525584 0.00417201 -0.00111267 0.0246647 0.0342315 -0.00514084 0.0267839 -0.0495401 0.0596876 0.0443276 0.0030214 -0.0399012 0.00830482 0.00303051 0.0723425 0.0159828 0.00673975 -0.0490854 -0.0745194 0.00413275 0.00596472
internal_weight=69.2549 68.4269 5.45845 4.176 2.04235 62.9685 61.1367 2.15243 58.9843 58.3941 57.6172 45.8049 11.8122 10.9854 4.31363 3.2717 1.59263 6.6718 5.81365 44.0547 4.82843 39.2263 36.2414 2.98493 1.74074 35.067 1.18604 3.85434 34.1609 33.4973
internal_count=2400 2364 226 211 72 2138 2099 132 1967 1935 1922 1603 319 268 128 91 73 140 131 1525 163 1362 1289 73 56 1240 52 148 1223 1186
is_linear=0
shrinkage=0.1


Tree=63
num_leaves=31
num_cat=0
split_feature=4 8 4 9 7 8 9 2 8 5 9 8 8 0 4 4 9 6 8 2 5 6 6 1 6 4 9 9 9 7
split_gain=0.371082 0.338416 0.812578 1.03615 1.24167 0.354553 0.724224 1.30105 0.353357 0.824538 0.531736 0.651992 1.76964 1.16246 1.05057 1.24193 1.23276 1.7793 1.294 1.93509 0.848536 1.93184 1.06763 1.32805 0.991354 1.69459 0.721049 0.531007 0.503254 0.811975
threshold=2539.4363179862144 0.12983453850516083 2824.8881436666602 0.27700806396951588 8.3587358915110173 0.15091489404433442 0.012436866196756951 0.029339386463746155 0.19583057635939338 3.5000000000000004 0.034727061365293056 0.33615861193556584 0.37685505506578815 1.0778950517477852 4168.7825726295014 4317.3123930829233 0.54464269458330594 8.1512798330827483 0.28091398081608804 0.061947216219144959 3.5000000000000004 5.7898215604213119 12.257722201116581 1.5000000000000002 10.743101127292196 3195.7355207157616 0.54464269458330594 0.1036016948716804 1.5597936592007209 176.28089519445382
decision_type=2 2 2 2 2 2 2 2 2 2 2 2 2 2 2 2 2 2 2 2 2 2 2 2 2 2 2 2 2 2
left_child=-1 2 -2 4 -4 -3 7 -7 9 -8 -10 13 -13 -12 16 -16 17 -15 19 -18 21 -14 24 -24 25 -22 -25 -23 -28 -30
right_child=1 5 3 -5 -6 6 8 -9 10 -11 11 12 20 14 15 -17 18 -19 -20 -21 22 27 23 26 -26 -27 28 -29 29 -31
leaf_value=-0.067579812443657725 0.045098142353004605 0.045915051984452081 0.062425985049814836 -0.097890108879978788 -0.10239177968712128 0.1534986940055332 0.021660612985705929 -0.087937572487195692 0.089208997303388382 -0.1057827394765444 -0.1023438450992207 -0.10469319280816886 0.085985245425671153 0.085723835847775917 0.16975567543805795 0.031365783024402835 -0.10564398988462043 -0.10373216756837625 0.09413427333418839 0.086968036505320312 0.10062781892892284 0.019561677914871196 -0.10705633169574164 0.093824085346241926 0.13110534975297772 -0.10233718772619232 -0.085634847862810823 -0.087793964408804825 0.10886994753507029 0.0030500834901582164
leaf_weight=0.79992824140936036 1.3019208768382657 1.8671211046166707 1.3003111826255924 1.94980938360095 0.70485902787186194 0.25565162580460254 1.1002529610414051 1.7582186104264108 0.74341642111539741 0.94257343537174154 0.65124944830313225 1.5905289794318367 0.98893877817317744 0.72111988579854225 1.1111911539919677 1.5572346542030571 1.0816476414911451 1.5859155426733194 2.4730035772081465 1.0073779772501437 0.97030487563460999 0.54185033868998322 1.0689439391717304 0.91248995647765596 1.2887346064671872 0.71410375204868615 0.61848317342810233 3.0776640316471457 0.74160167458467086 32.621999874943867
leaf_count=36 15 39 20 139 52 2 38 130 12 35 41 78 15 10 15 42 40 76 38 17 13 9 49 17 17 43 37 139 58 1128
internal_value=0.00012847 0.000933868 -0.0234266 -0.045984 0.00448911 0.00299964 0.00166694 -0.0572883 0.00371008 -0.0371426 0.00519854 0.00406966 -0.00108813 0.0269184 0.0357448 0.0889944 0.015059 -0.0445131 0.0451848 -0.0127619 0.00269615 -0.0378797 0.00749861 0.00273751 0.0650895 0.014581 0.00610088 -0.0717226 0.00374533 0.00540223
internal_weight=68.0484 67.2485 5.2569 3.95498 2.00517 61.9916 60.1245 2.01387 58.1106 2.04283 56.0678 55.3244 45.1356 10.1887 9.53749 2.66843 6.86906 2.30704 4.56203 2.08903 43.5451 4.60845 38.9367 35.9635 2.97314 1.68441 34.8946 3.61951 33.9821 33.3636
internal_count=2400 2364 226 211 72 2138 2099 132 1967 73 1894 1882 1603 279 238 57 181 86 95 57 1525 163 1362 1289 73 56 1240 148 1223 1186
is_linear=0
shrinkage=0.1


Tree=64
num_leaves=31
num_cat=0
split_feature=2 2 6 1 9 6 7 2 8 2 0 6 2 7 7 2 7 7 7 9 4 7 8 4 8 0 2 1 0 2
split_gain=0.428055 0.470879 0.499356 1.75583 1.17406 1.59143 1.16086 0.998933 0.850742 0.796116 0.794162 0.698534 0.626687 0.477525 0.583543 1.07504 1.1323 0.994455 1.19619 1.16442 1.78485 1.59867 1.58602 1.09203 0.658988 0.777823 0.616684 1.387 1.0802 1.00825
threshold=0.10399658976386587 0.10283206524148332 258.37792918819599 17.500000000000004 13.946655505929007 274.39917129324192 219.86614330326441 0.065859122098749917 6.2654941271934286 0.040162863669997863 2.1677387367782686 257.26505521058999 0.042015313945942802 296.0574284500081 262.39238732969045 0.087125083564736361 11.031267259084769 255.7505959432913 250.34578171404902 12.055628228316342 5300.6070584954077 199.87631180645369 5.0836102641287395 5601.584015534665 4.4567561122940127 1.6977059425512948 0.070658592620365418 1.5000000000000002 1.3700009723233864 0.067133277672369526
decision_type=2 2 2 2 2 2 2 2 2 2 2 2 2 2 2 2 2 2 2 2 2 2 2 2 2 2 2 2 2 2
left_child=1 2 8 -4 10 12 -7 -8 11 -10 -5 13 -6 14 15 17 -17 18 19 22 -21 -22 26 -23 -16 -26 29 28 -28 -1
right_child=-2 -3 3 4 5 6 7 -9 9 -11 -12 -13 -14 -15 24 16 -18 -19 -20 20 21 23 -24 -25 25 -27 27 -29 -30 -31
leaf_value=-0.007066832197275952 0.086633618506911508 -0.086845299717571073 0.10242589407552327 0.10222273332612737 -0.049878672058181729 -0.12252240703276307 -0.062097594202397834 0.052554265676369984 -0.066965529092260362 0.10418432964394374 -0.0055328193819453204 -0.10430574547266375 0.10604138224893223 0.058288802824293662 -0.05923935393140959 -0.10282722145689766 0.10063175599546992 0.10368707785711158 -0.098318435307539032 0.10250172133774289 -0.12406511606209084 -0.088743772750295935 -0.12121436813859306 0.10320158606921565 -0.070647478204455327 0.056670587784758288 -0.10344446345472563 -0.081075676938215768 0.04806208733135299 0.053764585485840781
leaf_weight=25.855811806395653 0.56558325444348057 0.62898525781929393 2.0735034733079365 1.5400000321678802 0.33843802521005262 1.5582737727090714 1.9414555053226652 1.248701495118439 0.34563007578253646 1.2720493325032292 1.2304279161617158 0.71309829317033191 1.0816097396891562 1.1779633639380325 3.9590356037951997 0.32490596082061474 1.7298854128457604 0.81718645058572192 1.4078082004562009 2.4043920277617863 0.90695801889523897 0.42231334326788761 1.2529361932538439 0.99414404947310686 0.75422996329143677 1.3189962455071507 0.59933985886163954 3.1824401917401701 2.1905906919855624 3.0456017740070811
leaf_count=928 54 9 132 109 8 34 34 40 4 60 35 8 53 37 86 17 89 37 22 148 14 9 20 58 14 41 33 129 50 88
internal_value=5.77069e-06 -0.000733036 9.15216e-05 0.019519 0.000287647 -0.0240001 -0.0517768 -0.0172202 -0.00382147 0.0676168 0.0543653 -0.00599955 0.0688812 -0.00466031 -0.00610953 -0.00220535 0.0684606 -0.00557595 -0.00768867 -0.00456565 0.0421024 -0.020402 -0.010673 0.0459735 -0.0353212 0.0103529 -0.00670147 -0.0359543 0.0155151 -0.000656479
internal_weight=66.8823 66.3167 65.6877 11.0124 8.93891 6.16848 4.74843 3.19016 54.6753 1.61768 2.77043 53.0576 1.42005 52.3445 51.1666 45.1343 2.05479 43.0795 42.2623 40.8545 4.72781 2.32342 36.1267 1.41646 6.03226 2.07323 34.8738 5.97237 2.78993 28.9014
internal_count=2400 2346 2337 445 313 169 108 74 1892 64 144 1828 61 1820 1783 1642 106 1536 1499 1477 229 81 1248 67 141 55 1228 212 83 1016
is_linear=0
shrinkage=0.1


Tree=65
num_leaves=31
num_cat=0
split_feature=4 2 0 8 1 2 7 2 4 2 2 4 7 1 4 9 1 4 1 4 2 6 5 4 7 7 2 7 0 2
split_gain=0.353565 1.34342 1.24726 1.23007 1.05905 1.38091 1.34527 0.791788 0.736197 1.12847 1.15861 1.10395 0.641177 0.550937 0.526597 3.10052 0.904818 1.41226 1.61395 0.641717 0.529598 1.15334 1.1091 1.01731 0.930208 1.54051 1.53998 1.19501 1.09434 0.824126
threshold=5529.6476218713551 0.076251041972647857 2.3063116190780772 4.8657238781012557 1.5000000000000002 0.067133277672369526 255.0721067183807 0.039612222212402556 5300.6070584954077 0.084059540203340818 0.051298668926530559 5087.2179242798966 191.35449722076095 4.5000000000000009 4787.2255568017363 15.250000523314617 22.500000000000004 3008.566814895144 30.500000000000004 4743.1460709339308 0.080432541093471061 270.64640394711989 5.5000000000000009 3373.7691447231086 283.6057307432759 226.04590191975151 0.068518363434374216 178.24944352533495 1.8239134722998742 0.052314490837237958
decision_type=2 2 2 2 2 2 2 2 2 2 2 2 2 2 2 2 2 2 2 2 2 2 2 2 2 2 2 2 2 2
left_child=8 2 4 -4 -2 7 -7 -6 11 10 -10 14 -3 -9 16 -16 19 -18 -19 20 21 24 23 -22 25 27 29 28 -1 -27
right_child=1 12 3 -5 5 6 -8 13 9 -11 -12 -13 -14 -15 15 -17 17 18 -20 -21 22 -23 -24 -25 -26 26 -28 -29 -30 -31
leaf_value=0.00098183560389288722 -0.10906928432045473 -0.036545141381740073 0.0058475734910152198 -0.1413647983554803 -0.004716797503175555 0.066515121647079886 -0.11993719650786883 0.0070027999975441832 -0.082827548315744307 -0.12403831477527399 0.10265076084928804 0.094200005971979459 0.10282376802558574 0.11622776206154879 -0.088011950918175028 0.10357072814358169 -0.089162889018716218 0.1034326181311265 -0.12038723275896808 0.098088569357143454 0.012545930322858143 0.078917043243123638 0.046026849587640091 -0.095215345584679395 0.10503865274983584 -0.033904451511442509 0.050593636282210121 0.10366147779301388 -0.11226504510827236 -0.12500801396857644
leaf_weight=27.632289170986049 0.5696904379874449 0.39150698180310373 1.1648725750856104 1.1070021763443945 1.1413719402626159 0.65135182905942179 0.95334250014275312 0.58045512018725309 0.68678512237965994 1.2409054143354294 0.66085174307227135 1.2002593534998585 2.1045986860990524 2.2592003841418773 3.1330745990853748 1.1565730539150534 0.62188257463276331 2.6579224895685916 0.36661499785259355 0.60946569661609729 1.2896049176342774 1.7206249895971257 1.2861127692740408 2.7317950439173728 0.75303325522690912 1.7384725036099542 1.0375644271261988 1.1009423728100944 0.88048677449114521 2.31538838846609
leaf_count=955 19 18 32 11 22 36 11 19 10 18 36 72 133 120 97 63 8 156 4 27 29 83 58 100 27 30 49 50 74 33
internal_value=9.80098e-05 0.0165266 -0.00255939 -0.0658837 0.0208127 0.0340594 -0.0442555 0.065627 -0.0031755 -0.0552309 0.00812697 -0.000595711 0.0809642 0.093901 -0.00282529 -0.0363575 0.000252047 0.0480831 0.0763026 -0.00379504 -0.00525656 -0.00103817 -0.0348061 -0.0606579 -0.00491803 -0.00730388 -0.0581153 0.00143203 -0.00251528 -0.0859388
internal_weight=65.744 10.9234 8.42729 2.27187 6.15541 5.58572 1.60469 3.98103 54.8206 2.58854 1.34764 52.2321 2.49611 2.83966 51.0318 4.28965 46.7422 3.64642 3.02454 43.0958 42.4863 37.1788 5.30751 4.0214 35.4582 34.7051 5.09143 29.6137 28.5128 4.05386
internal_count=2400 421 270 43 227 208 47 161 1979 64 46 1915 151 139 1843 160 1683 168 160 1515 1488 1301 187 129 1218 1191 112 1079 1029 63
is_linear=0
shrinkage=0.1


Tree=66
num_leaves=31
num_cat=0
split_feature=9 2 2 9 9 4 6 2 6 7 9 9 7 7 9 8 8 7 8 9 8 9 9 7 8 7 8 9 1 7
split_gain=0.310835 1.14007 1.8916 1.01759 1.02486 1.13605 1.52766 0.854078 0.943048 0.734738 1.21952 1.16499 0.713404 0.64438 0.577253 0.985827 0.939894 0.639065 0.782998 1.14156 0.806868 0.545118 0.516477 0.852483 0.792744 0.467207 0.990414 0.803546 0.809378 0.760917
threshold=0.21595332256623898 0.065632541193531513 0.070877049953186569 0.27700806396951588 0.46263224146420517 3763.9683413713014 12.141046147379225 0.035374778386632159 18.807142355492385 6.8709159482716204 1.0204283424411535 1.1604861813951186 7.747102091552823 9.2716292765500725 0.52751595006043395 0.12983453850516083 0.41096785849715317 9.3868873419544183 0.33054549831299956 0.69933791499129405 0.37685505506578815 0.60453088205348204 0.81327459527913581 13.542995939902964 0.20777094063441712 14.970109093673353 0.39979357073132699 0.7517219290368643 2.5000000000000004 176.28089519445382
decision_type=2 2 2 2 2 2 2 2 2 2 2 2 2 2 2 2 2 2 2 2 2 2 2 2 2 2 2 2 2 2
left_child=1 7 -3 13 5 -5 -7 -1 -9 10 -6 -12 -11 -2 16 -16 -14 21 19 -19 -20 -17 -21 24 -24 26 -22 -27 -29 -30
right_child=3 2 -4 4 9 6 -8 8 -10 12 11 -13 14 -15 15 17 -18 18 20 22 25 -23 23 -25 -26 27 -28 28 29 -31
leaf_value=0.042477526879964034 0.10474314869809292 0.1052220464548352 -0.089905435430420885 -0.10410298356161336 -0.10355343370325465 0.073499379701492451 -0.1033031119307599 -0.10286779746701197 0.0026169176904266489 0.065218940059036501 0.094479668269057501 -0.058603914256242111 -0.0039721556527158473 0.0099289785317531517 -0.094408929294569593 0.039697716902865471 0.13093978474092646 -0.047897942317943337 -0.10557168820778538 0.13505244652285905 0.078827145295718742 -0.10313898673122474 0.053625631398605114 0.098584096585626863 -0.10302339365467039 0.095643602554966775 -0.10241354081687444 -0.10864017238333748 0.095779978899502086 0.0026113552640765203
leaf_weight=0.85611799312755366 1.5369991830084466 1.4680672129616144 0.75093740760348726 1.9401934372726821 1.6478548943996423 1.2225462417118254 0.81416704435832787 2.5642578776460145 1.2659457821864633 1.9968754434958089 0.93005224666558195 1.0679707629606126 1.1737547751981758 1.343221651855856 1.0427666825707991 0.36839755647815653 0.92203906038776029 1.0625679409131397 0.69493981450796027 0.90961869433522258 0.41931753885000844 0.97249924298375845 0.79670395376160763 1.5768666360527275 0.5433992228936404 0.96440082602202792 1.0732085423078386 0.63646296877413888 0.90213722269982355 30.958332423586398
leaf_count=20 23 37 55 91 93 35 54 180 33 49 20 36 38 31 73 7 13 32 32 13 9 56 20 22 31 8 79 14 61 1135
internal_value=0.00018695 -0.0198602 0.0391886 0.00259374 -0.000460162 -0.0493422 0.00282337 -0.0478202 -0.0680034 0.00337716 -0.0398689 0.0126544 0.00673082 0.0605256 0.00413642 0.00163418 0.055382 0.00402561 0.0062723 0.0438003 0.00112542 -0.0638961 0.069263 0.0487475 -0.00989407 0.00324673 -0.0514949 0.00568845 0.00301888 0.00524945
internal_weight=64.4226 6.90533 2.219 57.5173 54.6371 3.97691 2.03671 4.68632 3.8302 50.6602 3.64588 1.99802 47.0143 2.88022 45.0174 42.9216 2.09579 41.8789 40.538 4.88916 35.6488 1.3409 3.82659 2.91697 1.3401 34.9539 1.49253 33.4613 32.4969 31.8605
internal_count=2400 325 92 2075 2021 180 89 233 213 1841 149 56 1692 54 1643 1592 51 1519 1456 118 1338 63 86 73 51 1306 88 1218 1210 1196
is_linear=0
shrinkage=0.1


Tree=67
num_leaves=31
num_cat=0
split_feature=2 2 6 1 8 8 9 1 6 8 8 6 4 6 7 7 7 0 4 2 7 2 7 7 7 9 9 9 9 2
split_gain=0.373374 0.327542 0.355711 1.54066 1.02682 1.83099 1.47667 0.935099 1.42017 0.855373 0.731064 0.504033 0.49315 0.448914 0.366113 0.451539 0.723273 0.70509 0.807535 1.20319 0.701838 0.960175 0.907158 0.857426 0.784449 0.87659 0.879234 1.11334 1.24873 1.16419
threshold=0.10399658976386587 0.10283206524148332 258.37792918819599 17.500000000000004 4.8657238781012557 3.197568827622169 11.881873643416419 20.500000000000004 306.74264208089534 3.093248996789788 6.2654941271934286 257.26505521058999 3622.5883121330594 246.66417108844141 296.0574284500081 269.10862791217738 265.51825124165128 2.4161639946016016 4086.7187441731789 0.076074242703465411 262.39238732969045 0.087125083564736361 11.031267259084769 255.7505959432913 250.34578171404902 19.546396723824241 19.241576672841834 12.055628228316342 6.9460539627688052 0.085505603822286114
decision_type=2 2 2 2 2 2 2 2 2 2 2 2 2 2 2 2 2 2 2 2 2 2 2 2 2 2 2 2 2 2
left_child=1 2 10 -4 5 9 -6 -8 -9 12 11 14 -5 -12 15 16 20 18 -17 -20 21 23 -23 24 25 26 27 28 -1 -29
right_child=-2 -3 3 4 6 -7 7 8 -10 -11 13 -13 -14 -15 -16 17 -18 -19 19 -21 -22 22 -24 -25 -26 -27 -28 29 -30 -31
leaf_value=-0.0032246030872360048 0.085184155223970992 -0.073515189869403683 0.10205452518735003 -0.076117781952604532 0.10245177553130819 0.1035206299068733 -0.09118966772814073 0.07314764230109809 -0.093935430761803468 -0.14799954175778879 0.10392862843715854 -0.088833453511958038 0.10166570194237634 -0.01547248018205793 0.054173747067125633 -0.071733459637430622 0.10699588244255145 -0.11721616903030735 0.10356982324927005 -0.057712879733979067 -0.082620937321164337 -0.10234059947177099 0.098619643382210062 0.10316616869925586 -0.079795562360368749 0.10244637464790728 -0.12901904014323842 0.078759002453259855 -0.067234081530952075 -0.11667539211137821
leaf_weight=31.423778004129417 0.51114823238458384 0.61058348696678777 1.7675286568701256 0.27737090829759681 0.74791412381455291 1.9666135807055978 2.4406422157771885 1.165251038502902 0.90288930572569359 0.53280889522284269 1.0032905740663398 0.71163917798548837 0.35664302099030465 0.45890909573063243 1.0561517030000676 1.4488962516188615 0.5963187119923522 0.86442772112786759 0.98553583724424221 0.87164156744256616 1.1035775966010977 0.2627897378988554 1.546806250233203 0.72015147656202216 1.4248913377523411 0.75504087470471759 0.57560687512159248 2.5344264081213619 3.3751008072867981 0.34647525567561377
leaf_count=1178 54 9 132 6 46 125 43 43 8 7 53 8 35 11 37 24 18 12 48 21 18 17 89 37 22 51 10 162 70 6
internal_value=6.26302e-05 -0.000629828 8.53819e-05 0.0172033 -0.000672104 0.0446395 -0.0276817 -0.0492681 0.000204082 -0.0546012 -0.00325422 -0.00526849 0.0238883 0.0664548 -0.00407654 -0.00533631 -0.00239804 -0.0368043 -0.0157793 0.0278739 -0.00387832 -0.00185578 0.0694362 -0.00499047 -0.00691673 -0.00425477 -0.00636071 -0.00448695 -0.0094328 0.0552548
internal_weight=63.3448 62.8337 62.2231 10.1577 8.39013 3.13344 5.2567 4.50878 2.06814 1.16682 52.0655 50.6033 0.634014 1.4622 49.8916 48.8355 44.665 4.1705 3.30607 1.85718 44.0686 42.9651 1.8096 41.1555 40.4353 39.0104 38.2554 37.6798 34.7989 2.8809
internal_count=2400 2346 2337 445 313 173 140 94 51 48 1892 1828 41 64 1820 1783 1678 105 93 69 1660 1642 106 1536 1499 1477 1426 1416 1248 168
is_linear=0
shrinkage=0.1


Tree=68
num_leaves=31
num_cat=0
split_feature=9 4 0 0 9 9 4 6 0 9 7 9 9 7 0 0 4 8 2 1 8 9 9 8 8 8 0 7 9 0
split_gain=0.266032 1.09451 0.993508 1.19085 0.813146 0.877239 1.05351 1.30515 0.632631 1.18135 0.620028 1.12623 0.941869 0.775295 0.567017 0.984878 0.867317 1.00448 0.837671 1.3113 0.767964 0.641678 0.872478 0.563914 0.990548 1.08443 0.800612 1.22548 0.748459 0.548067
threshold=0.21595332256623898 3982.2864701156309 1.6902741928347218 1.3700009723233864 0.27700806396951588 0.46263224146420517 3763.9683413713014 12.141046147379225 1.2190080855431924 0.080567341893553315 6.8709159482716204 1.0204283424411535 1.1604861813951186 7.0697516861000063 1.0926443109723576 1.2503799616721232 2946.4799826938265 0.17822925836922532 0.046139880818403908 4.5000000000000009 0.32320570463776405 0.56130939028826365 9.1160983622330303 0.20315723402742705 0.28091398081608804 0.29799135254868442 1.3095083552358242 11.621478588083894 0.66798374090400692 1.4493158574659415
decision_type=2 2 2 2 2 2 2 2 2 2 2 2 2 2 2 2 2 2 2 2 2 2 2 2 2 2 2 2 2 2
left_child=1 2 3 8 -2 6 -6 -8 9 -1 11 -7 -13 -12 18 21 20 -18 -15 -20 -17 -16 -23 -19 -25 -26 -27 -28 -29 -30
right_child=4 -3 -4 -5 5 10 7 -9 -10 -11 13 12 -14 14 15 16 17 23 19 -21 -22 22 -24 24 25 26 27 28 29 -31
leaf_value=-0.10339931573929979 0.054120110208550537 -0.089567826176911475 0.11742552344897689 -0.10300402730636865 -0.10368690095194809 -0.10321481172015057 0.064849041126935569 -0.10298857756771251 0.063211466831629856 0.065056103592769504 0.11225507315221667 0.084437171941758857 -0.054397652733122394 0.094340740340467966 0.048521099544658441 0.10278742608608299 -0.09202093585246432 0.073896024294645965 -0.10230578514661524 0.096916512954769052 -0.0039027440073201823 -0.12015917032673601 0.02755245011400724 -0.10456170337335179 0.14228045394238475 0.092552033157444757 -0.10283842752959722 0.07615723067496806 -0.045506745891216949 0.004220548604352373
leaf_weight=0.89740731054916911 2.8846973499748847 1.642853492638096 0.67413690907414991 1.0991119311656801 1.7499008614104234 1.4907214124687009 1.2515713740140197 0.73565184324979771 1.5632935315370557 0.77653270564042032 0.67971739009953935 0.93838080018758763 1.019566176459193 1.6521089971065515 0.45865725586190764 1.6536162667907768 1.1147785130888213 1.1298886560834933 0.73049025097861864 0.6032111425884068 1.1396430812310425 1.5516728765796872 0.53870321763679374 0.84918881254270573 0.56410376075655122 0.95730547816492517 1.1236281476449246 1.3548103505745555 2.414623424527238 26.995275251450948
leaf_count=49 54 110 29 79 91 93 35 54 35 23 15 20 36 33 13 19 74 14 54 31 34 76 28 40 7 33 69 19 86 1047
internal_value=0.00016156 -0.0187356 0.00448917 -0.0130681 0.00242361 -0.000406311 -0.0471064 0.00271709 0.0174671 -0.0252537 0.0031583 -0.0377225 0.0121414 0.00625608 0.00464897 0.0016449 0.00555218 0.00144259 0.0467508 -0.0122008 0.0592581 -0.0585911 -0.0820929 0.00438678 0.0020943 0.00480522 0.00244417 -0.000260921 0.00348555 0.000137818
internal_weight=62.2352 6.65334 5.01048 4.33635 55.5819 52.6972 3.73712 1.98722 3.23723 1.67394 48.9601 3.44867 1.95795 45.5114 44.8317 41.8459 39.2969 36.5036 2.98581 1.3337 2.79326 2.54903 2.09038 35.3888 34.2589 33.4097 32.8456 31.8883 30.7647 29.4099
internal_count=2400 325 215 186 2075 2021 180 89 107 72 1841 149 56 1692 1677 1559 1442 1389 118 85 53 117 104 1315 1301 1261 1254 1221 1152 1133
is_linear=0
shrinkage=0.1


Tree=69
num_leaves=31
num_cat=0
split_feature=4 7 0 0 0 4 1 0 9 4 2 4 4 1 6 9 8 6 7 2 2 4 8 0 6 6 8 9 2 6
split_gain=0.265611 0.267704 0.371824 0.963223 0.44586 0.478789 1.03033 1.11008 1.34459 0.573704 1.00082 0.755881 0.622487 0.923448 1.43267 0.851718 0.536025 0.79224 0.652916 0.523912 1.32572 1.05629 1.42092 1.00426 0.717485 0.844978 0.563073 0.494294 0.491769 1.51191
threshold=2539.4363179862144 338.04045305670599 2.4581688066481777 2.6928570163138401 2.4161639946016016 5529.6476218713551 1.5000000000000002 1.8760155229502831 13.566405831741685 5300.6070584954077 0.084059540203340818 5087.2179242798966 4876.6157279318923 22.500000000000004 298.64490603711619 15.155436481103363 5.9916166534532822 289.36206907951129 241.65569229315864 0.083690987006588127 0.080131882062936269 4534.8113897229132 4.0469896476006664 1.4463794965762122 249.00604872589679 240.87867195007411 4.7183328831615841 1.1604861813951186 0.067133277672369526 16.701782476410013
decision_type=2 2 2 2 2 2 2 2 2 2 2 2 2 2 2 2 2 2 2 2 2 2 2 2 2 2 2 2 2 2
left_child=-1 2 4 -4 5 9 -7 -8 -9 11 -11 12 13 16 -15 -14 17 19 -18 20 21 24 -23 27 25 26 28 -21 -2 -30
right_child=1 -3 3 -5 -6 6 7 8 -10 10 -12 -13 15 14 -16 -17 18 -19 -20 23 -22 22 -24 -25 -26 -27 -28 -29 29 -31
leaf_value=-0.059685277630546402 -0.0049582282343707748 -0.051475849983187064 0.1013176437366417 -0.016527499460508639 -0.063677738881027152 -0.10938305840727545 0.072405118525374748 0.099896521850540196 -0.036026483122194877 0.027558727205762773 -0.11358236620159873 0.091503720224942561 -0.081177019220079735 0.10283457763355396 -0.048941382845241931 0.042756568727239125 -0.086134213150833305 0.10300717603142001 0.0048207746541672966 -0.10616699498951965 -0.10876335658236816 -0.10669831682663661 0.10199096144504752 0.092059542863087193 0.1023788677008538 -0.10417941369826939 0.10309503108782181 0.035287767805328274 -0.011623177545460071 0.096123718177543394
leaf_weight=0.73559208994265546 21.308054123073834 0.96509378030896087 1.2751267547719174 1.5208292575553057 1.0832725097425271 0.5460666990838926 3.6831559895072132 0.95546625298447896 3.0541924061253667 0.86574473138898556 1.1970642125234006 0.87717106740455975 2.0557541330344971 1.9875744684250087 0.90516304410994042 0.75934722344391037 1.6518961307592683 0.73519623442552884 1.5112799997441468 0.50461223279125933 1.1933601647615422 1.7812194756697857 0.39942712523043145 1.5506393541581927 0.71855164598673482 0.74108255747705598 0.5620304667390873 0.48394198133610189 3.5065274832304558 2.0717752303462476
leaf_count=36 787 9 88 36 25 21 197 62 93 37 16 65 63 139 15 40 32 45 30 29 45 83 32 74 55 13 26 11 131 65
internal_value=4.27171e-05 0.000769516 0.00161715 0.0372171 -0.00013866 0.00109915 0.0233484 0.0327702 -0.00363723 -0.00277079 -0.0543466 -0.000422441 -0.00223742 0.000841336 0.0553425 -0.0477471 -0.00323044 0.00027893 -0.0426784 -0.00189002 -0.00533015 -0.00135979 -0.0684729 0.041846 0.00370282 0.00118756 0.00403237 -0.0369185 0.00196157 0.0283939
internal_weight=61.1862 60.4506 59.4855 2.79596 56.6896 55.6063 8.23888 7.69281 4.00966 47.3674 2.06281 45.3046 44.4274 41.6123 2.89274 2.8151 38.7196 35.5564 3.16318 34.8212 32.282 31.0887 2.18065 2.53919 28.908 28.1895 27.4484 0.988554 26.8864 5.5783
internal_count=2400 2364 2355 124 2231 2206 373 352 155 1833 53 1780 1715 1612 154 103 1458 1396 62 1351 1237 1192 115 114 1077 1022 1009 40 983 196
is_linear=0
shrinkage=0.1


Tree=70
num_leaves=31
num_cat=0
split_feature=8 2 6 6 2 6 4 8 9 2 8 8 8 0 9 9 8 0 9 7 0 0 5 6 8 0 8 9 8 0
split_gain=0.252424 0.610341 0.692963 1.28711 1.21016 0.796141 0.538456 0.287586 0.584959 1.05167 0.531136 0.271453 1.53856 1.05267 0.904647 0.758513 1.28192 1.11285 1.51768 0.988543 0.716925 0.60957 1.09517 0.964054 1.30895 0.696693 1.07922 1.02652 0.7279 0.867096
threshold=0.12983453850516083 0.044848267395101553 9.4339516256296445 9.7394675935017521 0.059864137964510955 16.701782476410013 2946.4799826938265 0.15091489404433442 0.012436866196756951 0.029339386463746155 0.17148441365137271 0.33615861193556584 0.37685505506578815 1.0778950517477852 0.034727061365293056 0.65053659211119974 0.28091398081608804 1.2002521747735935 0.31982864951621798 11.031267259084769 1.2190080855431924 1.0696768147168656 3.5000000000000004 7.781276779632738 0.52606361106063815 1.2918484587484522 0.43563138778497806 9.1160983622330303 0.55835400755043885 1.3975873149702911
decision_type=2 2 2 2 2 2 2 2 2 2 2 2 2 2 2 2 2 2 2 2 2 2 2 2 2 2 2 2 2 2
left_child=1 -1 -3 -4 -5 6 -6 -2 9 -9 -10 13 -13 -12 -14 17 19 -15 -19 20 -17 23 -23 -16 -25 27 -27 -24 -28 -30
right_child=7 2 3 4 5 -7 -8 8 10 -11 11 12 14 15 21 16 -18 18 -20 -21 -22 22 25 24 -26 26 28 -29 29 -31
leaf_value=-0.10303885203070094 0.041518975644153924 -0.10280756498413479 0.16217398423917995 -0.10454090801163494 0.05890846723466292 0.094832465843514305 -0.10236664822044622 0.1361609886581811 -0.10146090286977011 -0.087671209452771542 -0.1023394843815279 -0.10384408723115331 0.12924389001534373 0.09131608019121859 0.14923597850853049 0.046758940306549701 0.10131107271956181 0.024985504138566331 -0.1045143724564037 0.063821596194532093 -0.10451413886816081 -0.061927008959698729 -0.12133706058080274 -0.10363611076468489 0.076461623966305667 0.093599981228324095 -0.10310545956934825 0.040209992585961578 0.073732035107201846 0.00080745091002060664
leaf_weight=0.77844612114131351 1.7804752714000631 0.62325477111153338 0.4874723777174953 0.96577582962345365 0.34870010055601575 0.98765091085806489 0.50952268810942769 0.24410090036690135 0.48608100949786504 1.4986310217063872 0.68529310263693233 1.3832236598245788 0.56361215375363727 0.97717447462491502 0.69891339913010542 0.46744849812239431 2.6310783470980823 2.1886494501959537 1.5429970074910668 1.400996303418651 0.95000127563253045 2.7804257299285373 1.0298995841294516 0.63888069475069631 1.0956401284784076 1.3674980781506771 0.63556688092649238 0.63638968369923521 1.7311766210477824 28.035692390927579
leaf_count=44 40 47 4 66 4 28 40 2 34 136 53 85 5 22 7 9 42 58 75 28 43 132 49 35 45 24 43 41 65 1094
internal_value=9.35023e-05 -0.0221554 -0.00610304 0.0121659 -0.0138419 0.0336126 -0.0368398 0.00197968 0.000667966 -0.0563195 0.00258055 0.00356367 -0.000190681 0.0176194 0.00346559 0.025712 0.0511127 -0.00368439 -0.0285613 0.00425151 -0.0546271 0.00163144 -0.00162387 0.05008 0.0101257 0.0033907 0.00669652 -0.059639 0.00278761 0.00504859
internal_weight=60.1507 4.70082 3.92238 3.29912 2.81165 1.84587 0.858223 55.4498 53.6694 1.74273 51.9266 51.4406 40.5969 10.8436 39.2137 10.1583 5.44952 4.70882 3.73165 2.81845 1.41745 38.6501 36.2166 2.43343 1.73452 33.4362 31.7699 1.66629 30.4024 29.7669
internal_count=2400 233 189 142 138 72 44 2167 2127 138 1989 1955 1625 330 1540 277 122 155 133 80 52 1535 1448 87 80 1316 1226 90 1202 1159
is_linear=0
shrinkage=0.1


Tree=71
num_leaves=31
num_cat=0
split_feature=7 1 6 0 1 2 0 8 7 7 9 8 6 0 2 7 2 4 6 7 2 8 7 4 9 4 2 9 8 2
split_gain=0.23304 0.796081 0.860407 0.791596 0.653179 0.612493 0.612117 0.764578 0.550482 0.87998 0.530755 0.627342 0.502754 1.08369 1.07586 0.909503 0.668938 0.819141 0.579121 0.929001 0.961242 0.87454 0.57131 1.05613 0.840043 0.804423 1.1219 0.551723 0.559794 1.17933
threshold=201.36848210928903 26.500000000000004 267.68932630114398 1.7795050368915488 17.500000000000004 0.041764264173793857 1.7244474251343458 0.38401460593168085 217.2818651362758 220.65580808851229 7.1818041612518222 6.1571280507777013 252.33040992078119 1.7244474251343458 0.068239424090399306 319.06428640640382 0.062519382268304363 4576.0828367296499 250.57962627615788 296.0574284500081 0.035374778386632159 6.2654941271934286 289.61660693166897 5327.5504677741765 13.647763293669925 4026.9485162803521 0.053761370847599757 22.342701326759315 5.9916166534532822 0.075870445362979461
decision_type=2 2 2 2 2 2 2 2 2 2 2 2 2 2 2 2 2 2 2 2 2 2 2 2 2 2 2 2 2 2
left_child=1 2 3 6 -5 -6 -1 -8 10 -10 -2 -12 18 -14 16 -16 17 -15 19 20 -11 22 23 25 -25 26 -22 28 29 -27
right_child=8 -3 -4 4 5 -7 7 -9 9 12 11 -13 13 14 15 -17 -18 -19 -20 -21 21 -23 -24 24 -26 27 -28 -29 -30 -31
leaf_value=-0.0039728127096697518 -0.041141652628003254 -0.1323239950665977 0.10222025951544905 -0.078437718298790246 -0.076202773657993828 0.10219861687724979 -0.0074187107641792392 0.14714914790258291 -0.081310702231418286 0.10527581255587673 0.10226019608353561 -0.058589595710502013 0.10292952589139176 -0.032535789695919408 0.082535813580084938 -0.047266949601284733 -0.079790296272902753 0.10286471095050725 -0.08249403773817432 0.1038675103077244 -0.064806788513698907 0.10381904813317616 -0.1134571290880611 -0.0081715228920069358 0.10262214388789542 0.042389737049003194 0.077245496145428597 -0.12385398290241806 -0.13288953987231419 -0.07487780907064033
leaf_weight=27.708755591302182 0.4727998492307991 0.48769081849604745 0.75059907499235023 2.4505521049723025 0.33504945319145907 0.45214507717173547 0.66737978346645721 0.61486932612024248 1.1876897010952259 0.72720405552536149 1.5753256964962927 0.28658365877345193 1.5188759849406759 1.4927306144963957 2.3626523441635077 0.69965795427560795 1.465091241057962 0.63767428696155537 0.89236313896253783 0.81907504703849632 0.98548532463609673 0.60348708112724203 0.61527192429639477 1.6496580475941303 1.1694856318645177 1.4829558366909625 1.2756784660741685 0.97843793779611576 0.56223717378452409 2.0336576659465209
leaf_count=1084 12 7 61 130 7 40 28 17 36 22 122 10 119 40 125 7 37 43 14 36 9 36 14 49 79 86 51 11 6 62
internal_value=-7.88086e-06 -0.00549498 -0.00361947 -0.00608445 -0.0529809 0.0262666 -0.000846997 0.0667003 0.00719525 0.00252968 0.0534758 0.0775023 0.00706171 0.0267097 0.00932134 0.0528793 -0.0277773 0.00799238 -0.00458422 0.000804125 -0.00618195 -0.0133191 -0.0198933 -0.0142148 0.0377898 -0.0342474 0.0153347 -0.0564161 -0.0402391 -0.0254261
internal_weight=58.9611 33.467 32.9794 32.2288 3.23775 0.787195 28.991 1.28225 25.4941 23.1594 2.33471 1.86191 21.9717 8.17668 6.65781 3.06231 3.5955 2.1304 13.795 12.9026 12.0836 11.3564 10.7529 10.1376 2.81914 7.31845 2.26116 5.05729 4.07885 3.51661
internal_count=2400 1374 1367 1306 177 47 1129 45 1026 882 144 132 846 371 252 132 120 83 475 461 425 403 367 353 128 225 60 165 154 148
is_linear=0
shrinkage=0.1


Tree=72
num_leaves=31
num_cat=0
split_feature=1 9 6 0 9 6 4 6 5 8 0 0 9 0 4 9 0 9 9 4 6 4 4 8 6 9 4 7 8 6
split_gain=0.234852 0.689052 1.61326 1.32909 1.03076 0.857149 1.08886 0.917203 0.888357 0.689762 0.535724 0.685643 0.522631 0.291464 0.44096 1.06034 0.659348 0.534511 1.44291 0.489648 1.34612 0.557144 0.416563 1.35577 1.25798 1.36109 1.11884 0.738043 0.855323 0.711341
threshold=20.500000000000004 13.946655505929007 169.04602268888902 1.6791508790630145 14.091460420805319 298.64490603711619 5300.6070584954077 189.58962469967835 5.5000000000000009 2.8893282016639659 1.7151818322677401 1.6560584696142218 22.532259245481015 2.6928570163138401 5512.0174638725475 0.61352242270455681 2.3444325220591322 13.647763293669925 11.261728600661529 4787.2255568017363 251.58549955833516 5411.3967586732879 4152.7775763976533 0.19899173331834832 256.19073846196784 0.23466102477840953 4076.4983760353052 9.0383893804348521 0.23271138999337523 270.64640394711989
decision_type=2 2 2 2 2 2 2 2 2 2 2 2 2 2 2 2 2 2 2 2 2 2 2 2 2 2 2 2 2 2
left_child=13 2 -2 -3 -5 6 9 -8 -9 -6 11 -4 -11 14 19 -16 17 18 -17 22 -21 -22 26 -24 25 -25 -1 -27 -29 -26
right_child=1 3 10 4 5 -7 7 8 -10 12 -12 -13 -14 -15 15 16 -18 -19 -20 20 21 -23 23 24 29 27 -28 28 -30 -31
leaf_value=-0.0032042299506481273 -0.11405514646700408 0.1032366156605512 0.10255578305895874 -0.1356800242410475 -0.057462473807108574 -0.080044878048160462 -0.14987925408392719 -0.059655592024604215 0.10537571436552513 0.10310301882760925 0.10275124214958453 -0.05051467517796613 -0.034840259864772183 -0.053727270353594918 -0.1033621083947264 0.076199682524240642 -0.038752864272628536 0.10257513584326293 -0.095616624280324983 -0.075233840335734492 0.1026634623846977 -0.054527312916831862 -0.1020778652113435 -0.10224372846812751 -0.11176317186556393 -0.02394950100290567 -0.096341615747151818 0.17668521417242616 0.062392131132609399 0.019421742559583385
leaf_weight=26.262123899650764 0.53449468221515273 0.98682788107544173 0.53569629287812881 0.70301365479826916 0.43403588235378299 1.2647883645258842 0.56561383605003346 0.88814477901905753 0.51549893384799361 1.7335134116001429 2.1544157239259221 0.64491765620186925 0.32636963389813889 1.1080262339673925 0.57619038131087918 1.7322225503157831 0.87035621795803297 1.5774458530358968 0.68090549460612226 2.8346360579598691 0.75908492237795122 0.3207640815526247 0.85373731330036928 0.52325556101277459 0.83140914770774521 0.77521612518466998 1.3564094780012954 0.78452292922884215 3.9590106417890638 0.82201519340742379
leaf_count=992 6 79 51 7 12 16 4 28 37 105 159 13 10 18 31 64 26 115 22 100 60 6 65 42 20 40 61 8 160 43
internal_value=8.0963e-05 0.0130237 0.0472327 -0.00482145 -0.0214029 -0.00737722 0.0132156 -0.042369 0.000953423 0.0571065 0.0730818 0.0189401 0.0812472 -0.00305217 -0.00181864 0.0249048 0.040109 0.057309 0.0277188 -0.00544366 -0.0390398 0.0559707 -0.0018075 0.0174819 0.0307459 0.0518965 -0.00777842 0.0665112 0.0812948 -0.0465434
internal_weight=57.9147 11.2873 3.86952 7.41781 6.43098 5.72796 4.46318 1.96926 1.40364 2.49392 3.33503 1.18061 2.05988 46.6273 45.5193 5.43712 4.86093 3.99057 2.41313 40.0822 3.91449 1.07985 36.1677 8.54917 7.69543 6.04201 27.6185 5.51875 4.74353 1.65342
internal_count=2400 527 229 298 219 212 196 69 65 127 223 64 115 1873 1855 258 227 201 86 1597 166 66 1431 378 313 250 1053 208 168 63
is_linear=0
shrinkage=0.1


Tree=73
num_leaves=31
num_cat=0
split_feature=1 0 0 8 1 7 7 7 7 1 8 4 4 2 4 4 7 2 5 2 9 1 2 7 4 0 1 6 8 1
split_gain=0.205422 0.642232 0.745272 0.79328 1.10007 0.923386 0.837339 0.991509 0.879997 0.896609 0.658657 0.290536 0.326752 0.669674 0.761483 0.573086 0.542784 1.20124 0.44494 0.395607 0.805538 0.813553 0.596568 0.595914 0.639546 0.560436 1.46968 0.635876 0.612258 0.648296
threshold=20.500000000000004 2.4581688066481777 2.3063116190780772 4.4966702971685404 29.500000000000004 289.61660693166897 255.7505959432913 296.0574284500081 233.148837871773 22.500000000000004 3.2787600304974878 2539.4363179862144 3062.4592626946369 0.038220295189633956 3008.566814895144 3131.9418710893292 11.266768104503745 0.074659571493271612 3.5000000000000004 0.033600358695766358 0.012436866196756951 3.5000000000000004 0.03470832205685976 203.10841627919692 3572.1205535786835 1.1442017324253746 1.5000000000000002 12.079364789658412 0.17148441365137271 1.0000000180025095e-35
decision_type=2 2 2 2 2 2 2 2 2 2 2 2 2 2 2 2 2 2 2 2 2 2 2 2 2 2 2 2 2 2
left_child=11 2 3 4 5 -2 8 -8 9 -5 -4 -1 13 -13 16 -14 17 -15 -18 23 21 -21 -22 24 -17 26 -24 -28 29 -27
right_child=1 -3 10 6 -6 -7 7 -9 -10 -11 -12 12 15 14 -16 19 18 -19 -20 20 22 -23 25 -25 -26 28 27 -29 -30 -31
leaf_value=-0.070930413966138639 0.10253739214613095 0.10235015393252328 -0.13578016320861253 -0.058744191061761313 -0.12073599827431676 -0.052547282046793035 0.10342768352258346 -0.024955863927960904 -0.089421645808717115 0.10196128898010311 0.0016231878417344147 0.098708649521331071 -0.089136064458845379 -0.10391368627326091 0.083489267130825606 0.026461768467313074 0.057159199575178898 0.065410098586740392 -0.030323570452207401 -0.103383752916135 0.084696833524347939 0.046809779335286822 -0.10181927491902983 0.034832302510539259 -0.11240904665738145 0.038150710824658013 -0.012193064721202938 0.079933959368540683 -0.00082712338454275314 -0.09460126170122285
leaf_weight=0.61711040465161104 2.3419270565500439 0.74194050463847894 0.64634270383976467 0.72531103901565097 0.3123666465980931 0.45920406293589611 1.1838327283039691 1.2230399241670964 1.6754950077738611 0.66590434452518821 0.75802132510580122 0.90912434598430891 0.79767508234362949 1.3511688902508465 1.0228950371965764 0.45354083785787169 1.3579711830243471 0.60729345446452487 1.016602750867605 1.3957326363306481 0.86332894442602892 0.4863059939816593 0.69015533779747684 0.69707203377038229 1.2337067353073505 0.49941321695223706 1.0065094272140416 2.9306348406244069 26.724666552036069 1.3966049819719044
leaf_count=34 192 52 8 26 8 17 65 17 44 62 36 12 43 59 20 17 22 11 27 128 13 23 62 21 47 22 43 95 1049 125
internal_value=0.000126627 0.0125851 0.0059194 0.0169643 0.057264 0.0771136 -0.00595913 0.0381902 -0.0406093 0.0181774 -0.0616152 -0.00277674 -0.00185117 0.0193535 0.00588366 -0.0052423 -0.0124366 -0.0514086 0.0197061 -0.00349858 -0.000885427 -0.0645748 0.00262853 -0.0429463 -0.0750799 0.000497518 0.0327867 0.0563822 -0.00472289 -0.0596343
internal_weight=56.7909 10.7334 9.99144 8.58708 3.1135 2.80113 5.47358 2.40687 3.06671 1.39122 1.40436 46.0575 45.4404 6.26506 5.35593 39.1753 4.33304 1.95846 2.37457 38.3777 35.9934 1.88204 34.1113 2.38432 1.68725 33.248 4.6273 3.93714 28.6207 1.89602
internal_count=2400 527 475 431 217 209 214 82 132 88 44 1873 1839 151 139 1688 119 70 49 1645 1560 151 1409 85 64 1396 200 138 1196 147
is_linear=0
shrinkage=0.1


Tree=74
num_leaves=31
num_cat=0
split_feature=0 8 0 0 0 4 0 4 8 8 9 9 9 0 0 2 0 2 4 7 9 9 9 9 0 8 8 7 9 4
split_gain=0.191789 0.936732 0.416254 0.34008 0.317296 0.44849 0.343869 0.778785 0.696542 1.50414 0.505623 1.48315 1.21963 0.353166 1.7514 0.72681 1.12119 0.891967 1.06272 1.40105 0.680399 0.526065 0.556693 0.805628 0.738216 1.0627 0.616576 0.653969 0.830797 0.678294
threshold=0.91788173520150618 0.600818415447263 0.95276280575046324 1.02633946542695 1.0696768147168656 3315.2109729923131 1.2703165292957694 3041.7483023212139 0.24020026775992998 0.13638606850436988 0.54464269458330594 0.56130939028826365 9.1160983622330303 1.4013897434831881 1.4493158574659415 0.050355145064756961 1.3158235970602592 0.052541111144170406 4311.8810680736997 4.664415765621726 0.65053659211119974 0.025246604834798205 0.069627874969869621 0.24308473370805297 1.669040443455529 0.32320570463776405 0.33615861193556584 18.114472054440778 9.5866759456421651 5116.059842827176
decision_type=2 2 2 2 2 2 2 2 2 2 2 2 2 2 2 2 2 2 2 2 2 2 2 2 2 2 2 2 2 2
left_child=1 -1 -2 -4 5 -5 7 -6 9 -9 -10 -12 -13 15 -15 16 -8 -17 19 -19 -21 -16 -23 -24 -25 -26 -27 -28 29 -29
right_child=2 -3 3 4 6 -7 13 8 10 -11 11 12 -14 14 21 17 -18 18 -20 20 -22 22 23 24 25 26 27 28 -30 -31
leaf_value=-0.1016094763773235 0.064391834191562941 0.092362125331115152 -0.064099420499909202 0.092251685603953151 -0.10696383568226771 -0.015671525907544163 0.047313889813099634 -0.1027736558505099 -0.10295609850948489 0.081920152460314866 0.14632846043342185 -0.11154904624301454 0.10168419765115494 -0.084171660611746565 -0.077144936128506023 0.14903015188293353 -0.079780508468305769 0.11926081831529145 0.10955600106610622 -0.10469232381679866 0.0012659535769586913 0.097111103491141215 -0.10278892835378227 0.031500180476446357 -0.099790690110730454 0.11400908979404661 -0.10387206554555733 0.0098444118016003338 -0.0051832981344730293 0.10952766488375165
leaf_weight=0.78749033389612921 1.015072674024849 0.36406443105079234 0.8213770838920017 0.88128788769245037 0.93429509270936151 0.68384041264653206 1.3074213475920244 0.59774476289749179 0.89524837478529695 1.6809447112027553 0.45265525765717018 1.1226664027199147 0.35244575631804753 2.4108059233985832 0.78121867717709292 0.68887066608294834 1.4796548387967048 0.76292120153084431 1.1710283516440538 0.9088529031723741 1.8188591772923244 0.65556785650551219 0.69103071000426908 8.5729584622895327 1.0767046960536415 0.48003573948517697 0.59607172396499919 1.5620048611890553 18.950740788830444 1.2124754267279056
leaf_count=78 30 12 60 13 35 37 25 48 66 38 3 67 33 110 68 7 60 9 52 55 62 11 53 342 78 6 53 66 762 61
internal_value=0.000101029 -0.0402853 0.000953356 -0.000249165 0.000745464 0.0450976 -0.000611306 -0.0230275 -0.00765593 0.0334714 -0.0408532 -0.0120128 -0.0606016 0.00238698 -0.00176236 0.0212478 -0.0201603 0.0428172 0.0271218 -0.000533062 -0.0340385 0.00398315 0.0058584 0.00405337 0.00632853 -0.00270887 0.00187544 -0.000536076 0.00229914 0.053407
internal_weight=55.7164 1.15155 54.5648 53.5497 52.7284 1.56513 51.1632 6.036 5.10171 2.27869 2.82302 1.92777 1.47511 45.1272 36.9896 8.13761 2.78708 5.35053 4.66166 3.49063 2.72771 34.5788 33.7976 33.142 32.451 23.878 22.8013 22.3213 21.7252 2.77448
internal_count=2400 90 2310 2280 2220 50 2170 290 255 86 169 103 100 1880 1610 270 85 185 178 126 117 1500 1432 1421 1368 1026 948 942 889 127
is_linear=0
shrinkage=0.1


Tree=75
num_leaves=31
num_cat=0
split_feature=2 2 8 7 9 7 5 7 8 6 4 6 6 8 4 0 6 8 6 8 7 6 9 0 7 8 9 9 0 0
split_gain=0.27638 0.326199 0.263147 1.80144 0.292819 0.272494 0.610496 0.439599 0.31149 1.15529 0.706477 0.389541 1.26934 0.828778 0.683264 0.81963 0.535651 0.813238 0.749995 0.544595 0.47467 0.925137 0.502532 0.591977 0.61662 0.527295 1.16496 0.692039 0.395983 0.972954
threshold=0.10399658976386587 0.10283206524148332 6.4389159292730511 308.85432924836476 19.944322332534597 299.72036489270459 5.5000000000000009 293.96741345401534 6.0817210095374188 301.88862072233991 4290.3781375857461 288.71110904352332 258.37792918819599 5.8110231388328986 4180.5215801456579 2.620118343877293 256.19073846196784 5.4283574110774389 172.38076264207731 5.2329411822000216 251.37321900540465 244.13396208197648 19.718906863738024 2.6928570163138401 244.67737968027964 4.6703360822756013 11.553789367791291 10.01286425627014 1.8048363095712057 2.0426703663813055
decision_type=2 2 2 2 2 2 2 2 2 2 2 2 2 2 2 2 2 2 2 2 2 2 2 2 2 2 2 2 2 2
left_child=1 2 5 4 -4 7 -7 8 9 11 -10 12 16 -14 -13 -16 17 19 -19 20 21 22 23 24 25 26 27 -1 -22 -30
right_child=-2 -3 3 -5 -6 6 -8 -9 10 -11 -12 14 13 -15 15 -17 -18 18 -20 -21 28 -23 -24 -25 -26 -27 -28 -29 29 -31
leaf_value=-0.0030911555042510384 0.080055689542195718 -0.075895378235533439 0.10400439302254738 -0.10707233813164924 0.010166743329190769 -0.0094225030460953364 0.10661941296432315 -0.0923361419009322 -0.091880491090499644 0.10232906356304422 0.024028191018443834 -0.13467581426973604 0.10188040342603716 -0.047379501414389215 0.10163524789551426 -0.12229133566574886 -0.077950694050604993 -0.061403535519441915 0.10338301599050857 -0.079634934248018791 0.015745448967056871 0.10272685875333892 0.10233769913523633 -0.11416306628345939 0.10761528165678476 -0.065320369640306006 0.10222604529703622 -0.12487480863442942 -0.10243156586207612 -0.0003802035098173979
leaf_weight=28.198110295692473 0.42822543939109792 0.56930042849853535 1.4391365770716213 0.68639685213565815 0.43247186997905362 1.1654345355927933 0.74203091952949751 0.54233790282159944 1.1587205221876495 1.0757619551150117 0.96279437746852625 0.60007998207583912 1.8268386860145249 0.4671320286579429 0.40707042999565601 0.27313444204628468 0.98053135955706139 0.35509307682514091 1.2430490022525189 0.97940472653135557 1.2555248113349069 0.85725291434209694 0.45072578208055247 0.48041623737662931 0.50212174607440729 1.3456542864441861 1.0481920181773592 0.47445984045043488 1.7893767813220622 1.9548639238346366
leaf_count=1222 54 9 79 5 14 33 28 16 18 76 32 11 200 11 44 5 19 6 73 27 56 70 35 5 25 40 86 5 29 67
internal_value=3.36201e-05 -0.000597882 0.000200471 0.0315008 0.0823214 -0.00136528 0.0357194 -0.0028022 -0.00180485 -9.75353e-05 -0.0392783 -0.0025198 -0.000945014 0.0714859 -0.0568979 0.0117181 -0.00490912 -0.00315949 0.0667689 -0.00600053 -0.00412034 0.00018648 -0.00251826 -0.00399292 -0.00231632 -0.00409313 -0.00132097 -0.00510637 -0.0328542 -0.0491507
internal_weight=54.6916 54.2634 53.6941 2.55801 1.87161 51.1361 1.90747 49.2286 48.6863 46.5648 2.12151 45.489 44.2087 2.29397 1.28028 0.680205 41.9148 40.9342 1.59814 39.3361 38.3567 33.3569 32.4997 32.049 31.5685 31.0664 29.7208 28.6726 4.99977 3.74424
internal_count=2400 2346 2337 98 93 2239 61 2178 2162 2112 50 2036 1976 211 60 49 1765 1746 79 1667 1640 1488 1418 1383 1378 1353 1313 1227 152 96
is_linear=0
shrinkage=0.1


Tree=76
num_leaves=31
num_cat=0
split_feature=7 2 9 1 1 1 2 2 7 9 7 7 1 6 6 5 8 4 9 6 6 7 9 8 2 7 7 9 2 9
split_gain=0.183643 0.561671 0.437208 1.05444 0.852986 0.424675 0.415418 0.553896 0.492712 0.882149 0.757933 0.809957 0.471707 0.44903 0.869637 0.82365 0.664285 0.60155 0.520397 0.488198 0.733741 0.623223 0.719273 1.12717 0.446929 0.730097 1.06119 0.75883 0.576685 0.55451
threshold=201.36848210928903 0.024957220521293903 18.591238001832167 15.500000000000002 14.500000000000002 28.500000000000004 0.039313475138795809 0.042407066502386855 217.2818651362758 7.386158886867098 220.65580808851229 226.04590191975151 18.500000000000004 252.33040992078119 269.8463449383807 5.5000000000000009 5.8110231388328986 3532.2957484038243 9.7519192516136979 240.87867195007411 228.94033021194039 234.41113307218572 25.490597781912079 4.3005281093398269 0.070484810743068019 255.7505959432913 250.34578171404902 12.055628228316342 0.048474647703387004 8.5878635291587226
decision_type=2 2 2 2 2 2 2 2 2 2 2 2 2 2 2 2 2 2 2 2 2 2 2 2 2 2 2 2 2 2
left_child=1 -1 3 4 -3 6 -2 -8 9 -9 -10 -12 24 19 -15 18 17 -17 -16 20 21 -14 23 -23 25 26 27 -13 -27 -26
right_child=5 2 -4 -5 -6 -7 7 8 10 -11 11 12 13 14 15 16 -18 -19 -20 -21 -22 22 -24 -25 29 28 -28 -29 -30 -31
leaf_value=-0.10933066813096917 0.054904069538980207 -0.0017040873578477941 -0.060423389367554259 0.10196645421646444 -0.12737174238244339 0.10332076829901585 -0.060118896198602792 -0.081489934392123833 -0.080564559996175455 0.10178548348380377 0.10243404482565158 -0.060912102044066441 -0.10961887755086706 0.10464599988493867 -0.052192171233097752 -0.089175052941401378 -0.10029137045937252 0.10266274667632241 0.10385481470993291 -0.070498329489121658 0.10166549430736214 -0.029559027211991575 -0.10350385970687129 0.10272188184277319 -0.065079668783909111 -0.051410711893495692 -0.12728649775621564 0.10321163523217199 0.10276626172892188 0.077823230355073103
leaf_weight=0.50623689824715512 1.5530540549662024 27.865053180372353 1.2765441029332567 0.96849108231253822 0.5508019607514133 0.44856154057197173 1.3718012152239705 0.33884673658758657 1.0708155627362455 1.1674761916510759 0.831441813439599 0.54441027808934384 0.70582691207527926 0.85947736864909563 0.2979059861972928 0.27310478501021873 1.0900957407429812 0.40712995326612145 0.75615232554264367 1.8558381863404063 0.52342125040013332 1.9426396869821481 0.63072567153722037 0.96372427511960257 0.31433753529563579 0.33351639844477154 0.78686508862301696 0.58380451961420476 0.8900139587931335 1.9941692939028142
leaf_count=20 62 1207 41 101 5 33 25 9 33 117 67 11 14 56 15 3 17 37 49 44 52 52 6 63 12 6 10 46 57 130
internal_value=0.000115831 -0.00485665 -0.0031317 -0.000642774 -0.00413998 0.00699299 0.00503665 0.00126493 0.00565944 0.0605578 0.00097563 0.00624042 0.00116339 -0.0114169 0.0165691 -0.0102332 -0.0519023 0.0256425 0.0597516 -0.0269853 -0.0100428 -0.0238236 -0.00670311 0.0143041 0.0249655 0.000399551 -0.0381514 0.0240151 0.0607399 0.0583649
internal_weight=53.7023 31.1671 30.6609 29.3843 28.4159 22.5352 22.0866 20.5335 19.1617 1.50632 17.6554 16.5846 15.7532 10.306 3.68387 2.82439 1.77033 0.680235 1.05406 6.62218 4.76634 4.24292 3.53709 2.90636 5.44712 3.13861 1.91508 1.12821 1.22353 2.30851
internal_count=2400 1374 1354 1313 1212 1026 993 931 906 126 780 747 680 408 177 121 57 40 64 231 187 135 121 115 272 130 67 57 63 142
is_linear=0
shrinkage=0.1


Tree=77
num_leaves=31
num_cat=0
split_feature=7 0 0 2 0 2 2 2 0 0 0 4 6 9 2 2 7 4 0 2 2 0 2 0 0 7 9 2 2 9
split_gain=0.205021 0.317444 0.654051 0.277044 1.22277 0.523649 0.929644 0.730512 0.415293 0.778014 0.643865 0.711088 1.0844 0.640871 0.863985 0.533903 0.793901 1.1712 0.965958 0.747649 1.17988 0.788346 0.74894 0.66077 0.838306 0.640665 0.842454 0.649917 1.12059 0.746359
threshold=338.04045305670599 2.4581688066481777 2.6928570163138401 0.03470832205685976 1.5743622177824677 0.036790015791055557 0.03772063296543076 0.039612222212402556 2.2823774152718719 2.1954302412130748 2.1677387367782686 5529.6476218713551 207.75301415945481 0.95630443491663264 0.066206293470312219 0.046423950289379456 12.690378035828667 3517.472809471029 1.388530403838957 0.050558338100875712 0.051564391082909312 1.9753699812926546 0.098363371080086956 1.7994801685260233 1.7581569632991292 4.664415765621726 0.080567341893553315 0.055446495542432354 0.052314490837237958 0.24308473370805297
decision_type=2 2 2 2 2 2 2 2 2 2 2 2 2 2 2 2 2 2 2 2 2 2 2 2 2 2 2 2 2 2
left_child=1 3 -3 4 -1 -5 -7 -8 9 10 11 15 13 -13 -15 16 17 -9 -18 -17 -21 23 -23 24 25 -22 -27 28 -28 -29
right_child=-2 2 -4 5 -6 6 7 8 -10 -11 -12 12 -14 14 -16 19 18 -19 -20 20 21 22 -24 -25 -26 26 27 29 -30 -31
leaf_value=-0.035610702349825475 -0.049066682480745416 0.10047786197523906 -0.008305959744034792 -0.071683035642561233 0.084119087383499422 0.1082438442119476 -0.094638708960894463 0.03556538717403053 -0.036463825320291285 0.096498496727693395 -0.066447961934520114 -0.092746008628930024 0.10177118154897571 0.094798131514417183 -0.04061640568575195 -0.055193733962659156 -0.0036924420104138007 -0.10294637940376183 0.1130502373909314 0.094880508196731564 0.045685712465612018 0.086712209546969954 -0.073203483742050893 -0.051736306888156218 0.10644769788904318 -0.10279741855689187 -0.098580129580584042 0.048497037459488052 0.068134150913322769 -0.027951297934739772
leaf_weight=1.6369902067817741 0.83174335956573386 0.95586752728559021 1.3103483743034301 1.0756670081755135 1.7810036686714736 0.7645923753734668 0.85260128951631386 1.7123813272919499 3.0967113079968831 0.84468542458489437 1.4267423602286715 0.58801408880390171 1.7210908372071569 0.93876878521405138 0.9459297286812216 3.0446748450631302 1.2604889757931235 0.94865747890435148 1.6192433108808471 1.1802631227765257 1.9049487302545589 1.4860034099547181 0.36474813567474473 3.6339875330450004 0.64994458388537069 1.0375903167296225 0.49960016575641875 1.4442705828696478 2.0890843255911022 11.030588303809052
leaf_count=76 9 88 36 40 49 17 40 40 102 68 26 33 197 26 35 148 31 65 44 38 65 132 14 139 38 106 28 58 69 543
internal_value=0.00018809 0.000978271 0.037578 -0.000694663 0.0267765 -0.00272876 -0.00108362 -0.00296966 -0.00117164 0.00153545 -0.000493893 0.00197589 0.0408209 -0.00160257 0.0268336 -0.00282874 0.0255636 -0.0138139 0.0619507 -0.00837472 -0.00274507 -0.00751807 0.0551959 -0.0127252 -0.00512631 -0.00915367 -0.0156418 -0.00963844 0.0359593 -0.0191005
internal_weight=52.6772 51.8455 2.26622 49.5793 3.41799 46.1613 45.0856 44.321 43.4684 40.3717 39.527 38.1003 4.1938 2.47271 1.8847 33.9065 5.54077 2.66104 2.87973 28.3657 25.321 24.1408 1.85075 22.29 18.656 18.0061 16.1011 15.0635 2.58868 12.4749
internal_count=2400 2391 124 2267 125 2142 2102 2085 2045 1943 1875 1849 291 94 61 1558 180 105 75 1378 1230 1192 146 1046 907 869 804 698 97 601
is_linear=0
shrinkage=0.1


Tree=78
num_leaves=31
num_cat=0
split_feature=7 0 0 1 5 1 4 6 9 8 8 6 2 8 2 9 9 0 2 0 7 8 8 2 2 4 5 8 6 6
split_gain=0.182967 0.516765 0.677906 0.639562 0.637205 0.462305 0.708392 0.695426 0.68647 0.812769 0.935802 0.610113 0.857067 0.692353 0.679205 1.12577 0.599061 1.3145 0.84194 0.846288 0.697228 0.531437 0.953198 0.530492 1.02898 0.918293 0.738687 0.696526 0.526163 0.67938
threshold=201.36848210928903 1.7795050368915488 1.9260057869475193 12.500000000000002 5.5000000000000009 2.5000000000000004 3405.1774816567181 4.596070852767185 0.51897027815263164 0.28091398081608804 0.31680755009133649 12.257722201116581 0.045464988177920204 0.33054549831299956 0.043378191158732905 0.1036016948716804 0.25350184835093265 1.0696768147168656 0.05305368547458076 1.3604155935539282 6.1360378982663883 1.0000000180025095e-35 0.2631082955442392 0.069711451715571207 0.070658592620365418 3550.4162820925126 3.5000000000000004 0.21570200785374374 8.9597878986324684 15.049721067387246
decision_type=2 2 2 2 2 2 2 2 2 2 2 2 2 2 2 2 2 2 2 2 2 2 2 2 2 2 2 2 2 2
left_child=1 3 -3 5 -4 7 21 -1 -8 -10 -11 14 13 -13 15 -9 17 -16 -18 20 -20 -7 -23 25 -25 26 -14 -26 -24 -30
right_child=-2 2 4 -5 -6 6 8 11 9 10 -12 12 23 -15 16 -17 18 -19 19 -21 -22 22 28 24 27 -27 -28 -29 29 -31
leaf_value=-0.10374765114537232 0.007317687725198023 -0.083953780091396646 -0.03264318932356864 0.10389882130644586 0.10225850373927908 0.096710696140284325 -0.10285814987787595 0.10269331654794789 -0.10292906816691981 0.12168166376927791 -0.031830524595215424 0.063234952910551645 0.034337857909712798 -0.041455930475365887 0.099525469606058223 -0.071772867389381989 0.098786253698132154 -0.10303016563271689 0.073288473697189646 0.061931590958737695 -0.10234924832366084 -0.10395852135035236 0.092617343699952559 0.12063971314473268 0.026798226824778879 -0.10413077044557761 -0.10307479181079587 -0.1028190451050842 -0.10243334702196616 0.038923996236071769
leaf_weight=0.55645309016109834 21.226127605361398 1.7914681526599445 1.3297896981239317 0.5795721726026376 0.47528826142661262 0.5877743349410588 1.5740619488060472 0.506785437930377 0.80521615245379541 0.58670462621375907 1.228755466872826 2.2663808013312505 1.3645686435047539 0.87580832955427457 0.55480626481585182 1.3687974642962215 2.6230902813840657 0.7582508425693959 0.32276076730340741 1.8385375615907831 0.75403655925765634 0.7624985470902178 0.76782302604988251 0.59564824146218631 0.90710216574370839 1.8309559033950789 0.54843875172082324 0.76356194505933672 0.51420739525929082 1.0035553425550459
leaf_count=39 1026 91 88 48 44 7 136 10 62 8 52 55 44 41 15 44 44 52 7 47 57 36 10 6 30 143 43 53 35 27
internal_value=0.000191153 -0.00477781 -0.040374 -9.03912e-06 0.00287727 -0.00230177 -0.022658 0.00634447 -0.0506601 -0.0193083 0.0177802 0.00977079 -0.00826737 0.0340549 0.0286882 -0.0246318 0.0432845 -0.0174443 0.0576822 0.0206985 -0.0497033 0.00964833 -0.00714025 -0.0303936 0.00779189 -0.0535082 -0.00505688 -0.0324422 0.0251595 -0.00896688
internal_weight=51.6688 30.4427 3.59655 26.8462 1.80508 26.2666 7.8306 18.436 4.19474 2.62068 1.81546 17.8795 9.15246 3.14219 8.72707 1.87558 6.85148 1.31306 5.53843 2.91533 1.0768 3.63586 3.04808 6.01028 2.26631 3.74396 1.91301 1.67066 2.28559 1.51776
internal_count=2400 1374 223 1151 132 1103 373 730 258 122 60 691 415 96 276 54 222 67 155 111 64 115 108 319 89 230 87 83 72 62
is_linear=0
shrinkage=0.1


Tree=79
num_leaves=31
num_cat=0
split_feature=7 7 2 8 1 8 6 7 1 0 0 2 2 6 7 0 0 2 9 7 7 2 2 6 0 0 8 4 0 2
split_gain=0.187011 0.424441 0.628928 0.409435 0.380879 0.721146 0.343237 0.315901 0.307202 0.746779 0.705782 0.885531 0.524891 0.481918 1.13949 0.509753 1.08275 0.416928 0.877754 0.562075 1.24197 0.746445 1.0972 0.864328 0.351668 0.325807 0.29603 1.08705 1.00112 0.717936
threshold=14.970109093673353 11.943212140633483 0.050691979557194157 0.28646104504343434 1.0000000180025095e-35 0.20574242235385012 4.596070852767185 13.542995939902964 2.5000000000000004 1.4678008182811391 1.302885939973123 0.043126552796386906 0.057287957568688957 13.938432095826162 7.3665892008774794 1.0466485761064916 1.5934883133207627 0.046002904925066555 0.29716097456057017 6.9474605121142279 9.1224761598085529 0.051564391082909312 0.083690987006588127 5.7898215604213119 1.1024729476707875 1.1723858781715986 2.8409139949842404 4006.135073283564 1.3700009723233864 0.048837130913788461
decision_type=2 2 2 2 2 2 2 2 2 2 2 2 2 2 2 2 2 2 2 2 2 2 2 2 2 2 2 2 2 2
left_child=1 6 3 7 -2 -6 -1 -3 13 10 11 -10 -12 17 -15 -16 24 18 -8 -19 -21 -22 23 -23 -17 -20 27 29 -29 -7
right_child=4 2 -4 -5 5 26 8 -9 9 -11 12 -13 -14 14 15 16 -18 19 25 20 21 22 -24 -25 -26 -27 -28 28 -30 -31
leaf_value=-0.1013282910034919 0.054767858062050138 -0.020640178799794916 -0.10191228403530138 -0.058883131006506932 -0.088445134896178348 -0.094556424754078883 0.067069514807865979 0.087332517724471037 0.04436383470861676 -0.10186331135961574 -0.032849846149337558 -0.10240462975071439 0.075865577884611513 -0.10300811349577424 0.077212640073739999 0.015227111671193989 0.064578279844987319 0.070808057096756929 0.0023167359364677431 -0.10322490612521198 0.12263944822866413 0.1101085378672103 0.13402892839235245 -0.10205241291930732 -0.10250238519621749 -0.1036678391493652 0.0005392849625206694 -0.087904092838503409 0.10086343267119841 0.019170597838391496
leaf_weight=0.33603412518278375 1.467713560443374 0.54107090923935108 1.1061338071012867 0.86290743714198459 0.84547265409492212 0.83116246247664394 0.80609783483669373 0.54281703266315162 0.65666508814319913 0.91934549738652993 0.66794533701613534 1.0992578237783162 1.3252316231373695 1.1499593838816506 0.89185436430852894 0.34315448487177513 1.0429545015795154 2.7159727620892227 0.44783754507079698 0.75292822800111059 0.80178684089332852 0.25129102449864127 0.45128830522298802 0.81411508820019662 0.97357177175581455 0.82324384897947311 23.010519192903303 0.32462700433097813 2.088237002142705 1.6711341927293686
leaf_count=38 23 26 164 42 43 22 16 16 17 99 31 85 35 96 25 11 32 67 9 48 13 4 4 73 78 39 1053 23 124 44
internal_value=9.20997e-05 -0.00732619 -0.0416982 -0.00748559 0.00507792 0.00254306 -0.00125023 0.0334331 0.000735638 -0.0210963 -0.0012908 -0.0475174 0.0394333 0.00904485 -0.0174506 0.0128082 -0.0115338 0.0238733 -0.0145591 0.0376673 0.00836174 0.0445996 0.00334449 -0.0520113 -0.0718207 -0.0663265 0.00529781 0.027575 0.0754666 -0.018605
internal_weight=50.5623 20.3235 3.05293 1.9468 30.2389 28.7712 17.2705 1.08389 16.9345 4.66845 3.7491 1.75592 1.99318 12.2661 4.40149 3.25154 2.35968 7.86456 2.07718 5.78738 3.07141 2.31848 1.51669 1.06541 1.31673 1.27108 27.9257 4.91516 2.41286 2.5023
internal_count=2400 1068 248 84 1332 1309 820 42 782 267 168 102 66 515 242 146 121 273 64 209 142 94 81 77 89 48 1266 213 147 66
is_linear=0
shrinkage=0.1


Tree=80
num_leaves=31
num_cat=0
split_feature=1 0 0 2 2 8 8 6 8 1 7 1 4 2 2 4 6 8 6 6 0 6 9 1 9 8 7 8 8 4
split_gain=0.167065 0.501796 0.582958 0.64186 0.883345 0.962406 0.708918 0.557558 0.513394 0.424628 0.784407 0.289935 0.344892 0.220065 0.667706 0.763573 0.586005 0.487602 0.462709 0.579572 0.551432 0.48891 0.42314 0.2649 0.860029 0.982281 0.597834 0.707961 0.747582 0.624935
threshold=20.500000000000004 2.4581688066481777 2.3063116190780772 0.088693504200889464 0.076074242703465411 4.6304921178863818 6.1571280507777013 189.58962469967835 3.2787600304974878 24.500000000000004 221.65772089767071 23.500000000000004 5300.6070584954077 0.098363371080086956 0.08593069590582357 3041.7483023212139 266.19754174124165 3.027563222684869 290.15594218366289 288.71110904352332 2.4161639946016016 275.17821153417941 1.3386917631674484 2.5000000000000004 0.49239511330110536 1.0000000180025095e-35 6.9474605121142279 3.3722896746815723 0.2631082955442392 4026.9485162803521
decision_type=2 2 2 2 2 2 2 2 2 2 2 2 2 2 2 2 2 2 2 2 2 2 2 2 2 2 2 2 2 2
left_child=13 2 3 4 5 -2 11 -6 -4 10 -9 -7 -13 14 18 -16 17 -15 19 21 -20 23 -17 -1 25 -25 -26 28 -28 -29
right_child=1 -3 8 -5 7 6 -8 9 -10 -11 -12 12 -14 16 15 22 -18 -19 20 -21 -22 -23 -24 24 26 -27 27 29 -30 -31
leaf_value=0.0030957074628860416 0.10225628534006981 0.10204408927369089 -0.12551001298121955 0.10247437483804751 -0.13237310150135181 -0.054103584207318436 0.1034328694758129 -0.10451535616489625 0.0011992282590860799 -0.05174187544524398 0.10424144619479006 0.10210367358635951 -0.049392423208609225 -0.066070544681031115 -0.11613667389048583 -0.018002953270401672 -0.099824936498472197 0.10274708463005151 0.10213798162402013 -0.089113845134229208 -0.066416014433572201 0.10141541989983618 0.10717234499105091 0.092783786725279996 -0.10240038274349782 -0.10221259908965169 -0.047273151182531482 0.032787567254808442 0.044168279705329966 -0.033012084105601039
leaf_weight=17.535956307256129 1.4302163165993955 0.58194489195011634 0.58147486997768261 0.78491630603093643 0.50570358196273479 1.350669937906787 0.51581507408991445 0.26067737105768207 0.710474684368819 1.2840815335512159 0.58154552802443504 0.31286626798100758 0.28915903763845563 0.31207050941884407 0.22346907993778486 0.34156068740412582 0.78439036349300295 0.37873093958478421 0.79661291406955459 0.82325838739052315 0.25662058684974909 0.43264347442891349 1.2898960313759742 0.30155237228609921 0.61714290222152968 1.8025275791296733 1.1168307451298449 1.8161834641359726 4.4825798771344125 7.0322431495878845
leaf_count=780 138 52 8 84 5 48 29 10 36 35 41 29 12 13 5 29 14 29 72 13 8 49 87 13 49 175 64 64 166 243
internal_value=5.165e-06 0.0121736 0.00609766 0.017034 0.00676514 0.0369832 -0.000835047 -0.0379961 -0.0558295 -0.0155502 0.0396289 -0.028378 0.0293385 -0.00276655 -0.00132773 0.0572201 -0.0406773 0.0264835 -0.00426179 -0.00617524 0.0610698 -0.00423203 0.0809657 -0.00554906 -0.0143786 -0.0742661 -0.00601426 -0.0018971 0.0259298 -0.0195064
internal_weight=49.5338 9.18955 8.6076 7.31565 6.53073 3.89873 2.46851 2.63201 1.29195 2.1263 0.842223 1.9527 0.602025 40.3443 38.8691 1.85493 1.47519 0.690801 37.0142 35.9609 1.05323 35.1377 1.63146 34.705 17.1691 2.10408 15.065 14.4478 5.59941 8.84843
internal_count=2400 527 475 431 347 256 118 91 44 86 51 89 41 1873 1817 121 56 42 1696 1616 80 1603 116 1554 774 188 586 537 230 307
is_linear=0
shrinkage=0.1


Tree=81
num_leaves=31
num_cat=0
split_feature=7 0 0 2 0 2 2 2 4 0 0 4 7 1 4 2 6 5 8 7 0 7 9 6 4 4 6 7 4 1
split_gain=0.153965 0.239807 0.596006 0.222656 0.951783 0.41527 0.69909 0.602737 0.348237 0.32372 0.633671 0.510518 0.688569 1.05417 0.501624 0.899883 0.523144 0.4574 0.797295 0.620744 0.563183 0.788914 0.553887 0.720015 0.780732 0.758035 0.691236 0.478184 0.683832 0.656749
threshold=338.04045305670599 2.4581688066481777 2.6928570163138401 0.03470832205685976 1.5743622177824677 0.036790015791055557 0.03772063296543076 0.039612222212402556 3473.3523759552322 2.2823774152718719 2.1954302412130748 5529.6476218713551 289.61660693166897 4.5000000000000009 5844.8176220545192 0.075870445362979461 197.58765547595956 5.5000000000000009 3.73809118223505 289.61660693166897 1.6560584696142218 207.24951686173193 19.944322332534597 189.58962469967835 4136.9954424862044 4503.4958152850377 281.61514747350526 14.970109093673353 4249.2145098524379 1.0000000180025095e-35
decision_type=2 2 2 2 2 2 2 2 2 2 2 2 2 2 2 2 2 2 2 2 2 2 2 2 2 2 2 2 2 2
left_child=1 3 -3 4 8 -5 -7 -8 -1 10 11 17 13 -13 15 16 -11 19 -19 22 21 -20 23 25 26 27 -25 -9 29 -29
right_child=-2 2 -4 5 -6 6 7 9 -10 14 -12 12 -14 -15 -16 -17 -18 18 20 -21 -22 -23 -24 24 -26 -27 -28 28 -30 -31
leaf_value=0.019085293846212961 -0.043924586308068524 0.100118053014463 -0.0095509274741561942 -0.066197398734670829 0.078142695868561624 0.097212054673222609 -0.089517586333684285 -0.0070088749120846977 -0.078204791152640771 -0.059336848296478985 0.093548221079683358 -0.047234293398501249 -0.063440897582815556 0.082420805903944142 -0.0842822203908003 -0.076580231293542286 0.10343326398586383 0.061256825443930109 -0.089859844580397696 0.10426201182007298 -0.058452636381983759 0.059467876543370872 -0.066080459445008816 0.056483617589418528 0.10231169323961382 -0.066447410317802588 -0.081013519633752251 0.08397618719944161 0.10522667718501698 -0.014513779896062838
leaf_weight=0.68916540918871694 0.7835314255207767 0.82279370748437886 1.2459371211007235 1.0032682098681096 1.618130389600992 0.7110856450162818 0.78609716176288102 14.269860545406134 0.7892354940995574 0.26517173461615928 0.73275572841521253 0.82875549467280452 0.62339379987679411 2.5770558966323733 1.1571637860033661 0.85687990952283155 0.77323768846690655 0.8877666182233942 0.52599815884605039 0.5763975374866267 4.4692107585724443 1.0806505270302293 1.2318420587107528 0.87301700306124919 1.420354278408922 1.7700877910247061 0.62910093530081213 0.90390906436368768 0.95906206383369852 2.6975393870379776
leaf_count=24 9 88 36 40 49 17 40 809 52 4 68 43 18 237 22 19 57 85 10 30 129 63 33 48 143 100 19 15 15 78
internal_value=4.47882e-05 0.000765907 0.0340676 -0.000741377 0.0251494 -0.00262291 -0.00108992 -0.00279919 -0.0328524 -0.00109961 0.00147881 -0.000378482 0.0331849 0.0508711 -0.0324016 -0.00072602 0.0618677 -0.00456596 -0.0272642 0.00167386 -0.0401983 0.0105797 -0.000714833 0.00270822 0.0491585 -0.00388143 -0.00110146 0.00199989 0.0301883 0.0102057
internal_weight=48.5585 47.7749 2.06873 45.7062 3.09653 42.6097 41.6064 40.8953 1.4784 40.1092 37.0568 36.324 4.02921 3.40581 3.05245 1.89529 1.03841 32.2948 6.96363 25.3312 6.07586 1.60665 24.7548 23.5229 2.92247 20.6005 1.50212 18.8304 4.56051 3.60145
internal_count=2400 2391 124 2267 125 2142 2102 2085 76 2045 1943 1875 298 280 102 80 61 1577 287 1290 202 73 1260 1227 210 1017 67 917 108 93
is_linear=0
shrinkage=0.1


Tree=82
num_leaves=31
num_cat=0
split_feature=1 9 6 0 9 6 4 2 6 5 0 0 9 9 2 2 7 9 0 8 6 0 7 6 4 7 1 0 4 2
split_gain=0.150441 0.448768 0.887175 0.869897 0.545859 0.583541 0.743424 0.479241 0.427987 0.590713 0.415093 0.450158 0.332947 0.22012 0.77497 0.762978 0.532309 0.501557 0.383894 0.310501 0.306489 0.904323 0.535028 0.438202 0.66325 0.627108 0.580577 0.77642 0.767254 0.437042
threshold=20.500000000000004 13.946655505929007 169.04602268888902 1.6791508790630145 14.091460420805319 298.64490603711619 5300.6070584954077 0.094594257061450512 189.58962469967835 5.5000000000000009 1.7151818322677401 1.6560584696142218 22.532259245481015 16.808744131032881 0.065218344010401316 0.041412838146130511 271.85821232237055 16.656724720378737 2.0967526979463011 4.4335643096366839 270.64640394711989 1.4230488910293706 291.32412435643317 222.60474850469561 3458.1857615452031 266.77347155783605 16.500000000000004 1.8512597364432792 3609.1719209802209 0.053539252389439358
decision_type=2 2 2 2 2 2 2 2 2 2 2 2 2 2 2 2 2 2 2 2 2 2 2 2 2 2 2 2 2 2
left_child=13 2 -2 -3 -5 6 7 12 -8 -10 11 -4 -6 17 15 -15 -16 20 19 -17 23 -22 -23 26 -25 29 27 -1 -28 -26
right_child=1 3 10 4 5 -7 8 -9 9 -11 -12 -13 -14 14 16 18 -18 -19 -20 -21 21 22 -24 24 25 -27 28 -29 -30 -31
leaf_value=-0.00048450116050986872 -0.084447926219588271 0.10255901473524642 0.10165354311344839 -0.11205408550592806 0.10246002597245008 -0.07298795500272269 -0.11493268463974937 -0.045905241937684513 -0.054458648854383777 0.10349189289481175 0.10205546469885257 -0.045091656991244948 -0.02334118317493351 0.10405147047538395 0.1026249969406974 -0.058519029220266153 0.00075230175130692155 -0.10256319551788565 -0.078814179018310365 0.039309629154205078 -0.12179497310243935 0.10210345963304018 -0.060586000604642247 0.1036526293582577 0.016828977539905764 0.040407236912955266 -0.066687808282094321 -0.07518863887560133 0.10389790045116397 -0.079036411837240333
leaf_weight=24.451482132892135 0.44418259523808812 0.67571806744672347 0.35309923044405911 0.5526879837270825 1.2380323592806237 1.0221352232620118 0.49222289491444815 0.37113938946276892 0.71651854063384213 0.35363259119912982 1.4711467723827807 0.5123935965821147 0.25344972289167333 0.44816174590960089 1.3040727656334641 0.54996179742738627 0.84545184182934452 0.5234535988420238 1.1912522998172788 0.79116765526123345 0.2910784404957657 1.1093477662652729 0.24718362698331464 0.3199748364277174 0.56928719056304578 0.70212788833305229 0.35157751012593408 1.4751929687336076 1.0544554213993249 2.8882648668950424
leaf_count=1158 6 79 51 7 100 16 4 16 28 37 159 13 11 24 121 16 31 10 30 35 11 107 10 14 27 41 6 88 59 85
internal_value=9.56711e-05 0.0121902 0.0451008 -0.00393492 -0.0183274 -0.0066791 0.0131097 0.0557793 -0.0377599 -0.00226372 0.0697273 0.0147767 0.0810824 -0.00251917 0.0167889 -0.016218 0.0625564 -0.00543387 -0.0375024 -0.000807322 -0.00391437 0.0381404 0.0724586 -0.00609244 -0.0350831 -0.0457551 -0.00134106 -0.00473507 0.0612431 -0.0632521
internal_weight=47.5699 8.45636 2.78082 5.67554 4.99982 4.44713 3.425 1.86262 1.56237 1.07015 2.33664 0.865493 1.49148 39.1135 5.13007 2.98054 2.14952 33.9834 2.53238 1.34113 33.46 1.64761 1.35653 31.8124 4.47965 4.15968 27.3327 25.9267 1.40603 3.45755
internal_count=2400 527 229 298 219 212 196 127 69 65 223 64 111 1873 257 105 152 1616 81 51 1606 128 117 1478 167 153 1311 1246 65 112
is_linear=0
shrinkage=0.1


Tree=83
num_leaves=31
num_cat=0
split_feature=4 7 0 0 9 6 2 6 0 7 0 7 6 0 0 7 6 6 0 1 7 8 9 0 8 1 1 9 7 9
split_gain=0.148416 0.140212 0.184123 0.516202 0.185538 0.867217 0.368855 0.336326 0.300676 0.518978 0.49786 0.332662 0.310037 0.254453 0.440909 0.884627 0.604126 0.63983 0.524318 0.641105 0.633812 0.514859 0.322795 0.761302 0.384546 0.443514 0.676879 0.304582 0.285454 0.679021
threshold=2539.4363179862144 338.04045305670599 2.4581688066481777 2.6928570163138401 20.68017700858363 241.994099355457 0.056832573897241855 200.23836837552378 2.2823774152718719 262.98063742658246 2.1954302412130748 212.59102158900717 219.95757800708705 2.1677387367782686 1.9260057869475193 289.61660693166897 319.48973334946407 129.83167009972848 1.8562618548653698 16.500000000000004 206.31109224917873 6.2654941271934286 16.748116986989171 1.7795050368915488 5.9916166534532822 21.500000000000004 18.500000000000004 8.8466267672804282 231.08631009070459 16.082945579262148
decision_type=2 2 2 2 2 2 2 2 2 2 2 2 2 2 2 2 2 2 2 2 2 2 2 2 2 2 2 2 2 2
left_child=-1 2 4 -4 8 6 -6 -8 10 11 13 -10 -13 14 18 16 17 -16 21 -20 -21 22 24 -24 25 26 28 -27 -2 -30
right_child=1 -3 3 -5 5 -7 7 -9 9 -11 -12 12 -14 -15 15 -17 -18 -19 19 20 -22 -23 23 -25 -26 27 -28 -29 29 -31
leaf_value=-0.051723034797375882 -0.0021156792332286973 -0.04208522344042747 0.099655480205003116 -0.0081225107704592046 -0.074910818805606766 0.10337951731611142 -0.0493545494709412 0.10223009096289665 -0.041549537993164298 -0.080934637633450698 0.090583816836945844 -0.025638891172853742 0.10396510262602054 -0.047213857536763215 -0.10118568378017989 -0.055429161105437531 -0.058128103838134493 0.1018558358527306 -0.12053965934610417 -0.09888508017175851 0.05104744900674351 0.10277158285030924 0.10225153041787792 -0.037204284015727167 -0.078476218910528139 -0.0056145375665234021 -0.064653376144919658 0.10178397108906112 0.1027911139234043 -0.081959503750700893
leaf_weight=0.54482679878128593 24.892049030924703 0.75074717774987121 0.70722677861340244 1.1957046180032191 0.6798494555987411 0.90563581173773844 0.26893567619845271 0.32116419647354633 0.74336712737567656 1.2487845248542724 0.60971029906067897 0.30715234973467886 0.46251683658920228 1.1314016957767297 0.16864380822517011 0.797249175608158 0.33896337961778034 1.9470421213773077 0.81272178626386393 0.4527534903027115 0.74735641083680093 0.48639378475490858 0.91847289877477922 0.68222247762605548 0.66500727413222094 0.43021577282342949 1.7278478700900439 0.68373078462900594 0.72825895459391066 0.27370078675448895
leaf_count=36 1159 9 88 36 12 66 9 32 21 24 64 13 30 25 32 18 12 213 28 10 41 34 101 28 11 21 65 86 65 11
internal_value=0.000164053 0.000777475 0.0014873 0.0319333 0.000153307 0.0286155 -0.0247007 0.033146 -0.00134763 -0.0332194 0.000939078 0.00616245 0.052244 -0.000503675 0.000934262 0.0360894 0.0658139 0.0856712 -0.00247823 -0.0519592 -0.0055161 0.00068479 -0.000916886 0.0428149 -0.00329782 -0.00155803 -0.0040529 0.0603057 -9.16902e-06 0.0523236
internal_weight=46.6297 46.0848 45.3341 1.90293 43.4311 2.17559 1.26995 0.5901 41.2556 2.76182 38.4937 1.51304 0.769669 37.884 36.7526 3.2519 2.45465 2.11569 33.5007 2.01283 1.20011 31.4879 31.0015 1.6007 29.4008 28.7358 27.6219 1.11395 25.894 1.00196
internal_count=2400 2364 2355 124 2231 119 53 41 2112 88 2024 64 43 1960 1935 275 257 245 1660 79 51 1581 1547 129 1418 1407 1300 107 1235 76
is_linear=0
shrinkage=0.1


Tree=84
num_leaves=31
num_cat=0
split_feature=1 0 9 0 6 8 8 0 0 4 5 2 4 7 2 2 2 2 2 2 6 2 8 2 7 6 6 7 2 6
split_gain=0.124193 0.391029 0.434644 0.833738 0.696186 0.388014 0.772965 0.373234 0.388091 0.336907 0.669232 0.188347 0.568908 0.471941 0.429994 0.294084 0.708981 0.578527 0.336656 0.722498 0.875867 0.576219 0.505931 0.419644 0.401415 0.81529 0.987079 0.544776 0.592331 0.693494
threshold=20.500000000000004 2.4581688066481777 13.946655505929007 1.6791508790630145 169.04602268888902 3.197568827622169 4.4966702971685404 1.7151818322677401 1.6560584696142218 5300.6070584954077 5.5000000000000009 0.033600358695766358 3525.0618054129141 203.10841627919692 0.03470832205685976 0.037372279875821056 0.03772063296543076 0.039612222212402556 0.047118662094049607 0.050558338100875712 205.08413361595885 0.051564391082909312 6.993164391283516 0.052314490837237958 7.6915931007650089 8.4808751217219598 9.5779858998380991 9.3868873419544183 0.070484810743068019 5.7898215604213119
decision_type=2 2 2 2 2 2 2 2 2 2 2 2 2 2 2 2 2 2 2 2 2 2 2 2 2 2 2 2 2 2
left_child=11 2 4 -4 -2 -5 -7 8 -6 10 -8 12 -1 -14 -13 -16 -17 -18 -19 20 -20 -21 23 -23 25 -25 -27 -26 29 -29
right_child=1 -3 3 5 7 6 9 -9 -10 -11 -12 14 13 -15 15 16 17 18 19 21 -22 22 -24 24 27 26 -28 28 -30 -31
leaf_value=0.041690071953857093 -0.076616604328436366 0.10170030000094717 0.10233965776707295 -0.081799288964904793 0.10154237362361551 0.10196417011105907 0.10326722832397778 0.10194122809277301 -0.041066258983308263 -0.067192144892118819 -0.042062048409804181 0.066484285848911348 -0.10725530248685144 0.013183519118101159 -0.063009845116162366 0.11026435314867469 -0.091852562135719518 0.019832579672914907 -0.10022374125450538 0.063699148754217408 0.049302006526493733 -0.096785123989132776 0.10244457873607789 -0.10218093391061377 -0.073450595281546557 0.116268333322814 0.0064014073673001716 0.058839267880298876 0.012866041446038505 -0.035481508649803983
leaf_weight=0.72562231286428813 0.41526154428720419 0.45507331250701089 0.57358694751746941 0.96660001995041955 0.30923607188742597 0.52169983380008522 0.4545462967362256 1.1687727861281016 0.49836708512157202 1.3280998364789409 1.0460779529530555 0.93634350784122844 0.96596275991760172 0.49059245595708489 0.77718913194257666 0.5652451915666451 0.71195188187993963 6.4058821623912072 1.5484628155827551 1.3068370943656216 0.52442115382291365 0.5045099105918841 0.43359438539482553 0.47824779606890189 1.3130203484324763 1.1142877037636933 3.0727597970981151 0.87271224660799074 8.0016732297372055 7.3000084533705376
leaf_count=25 6 52 79 28 51 56 34 145 13 32 31 18 50 19 39 9 38 220 98 46 31 39 30 39 100 17 152 28 433 442
internal_value=0.000221599 0.011771 0.0061512 -0.0109332 0.0410868 -0.0259834 -0.00988043 0.0658178 0.0135394 -0.0305079 0.00195889 -0.00212696 -0.0306509 -0.0666895 -0.000391548 -0.0021842 -0.00080007 -0.00266913 -0.000737826 -0.00571587 -0.0623951 -0.000900272 -0.00455631 -0.006604 -0.0045502 0.0215117 0.03564 -0.011503 -0.00647417 -0.0254096
internal_weight=45.7866 7.73732 7.28225 4.89061 2.39164 4.31702 3.35042 1.97638 0.807603 2.82872 1.50062 38.0493 2.18218 1.45656 35.8671 34.9308 34.1536 33.5884 32.8764 26.4705 2.07288 24.3977 23.0908 22.6572 22.1527 4.6653 4.18705 17.4874 16.1744 8.17272
internal_count=2400 527 475 260 215 181 153 209 64 97 65 1873 94 69 1779 1761 1722 1713 1675 1455 129 1326 1280 1250 1211 208 169 1003 903 470
is_linear=0
shrinkage=0.1


Tree=85
num_leaves=31
num_cat=0
split_feature=4 8 8 1 7 4 4 1 6 4 7 9 6 6 4 8 6 0 0 7 2 0 6 4 7 4 5 2 7 2
split_gain=0.12905 0.120016 0.369038 0.385529 0.24757 1.06424 0.933721 0.444424 0.427562 0.319815 0.624256 0.761199 0.520782 0.498324 0.299932 0.275233 0.643888 0.336385 0.889833 0.581787 0.614107 0.57116 0.590949 0.841772 0.729593 0.693774 0.772493 0.609268 0.563662 0.668242
threshold=2539.4363179862144 7.2978133117022317 6.4389159292730511 15.500000000000002 276.57124545591381 3131.9418710893292 5933.9034143958461 22.500000000000004 319.48973334946407 3062.4592626946369 10.748913625714858 1.068880916507601 7.2977922871039942 13.938432095826162 3147.8446440719508 6.0817210095374188 301.88862072233991 1.4013897434831881 1.4640622540190948 5.8188474460384194 0.047312620938004611 1.3918560253050729 172.38076264207731 3794.8225795120688 10.748913625714858 4206.7441237756202 3.5000000000000004 0.078359029170307862 5.993043111047986 0.070484810743068019
decision_type=2 2 2 2 2 2 2 2 2 2 2 2 2 2 2 2 2 2 2 2 2 2 2 2 2 2 2 2 2 2
left_child=-1 2 4 -4 9 -6 8 -8 -7 10 11 12 -2 -12 -11 16 17 21 -19 -20 -21 22 23 24 -16 -25 -27 -28 -22 -30
right_child=1 -3 3 -5 5 6 7 -9 -10 14 13 -13 -14 -15 15 -17 -18 18 19 20 28 -23 -24 25 -26 26 27 -29 29 -31
leaf_value=-0.049095320949506319 0.038281745146940577 -0.032343043104234526 -0.029457426235222663 0.10307484739497803 -0.10204943585615829 0.10271943405815727 0.038051214920899523 -0.083322589305722547 -0.028503859734507277 -0.074342605530111669 0.0095350255982925049 0.056127533503868982 -0.10325049876857627 0.090971852552164445 0.039752664631255208 -0.045728884786322616 0.10134027873940643 -0.081413967447463501 -0.10350016616686564 0.030777928253074974 0.13779128941148686 0.10567416368832316 0.10283143978231578 -0.10181979630726429 -0.045555162322191228 0.040154616173545099 -0.10510548431970707 0.048118696559546321 -0.039377458486529682 0.0068731408063804032
leaf_weight=0.52473578089848061 0.35192914260551267 1.0669983513653267 0.32093319389968999 0.69439074804540724 0.57143433764576856 1.8586865799734376 0.58328898856416322 0.62486337684094906 0.28658495331183065 0.62779601471265678 1.4994415896944704 0.81576663488522161 0.99510538252070546 1.5061658327467737 4.7767149223946053 1.5466684284619976 0.58580331812845443 1.7083998592570449 0.58909106312785553 4.1947355717420605 0.24209965718909998 0.58277643006295043 0.57220168225467283 1.1767545740585776 1.2688512516906483 1.4557434745365756 0.99155459331814177 0.35150623531080782 6.2512613400467654 6.2443957142531872
leaf_count=36 9 36 8 55 5 142 28 14 7 52 38 16 58 35 145 43 70 105 50 178 3 15 83 126 98 70 76 11 420 368
internal_value=0.000205566 0.000788985 0.0016059 0.0611828 0.00017451 0.024095 0.0455904 -0.024724 0.0851894 -0.00227456 0.0208633 -0.0201062 -0.0662735 0.0503445 -0.00588021 -0.0045593 -0.00250471 -0.00450538 -0.0125239 -0.00580694 -0.00240813 0.00929154 0.0039892 -0.00165465 0.0218481 -0.037395 -0.0103076 -0.0650036 -0.0133368 -0.0162649
internal_weight=44.8667 44.3419 43.2749 1.01532 42.2596 3.92486 3.35342 1.20815 2.14527 38.3348 5.16841 2.1628 1.34703 3.00561 33.1664 32.5386 30.9919 30.4061 19.23 17.5216 16.9325 11.1761 10.5933 10.0211 6.04557 3.97556 2.7988 1.34306 12.7378 12.4957
internal_count=2400 2364 2328 63 2265 196 191 42 149 2069 156 83 67 73 1913 1861 1818 1748 1124 1019 969 624 609 526 243 283 157 87 791 788
is_linear=0
shrinkage=0.1


Tree=86
num_leaves=31
num_cat=0
split_feature=7 7 2 2 6 0 6 8 7 7 6 1 6 4 0 6 6 6 7 0 0 5 0 9 2 0 8 9 6 8
split_gain=0.129171 0.365607 0.570045 0.419626 0.303376 0.30517 0.829908 1.01897 0.538877 0.629876 0.521885 0.509606 0.454346 0.805783 0.368667 0.3645 0.363246 0.583713 0.340262 0.299922 0.640897 0.358118 0.935135 1.08578 0.802289 0.627705 0.400754 1.06135 0.332705 0.800253
threshold=14.970109093673353 11.943212140633483 0.050691979557194157 0.043378191158732905 5.2700891698579531 1.4493158574659415 18.083019511373873 0.23271138999337523 15.737685672157692 18.114472054440778 12.383771622150634 8.0000000000000018 226.29900538994897 3576.2287676387773 1.5644946921890983 176.06031755039183 222.60474850469561 172.38076264207731 250.34578171404902 1.5789617790251722 1.6560584696142218 5.5000000000000009 2.1760639329260099 18.384276180762249 0.084059540203340818 2.5644241163888424 3.7087604106132064 15.668243355328316 207.75301415945481 4.4125744403999407
decision_type=2 2 2 2 2 2 2 2 2 2 2 2 2 2 2 2 2 2 2 2 2 2 2 2 2 2 2 2 2 2
left_child=1 -1 3 -3 -2 6 -6 -8 -7 -10 -11 -12 16 -14 -13 -16 17 -9 -19 -17 -21 22 23 -22 -25 28 -24 -28 -23 -30
right_child=4 2 -4 -5 5 8 7 12 9 10 11 14 13 -15 15 19 -18 18 -20 20 21 25 26 24 -26 -27 27 -29 29 -31
leaf_value=-0.00024715897391090861 0.070581600758045843 -0.062499596194159492 -0.10180473220552266 0.034516396169428983 -0.10342526404304862 0.070022241146330266 0.13615301068761559 -0.092711323212003038 -0.10480556948061277 0.093895631661731968 -0.11001244017228118 0.10129172433529227 -0.10294811354934144 0.10153636270582184 0.069720935646127677 -0.08479305601038388 -0.11657621602520532 0.10621524667098392 -0.03757316256756759 0.10247286256794877 0.10198012214135802 -0.064653911139395087 -0.055066016297227363 0.05527455529504121 -0.095531261027935008 0.10232008753646085 0.10301850508777016 -0.039069514740433874 0.05050445802372952 -0.031850142921543673
leaf_weight=15.491503518191168 0.68147820048034446 0.77545667067170088 0.96354988875100378 1.0488671413622794 0.95809830003418284 1.3083471874706472 0.48515536915510926 0.5875227823853495 0.52045165468007581 0.66251445095986383 0.38680120743811386 0.39701406494714575 0.28115586657077063 0.61256534646963701 0.80161030031740921 0.40057939104736107 0.56340600550174702 0.37939041806384921 0.29066223721019924 0.62050451722461986 1.9568028551293513 1.4712404002202673 1.6757658286660442 0.78170468495227374 0.64290800248272717 0.42994105292018492 0.79399054532405022 1.555822998518124 1.5559947309084234 4.8818324264138937
leaf_count=820 7 45 164 39 63 16 6 14 19 8 7 61 5 98 38 11 6 25 17 64 219 41 59 55 12 36 59 52 141 193
internal_value=0.000178489 -0.00624668 -0.0395845 -0.00672173 0.00475143 0.00295709 -0.0217792 0.00266723 0.00789151 0.00373044 0.00670113 0.00355346 -0.0211886 0.0372076 0.00599853 0.00384511 -0.0498488 -0.0199543 0.0438413 0.000695683 0.00278807 -0.00114022 0.0148614 0.0536301 -0.012782 -0.0153534 -0.0177036 0.00894133 -0.0217502 -0.0119454
internal_weight=43.9626 18.2794 2.78787 1.82432 25.6833 25.0018 4.15796 3.19986 20.8438 19.5355 19.015 18.3525 2.7147 0.893721 17.9657 17.5687 1.82098 1.25758 0.670053 16.7671 16.3665 15.746 7.40699 3.38142 1.42461 8.33901 4.02558 2.34981 7.90907 6.43783
internal_count=2400 1068 248 84 1332 1325 234 171 1091 1075 1056 1048 165 103 1041 980 62 56 42 942 931 867 456 286 67 411 170 111 375 334
is_linear=0
shrinkage=0.1


Tree=87
num_leaves=31
num_cat=0
split_feature=9 6 9 9 7 7 0 8 0 0 7 7 2 7 2 4 7 8 0 9 9 9 6 6 9 9 4 4 1 9
split_gain=0.12207 0.805357 0.195231 0.240677 0.225314 0.204849 0.243197 0.562812 0.24595 0.44628 0.390515 0.320293 0.416252 0.282096 0.473643 0.475283 0.373202 0.533505 0.56036 0.327886 0.797103 0.416582 0.462412 0.413871 0.74319 0.646765 0.305452 0.721805 0.512833 0.603488
threshold=22.532259245481015 221.80950742435155 21.647116059851388 20.429505134792127 286.4018808901518 338.04045305670599 2.4581688066481777 3.5613459561432461 2.2823774152718719 2.1954302412130748 262.98063742658246 201.36848210928903 0.053761370847599757 255.7505959432913 0.10048892498146041 3117.5548839556127 312.91206582514309 3.197568827622169 1.3214934856511504 19.241576672841834 17.301762387111964 16.748116986989171 289.36206907951129 251.58549955833516 11.881873643416419 13.647763293669925 4776.4152330900897 5063.0091574474236 1.5000000000000002 11.261728600661529
decision_type=2 2 2 2 2 2 2 2 2 2 2 2 2 2 2 2 2 2 2 2 2 2 2 2 2 2 2 2 2 2
left_child=2 -2 3 5 -5 6 8 -8 9 13 11 -10 -13 19 15 -15 17 -17 -19 20 21 22 23 25 -25 26 -1 -28 -29 -30
right_child=1 -3 -4 4 -6 -7 7 -9 10 -11 -12 12 -14 14 -16 16 -18 18 -20 -21 -22 -23 -24 24 -26 -27 27 28 29 -31
leaf_value=-7.3667865009385914e-06 -0.054623804115626506 0.10246753129681457 -0.050034973744618051 0.10162962778471987 -0.022340110511976798 -0.058303165960429316 -0.028895080445829582 0.10158080989357361 -0.073782763181041711 0.088652158227703143 -0.073497517959008593 -0.026893153086278272 0.10371682412721123 -0.055024871285973956 -0.079091606266640524 -0.016165538706635361 -0.030050840561887844 -0.056816664399998287 0.10234571434378668 -0.061739964391090564 0.10196145180257868 -0.10008495668912804 0.10140341718527307 0.10100713430521313 -0.080303703741982646 0.1020027689647533 -0.10366489991574278 -0.10651381558357348 0.058868640004445597 -0.068938464684150366
leaf_weight=22.718997055548268 0.6043547405861307 0.7094540020916611 0.78864233999047328 0.43827961181523178 0.22029998851940036 0.60979104787111182 0.60764062940142938 0.72511437826324254 0.37163566867820852 0.56867322442121704 1.1805329909548161 0.51268179388716817 0.46561378845945001 0.52525861933827345 0.41146909949020471 0.68502548598917279 0.53109374316409219 0.2488273233175281 1.9922852469608185 0.95420215348713 0.71714540501125057 0.45131440809927781 0.41602397128008206 0.26750088849803333 1.4598365731071679 0.58799382147844781 0.99548686726484392 0.37867818353697691 1.26663645170629 0.52159039163961995
leaf_count=1159 18 54 24 49 7 7 25 81 11 65 24 14 37 9 14 41 19 17 178 41 83 17 54 49 74 66 53 23 70 17
internal_value=0.00019353 0.0302052 -0.000753881 0.000198005 0.0601608 -0.000785048 0.000101528 0.0420932 -0.00136242 0.00077312 -0.0314892 0.00524771 0.0352699 -0.000649463 0.0230509 0.0336042 0.0470697 0.061067 0.0846742 -0.00403768 -0.00218888 -0.00475875 -0.00325515 -0.00479932 -0.0522253 -0.0017044 -0.0040605 -0.0331787 -0.000796959 0.0215898
internal_weight=42.9321 1.31381 41.6183 40.8296 0.65858 40.171 39.5613 1.33276 38.2285 35.698 2.53046 1.34993 0.978296 35.1294 4.39396 3.98249 3.45723 2.92614 2.24111 30.7354 29.7812 29.0641 28.6127 28.1967 1.72734 26.4694 25.8814 3.16239 2.16691 1.78823
internal_count=2400 72 2328 2304 56 2248 2241 106 2135 2049 86 62 51 1984 278 264 255 236 195 1706 1665 1582 1565 1511 123 1388 1322 163 110 87
is_linear=0
shrinkage=0.1


Tree=88
num_leaves=31
num_cat=0
split_feature=7 8 7 7 7 7 6 6 6 4 0 0 1 5 2 6 0 4 6 4 0 9 9 2 2 9 9 2 9 9
split_gain=0.118083 0.695466 0.606083 0.551064 0.840817 0.225373 0.249359 0.773553 0.654909 0.60318 0.543795 1.0524 0.57444 0.938312 0.535271 0.408328 0.834917 0.400521 0.375507 0.342562 0.654883 0.263426 1.13806 0.647864 0.438868 0.453422 0.418812 0.377603 0.269197 0.729438
threshold=4.3292345003721238 0.55835400755043885 1.0000000180025095e-35 4.664415765621726 5.6359570356467064 6.1360378982663883 11.352317734457975 9.4999111655064219 11.665050407213149 4383.5213358135288 1.6200324630944407 1.3700009723233864 3.5000000000000004 3.5000000000000004 0.034360299507405052 13.658064529744722 1.302885939973123 3683.9976839559813 14.107475829550376 4206.7441237756202 1.2619003125922881 0.26604322177864542 0.51897027815263164 0.043942307506218158 0.045464988177920204 0.012436866196756951 0.54464269458330594 0.070484810743068019 0.66025405477926891 0.72373826024370935
decision_type=2 2 2 2 2 2 2 2 2 2 2 2 2 2 2 2 2 2 2 2 2 2 2 2 2 2 2 2 2 2
left_child=1 2 -1 -2 -5 -6 7 9 -8 10 11 12 13 -7 -9 16 19 -12 -17 20 -10 23 -23 -20 -25 -26 -24 -27 -28 -30
right_child=3 -3 -4 4 5 6 8 14 15 -11 17 -13 -14 -15 -16 18 -18 -19 21 -21 -22 22 26 24 25 27 28 -29 29 -31
leaf_value=0.062711205918885793 0.081860342273016487 0.086576565563365501 -0.10237595656859372 -0.10249617017452824 0.050547994860944773 0.044783868680896663 0.083726456622073675 0.073601367538334586 -0.10170703872643763 -0.10309964432087877 -0.0017566541972299833 -0.10230640553235311 0.096944168327437075 -0.10332625950445483 -0.10247780735016498 0.056131978377959281 -0.10404916764959622 0.12014628554324419 -0.10299830122638394 0.074262686668596117 0.093866091936747387 -0.10376991265812825 0.10729243016632917 0.14332716268332493 -0.068327537937329666 0.0068458246690099216 -0.056989626497971291 0.11267669075035634 0.092754544136299105 0.0002839040437049236
leaf_weight=0.29085442796349414 0.83175464131636445 0.41156637272797514 0.94467764301225543 0.79033385094953601 0.9218027206370597 1.2687778885010628 1.0038836408639351 0.19846346555277694 0.46332971891388586 0.4990383822005241 0.44058968988247194 0.86966564902104426 0.77400950482115138 0.64527761912904669 1.3271946432651018 1.3663162249140466 1.0623356541618703 0.69417395244818181 0.30417970451526644 0.56230604229494929 0.27157143026124686 1.0277346398215765 0.38438515062444167 0.4296709198970351 0.36648395453812543 0.7103378348983822 0.74735771515406924 0.64170572021976113 0.88921723305247979 20.980421578569803
leaf_count=7 20 9 84 60 30 43 24 5 49 49 25 71 16 45 115 44 87 17 18 13 4 81 5 3 48 38 41 10 17 1322
internal_value=0.000236892 -0.0260096 -0.0635131 0.00130505 -0.000385199 0.00169205 0.000504672 -0.0169733 0.00426623 0.00142304 0.0125388 -0.00668685 0.0242488 -0.00514789 -0.0795728 0.00162553 -0.0383165 0.0728156 0.00500981 0.0155147 -0.029436 0.00237215 -0.00081412 0.0335922 0.052933 0.0303325 0.00378609 0.0570752 0.00202696 0.00404375
internal_weight=42.1194 1.6471 1.23553 40.4723 39.6406 38.8502 37.9284 6.71719 31.2112 5.19153 4.69249 3.55773 2.68807 1.91406 1.52566 30.2074 2.35954 1.13476 27.8478 1.29721 0.734901 26.4815 24.0291 2.45238 2.1482 1.71853 23.0014 1.35204 22.617 21.8696
internal_count=2400 100 91 2300 2280 2220 2190 386 1804 266 217 175 104 88 120 1780 153 42 1627 66 53 1583 1466 117 99 96 1385 48 1380 1339
is_linear=0
shrinkage=0.1


Tree=89
num_leaves=31
num_cat=0
split_feature=0 8 8 9 7 5 7 0 0 6 4 8 6 5 0 1 6 2 7 9 1 0 8 5 0 7 1 5 7 0
split_gain=0.13022 0.108609 0.311081 0.348464 0.211404 0.337904 0.229379 0.14384 0.532237 0.806345 0.46247 0.621126 0.482462 0.503589 0.426744 0.470041 0.421062 0.567263 0.338279 0.330216 0.329234 0.438144 0.485245 0.324152 0.586124 0.319534 0.465627 0.361534 0.319281 0.354689
threshold=0.76317192970308489 7.2978133117022317 6.4389159292730511 18.384276180762249 299.72036489270459 5.5000000000000009 293.96741345401534 1.9414456288202044 2.1336191155922863 181.07046424547079 4034.9863062998343 2.3131735878024489 242.88392415967306 5.5000000000000009 1.8562618548653698 22.500000000000004 189.58962469967835 0.032568528686440557 202.00676243714148 8.8466267672804282 18.500000000000004 1.6902741928347218 4.0266666849450452 5.5000000000000009 1.6560584696142218 231.08631009070459 17.500000000000004 5.5000000000000009 19.403494691380779 1.4678008182811391
decision_type=2 2 2 2 2 2 2 2 2 2 2 2 2 2 2 2 2 2 2 2 2 2 2 2 2 2 2 2 2 2
left_child=-1 2 4 -4 6 -6 7 14 9 -9 11 -10 13 16 15 20 -12 -18 -16 -17 25 23 -23 -22 -25 27 -27 28 -2 -30
right_child=1 -3 3 -5 5 -7 -8 8 10 -11 12 -13 -14 -15 18 19 17 -19 -20 -21 21 22 -24 24 -26 26 -28 -29 29 -31
leaf_value=-0.072057932153787793 -0.0023936044453703332 -0.032152366392208143 0.10284321484687486 -0.033559524686617874 0.00037486683831387308 0.10416302317014969 -0.076693724621493653 -0.051746869507239501 -0.091264772474749456 0.10159805314140731 -0.07547318458131265 0.10246880431042323 -0.042085307674541043 0.10199820470900492 -0.10328738498775641 -0.016046336784538425 -0.10337692022916006 0.10269026452748889 -0.017685488886933002 0.1016974005583202 -0.091176051151358184 -0.061271389084267949 0.10206172127949793 0.10160783616850096 -0.096563285121090747 0.10249775506841907 -0.010614597892828292 -0.062934902250867106 -0.0087034128583674264 0.10634792307916444
leaf_weight=0.24830910679884155 20.859564925078324 0.98929949151351948 0.60190044238697638 0.27189100068062544 0.84111824422143289 0.5002527351025492 0.39944312098668788 0.46929850132437323 0.21211757021956135 1.2732920409180222 0.56104332441464044 0.75283107534050941 2.809171796485316 0.56957128719659511 0.71434929448878337 0.35073262342484557 0.18825736455619335 0.46001747745322064 1.3049915443407369 0.7423001907300204 1.2680020541883998 0.33055972913280118 0.40443149628117681 0.28582457534503181 0.31234306655824184 0.72944096778519341 0.72628702782094479 0.9414582789177065 0.49640194617677369 0.5822585296118632
leaf_count=30 1100 36 54 9 34 28 17 39 9 173 13 60 136 59 37 18 2 51 51 113 34 17 36 41 5 87 26 43 20 22
internal_value=0.00014082 0.000578629 0.00138898 0.0603998 6.97306e-05 0.0390818 -0.0013167 -0.000510461 0.0120849 0.0603006 -0.00304567 0.0598818 -0.0162804 0.02447 -0.0035685 -0.000369854 -0.0120447 0.0428489 -0.0479675 0.0639158 -0.00297844 -0.036794 0.0286032 -0.0625507 -0.00187047 0.000636039 0.0460641 -0.00225434 0.000349711 0.053401
internal_weight=41.1968 40.9485 39.9592 0.873791 39.0854 1.34137 37.744 37.3445 7.2956 1.74259 5.55301 0.964949 4.58806 1.77889 30.0489 28.0296 1.20932 0.648275 2.01934 1.09303 26.9366 2.60116 0.734991 1.86617 0.598168 24.3354 1.45573 22.8797 21.9382 1.07866
internal_count=2400 2370 2334 63 2271 62 2209 2192 542 212 330 69 261 125 1650 1562 66 53 88 131 1431 133 53 80 46 1298 113 1185 1142 42
is_linear=0
shrinkage=0.1


Tree=90
num_leaves=31
num_cat=0
split_feature=9 6 9 9 4 7 0 8 0 0 7 1 1 7 9 7 8 0 9 0 0 8 0 1 9 6 4 6 6 6
split_gain=0.110692 0.700623 0.149574 0.206391 0.222289 0.177334 0.205693 0.485728 0.195272 0.367941 0.313476 0.39225 0.374275 0.22248 0.432929 0.686077 0.469475 0.364025 0.340061 0.273573 0.550002 0.456349 0.447667 0.434609 0.276552 0.388356 0.323498 0.566525 1.07778 0.337335
threshold=22.532259245481015 221.80950742435155 21.647116059851388 20.429505134792127 4238.104630877292 338.04045305670599 2.4581688066481777 3.5613459561432461 2.2823774152718719 2.1954302412130748 262.98063742658246 16.500000000000004 22.500000000000004 255.7505959432913 14.960347593822275 287.86606869151916 3.9861051717613827 1.5789617790251722 16.748116986989171 2.1336191155922863 1.9260057869475193 6.0817210095374188 1.8512597364432792 8.0000000000000018 16.136484018247994 195.51608087654682 4527.9603799176366 12.449538783665821 10.743101127292196 172.38076264207731
decision_type=2 2 2 2 2 2 2 2 2 2 2 2 2 2 2 2 2 2 2 2 2 2 2 2 2 2 2 2 2 2
left_child=2 -2 3 5 -5 6 8 -8 9 13 11 -10 -13 19 16 18 17 -15 -16 20 22 -21 24 -22 26 -26 -1 28 -28 -29
right_child=1 -3 -4 4 -6 -7 7 -9 10 -11 -12 12 -14 14 15 -17 -18 -19 -20 21 23 -23 -24 -25 25 -27 27 29 -30 -31
leaf_value=0.001839342938877835 -0.050712824418428198 0.10224062126420226 -0.044427013446567028 -0.02626471363788991 0.10176474291700439 -0.055118726161450166 -0.025310460327000663 0.10135471119490172 -0.078187714763710378 0.085984366724832756 -0.067289243970473298 0.10359604915584041 -0.028281618796965925 -0.09603892701357182 -0.0038145233911012857 -0.063786609376171519 0.10233923912549248 0.054364467193902311 0.10194131839823822 0.01815195663942714 -0.10092597581937623 -0.11663171771126364 -0.059353689461877406 0.10112691103232828 -0.040016463970545091 0.10167287646800161 -0.10293993942920464 -0.10579480361109712 0.085363314472278948 -0.031161238399193644
leaf_weight=20.695873503224011 0.56689594697672763 0.63486238138284534 0.76771550346165796 0.20566519058775057 0.39813399349804968 0.59108396619558234 0.58188562048599013 0.63109613140113652 0.38764206785708599 0.49816551676485588 1.1249593968968836 0.46711449313443154 0.39904699323233217 0.26619409589329635 0.65920030249981232 1.1030829651863312 1.0268884795368647 0.40691241901367903 0.56435922672972083 0.46450238092802354 0.12283415766432781 0.54703756887465715 1.4048131649615232 0.79838674602797255 0.29117175843566556 0.57635025103809312 0.45073487178888061 0.87085981859127093 0.93342513783136383 1.9883220611955037
leaf_count=1055 18 54 24 12 44 7 25 81 9 65 24 30 23 9 39 32 104 37 57 37 31 8 65 135 14 89 46 81 17 128
internal_value=0.000194307 0.0300891 -0.000721633 0.000150884 0.0581555 -0.000774383 8.77031e-05 0.0405915 -0.00127522 0.000681102 -0.0289651 0.00542084 0.042839 -0.000599993 0.0214329 -0.00659531 0.0597929 -0.00511571 0.0449647 -0.00364411 -0.00180696 -0.0547386 -0.00437961 0.0741855 -0.00138704 0.0541168 -0.00331777 -0.0284703 0.0240447 -0.0538934
internal_weight=40.4252 1.20176 39.2235 38.4557 0.603799 37.8519 37.2609 1.21298 36.0479 33.6691 2.37876 1.2538 0.866161 33.1709 4.02664 2.32664 1.69999 0.673107 1.22356 29.1443 28.1328 1.01154 27.2116 0.921221 25.8067 0.867522 24.9392 4.24334 1.38416 2.85918
internal_count=2400 72 2328 2304 56 2248 2241 106 2135 2049 86 62 53 1984 278 128 150 46 96 1706 1661 45 1495 166 1430 103 1327 272 63 209
is_linear=0
shrinkage=0.1


Tree=91
num_leaves=31
num_cat=0
split_feature=7 2 0 4 9 0 8 0 8 8 2 5 0 6 7 4 8 9 1 2 0 0 6 6 2 7 2 4 8 7
split_gain=0.103847 0.335614 0.254797 0.528428 0.409382 0.321088 0.330394 0.27538 0.248958 0.665146 0.48066 0.714773 0.632598 0.592988 0.774932 0.491197 0.480439 0.442321 0.582161 0.538957 0.709771 0.767236 0.90841 0.874714 0.60983 0.572974 0.531657 0.462655 0.387891 0.637113
threshold=201.36848210928903 0.026356352491784255 1.7795050368915488 4190.7651525917381 18.591238001832167 1.7244474251343458 0.38401460593168085 1.6937309216930012 0.33615861193556584 0.37685505506578815 0.050558338100875712 3.5000000000000004 1.0466485761064916 12.257722201116581 12.538878496389469 3410.0473119568665 0.65358236909872758 0.95630443491663264 2.5000000000000004 0.03772063296543076 1.4678008182811391 1.4640622540190948 16.472729439589134 19.201752092842543 0.062326760342625111 16.284039439095675 0.05105148542616026 2673.724303779079 0.23014393111622192 1.0000000180025095e-35
decision_type=2 2 2 2 2 2 2 2 2 2 2 2 2 2 2 2 2 2 2 2 2 2 2 2 2 2 2 2 2 2
left_child=1 -1 5 -4 -5 7 -7 8 17 -10 11 -11 -13 -12 -15 -16 -14 19 -19 -3 21 22 24 -24 26 -22 27 -21 29 -28
right_child=-2 2 3 4 -6 6 -8 -9 9 10 13 12 16 14 15 -17 -18 18 -20 20 25 -23 23 -25 -26 -27 28 -29 -30 -31
leaf_value=-0.097880413112379799 0.006693074689214107 0.051927109762209635 -0.080967923041393899 0.068929566875119391 -0.044321820064312942 0.00027833507571567185 0.11659797749211337 -0.082085832086176258 -0.1026630148727503 -0.10382796148520919 0.046434545502096726 0.10300531152414652 -0.10304459870006966 -0.10161676873763444 0.072744111281604601 -0.048215532911544817 0.047312219971257556 0.064450703424810088 -0.039048978320355233 0.045822621253073126 -0.10287007825442307 0.13171227669419103 0.087842236638863327 -0.048002299106623056 -0.10271395300254327 0.063262741667841793 0.10915152632437586 -0.10231370645689626 0.076394359348504456 -0.10191874754021689
leaf_weight=0.37356432632077741 15.253345141711177 1.5371132072759914 1.184104829153511 0.63245954748708733 0.64438974019140005 0.49970121984369953 0.47755663358839229 0.41593501006718625 0.76019729219842602 1.0280232874210926 2.5842900681309402 0.4539774724980814 0.52571958210319281 0.8141904175281528 0.79223707178607561 0.582601351023186 0.35671299160458148 2.4405431663617487 0.69914004253223527 0.28442695224657721 1.2368339402601121 0.42467176029458631 1.4545756164006891 0.70313436584547151 1.0485385756473986 0.2494712856132536 0.21821028180420377 0.81479955755639821 0.77279638790059835 0.41496304521569982
leaf_count=26 1026 40 103 90 25 28 21 35 81 59 105 10 36 86 15 52 13 63 36 6 117 4 47 42 93 6 2 65 22 46
internal_value=0.000219356 -0.00382348 -0.00236259 -0.032849 0.0117748 0.00111237 0.0571203 -0.00154294 0.000115735 -0.013739 -0.0042683 -0.0411393 0.00708346 0.0139955 -0.0243008 0.0214863 -0.0422646 0.00901258 0.0414035 -0.00209031 -0.0129833 0.00203497 -0.00760712 0.0435745 -0.0386829 -0.0749852 -0.011883 -0.0639831 0.0288504 -0.0291777
internal_weight=39.6782 24.4249 24.0513 2.46095 1.27685 21.5904 0.977258 20.6131 20.1972 7.89795 7.13775 2.36443 1.33641 4.77332 2.18903 1.37484 0.882433 12.2992 3.13968 9.15953 7.62242 6.13612 5.71144 2.15771 3.55373 1.48631 2.5052 1.09923 1.40597 0.633173
internal_count=2400 1374 1348 218 115 1130 49 1081 1046 457 376 118 59 258 153 67 49 589 99 490 450 327 323 89 234 123 141 71 70 48
is_linear=0
shrinkage=0.1


Tree=92
num_leaves=31
num_cat=0
split_feature=0 8 0 0 9 6 4 0 4 8 8 8 7 8 2 8 9 0 0 8 6 6 1 8 9 9 8 9 9 8
split_gain=0.101809 0.600991 0.244023 0.231878 0.173143 0.171706 0.244524 0.182797 0.130671 0.127089 0.948731 0.632946 0.682386 0.641948 0.599658 0.48101 0.921761 0.924222 0.645174 0.696955 0.713033 0.487049 0.437801 0.962872 0.461742 1.17307 0.389755 0.338968 0.409621 0.390492
threshold=0.91788173520150618 0.600818415447263 0.95276280575046324 1.02633946542695 0.97527102670507249 4.596070852767185 3394.8403380411983 1.0696768147168656 2604.5540377343482 0.33615861193556584 0.38401460593168085 0.3868496195550567 11.621478588083894 0.55835400755043885 0.052314490837237958 0.28091398081608804 0.54464269458330594 1.7244474251343458 1.624928938244558 0.24806967410387179 19.201752092842543 5.5668565311084715 2.5000000000000004 1.0000000180025095e-35 1.0204283424411535 0.54464269458330594 0.13638606850436988 0.66798374090400692 1.5597936592007209 2.8409139949842404
decision_type=2 2 2 2 2 2 2 2 2 2 2 2 2 2 2 2 2 2 2 2 2 2 2 2 2 2 2 2 2 2
left_child=1 -1 -2 4 -4 6 -5 -7 -9 15 -11 -12 13 -13 -15 18 17 -17 19 20 22 -20 24 -24 25 26 -10 -14 -29 -30
right_child=2 -3 3 5 -6 7 -8 8 9 10 11 12 27 14 -16 16 -18 -19 21 -21 -22 -23 23 -25 -26 -27 -28 28 29 -31
leaf_value=-0.10103872200190872 0.055156359034347915 0.079792872231577328 -0.10187618859909464 0.031877484850569793 0.012290338245030778 0.039432078717345886 -0.10310486433721638 -0.049156203753137701 0.0010564478770092381 -0.10285914692045016 0.11227063539003623 -0.10170571483486204 0.04552330935854193 -0.10249841405853569 0.060036564792661146 -0.10292746158664778 0.078155478642116735 0.086579351251442879 0.068827883426806513 -0.10216004885878256 -0.091095715486990414 -0.097875138173595277 0.079784281533999746 -0.10191939404901268 0.096767425520499384 -0.10245772317356938 0.084972388931315035 -0.092136001006497048 0.059194467975770097 -0.001369469632648509
leaf_weight=0.50562362209893663 0.81019525439478357 0.28874456638004631 0.38601653499063004 0.21234163769986381 0.20253893476910889 1.2302689349744458 0.36470781010575593 0.52805592282675107 0.86627289478201319 0.91808373562526213 0.49861193727702158 1.2477044854895241 1.8138047326356197 0.34211686829803489 0.67455148184671998 0.70046541746705793 2.249105212977156 0.40681569068692625 0.21083662344608445 0.52076182002201665 0.53965522162616242 1.0386748214950783 0.51032497885171302 0.68055217695655301 1.2097894004546104 0.59245498350355763 1.5328584557864813 0.46841883601155387 1.1400881786248671 16.076843932445627
leaf_count=78 30 12 42 12 18 46 34 36 43 90 7 143 65 30 24 52 48 9 6 42 42 99 18 71 20 52 37 35 140 1019
internal_value=0.000122936 -0.0353083 0.000864134 -0.000319507 -0.0625882 0.000682528 -0.0534343 0.00155004 0.00020954 0.000970895 -0.00323719 0.000871185 -0.00168103 -0.0536428 0.00534227 0.00979161 0.0413852 -0.0333026 -0.00397595 0.00876002 0.0184977 -0.0697465 0.0294658 -0.0240542 0.044636 0.0235541 0.0546722 0.00435313 0.000130725 0.00264101
internal_weight=38.7673 0.794368 37.9729 37.1627 0.588555 36.5742 0.577049 35.9971 34.7668 34.2388 23.1802 22.2621 21.7635 2.26437 1.01667 11.0586 3.35639 1.10728 7.70218 6.45267 5.93191 1.24951 5.39225 1.19088 4.20138 2.99159 2.39913 19.4992 17.6854 17.2169
internal_count=2400 90 2310 2280 60 2220 46 2174 2128 2092 1553 1463 1456 197 54 539 109 61 430 325 283 105 241 89 152 132 80 1259 1194 1159
is_linear=0
shrinkage=0.1


Tree=93
num_leaves=31
num_cat=0
split_feature=7 7 2 2 6 6 7 7 5 9 9 8 4 1 2 9 2 9 4 2 6 4 7 6 0 2 9 2 6 9
split_gain=0.0982348 0.268167 0.492842 0.296098 0.250704 0.229769 0.531731 0.399683 0.438558 0.411459 0.412692 0.263655 0.77357 0.256171 0.342728 0.207515 0.340926 0.72954 0.71049 0.529639 0.470011 0.586454 0.549087 0.322612 0.309589 0.507285 0.352788 0.659617 0.371048 0.900629
threshold=14.970109093673353 11.943212140633483 0.050691979557194157 0.043378191158732905 5.2700891698579531 13.658064529744722 19.403494691380779 15.737685672157692 3.5000000000000004 0.32892361810153975 2.3985643305075794 2.8409139949842404 3442.424966473031 13.500000000000002 0.092099590561795813 1.2144800009224967 0.070658592620365418 1.1325483082241619 4767.2390872117121 0.067964203451221311 15.192627020665897 3517.472809471029 7.6915931007650089 11.993932613423828 1.4678008182811391 0.047312620938004611 0.11212121309128402 0.029339386463746155 12.079364789658412 0.32892361810153975
decision_type=2 2 2 2 2 2 2 2 2 2 2 2 2 2 2 2 2 2 2 2 2 2 2 2 2 2 2 2 2 2
left_child=1 15 3 -3 -2 6 -6 -7 -9 -10 -11 12 -12 14 -13 16 19 18 -18 20 24 22 -22 -17 26 -26 27 -1 29 -28
right_child=4 2 -4 -5 5 7 -8 8 9 10 11 13 -14 -15 -16 23 17 -19 -20 -21 21 -23 -24 -25 25 -27 28 -29 -30 -31
leaf_value=0.12227878669226495 0.069124339724912151 -0.058154209164331894 -0.10156771507135332 0.030286926373687129 -0.076314026455259518 0.063301020467162822 0.054799519682749293 -0.10338667626862433 0.095275768280705511 -0.093018456627689747 -0.098282939630123994 0.10166584228632092 0.10152035950585916 -0.0016756461286205192 -0.051493244060533933 0.004756285929386342 -0.10183400418789862 0.083685399383296555 0.07802064840798173 0.065884448697682799 -0.10344719715466269 -0.10127827525124636 0.043286625282264506 -0.10233717936710947 0.013522062863391058 -0.10106527550891252 0.092508665861245426 -0.10198246632742719 0.071302548725989956 -0.030818107609250807
leaf_weight=0.17980785155668666 0.58217041892931121 0.62731565383728527 0.78834980708779756 0.9546181297628209 1.0017309163231427 1.1252589561045194 0.44748607324436296 0.38715782389045017 0.48259159969166177 0.44844828313216822 0.25639503309503442 0.52490407426376151 0.79337810540164355 15.63637055037543 0.20245798397809267 0.65547704533673712 1.1968667707405973 0.39901347050908942 0.26900814403779794 1.469577119918539 0.34873261698521696 0.89745139778824512 0.94906017248285934 0.4927471624687314 1.2690508732921442 0.55544715374708165 0.91311737755313549 0.48470683977939188 1.831804765271954 1.6845979408826677
leaf_count=2 7 45 164 39 65 15 9 21 8 14 5 57 142 980 9 33 122 10 10 34 26 130 42 32 53 96 18 57 67 88
internal_value=2.91148e-05 -0.00593531 -0.0369743 -0.0047844 0.00437995 0.00261087 -0.0358291 0.00541632 0.00193905 0.00416193 0.00170023 0.00413951 0.0527207 0.00102291 0.0590347 -0.000524266 0.00322781 -0.0361962 -0.0688282 0.0101747 0.00119163 -0.0391237 0.00385747 -0.0412016 0.0139837 -0.0213627 0.0266434 -0.0413007 0.0368364 0.0125322
internal_weight=37.8551 15.9668 2.37028 1.58193 21.8883 21.3062 1.44922 19.857 18.7317 18.3445 17.862 17.4135 1.04977 16.3637 0.727362 13.5965 12.4482 1.86489 1.46587 10.5834 9.11378 2.19524 1.29779 1.14822 6.91853 1.8245 5.09403 0.664515 4.42952 2.59772
internal_count=2400 1068 248 84 1332 1325 74 1251 1236 1215 1207 1193 147 1046 66 820 755 142 132 613 579 198 68 65 381 149 232 59 173 106
is_linear=0
shrinkage=0.1


Tree=94
num_leaves=31
num_cat=0
split_feature=7 6 7 7 2 7 9 1 9 2 0 0 9 0 5 8 0 2 4 4 0 8 7 8 9 9 7 7 9 7
split_gain=0.0956587 0.525793 0.179727 0.642236 0.39095 0.174003 0.176864 0.53032 0.433768 0.399661 0.329675 0.81112 0.232603 0.433048 0.586317 0.517179 0.491879 0.422287 0.479877 0.54395 0.412315 0.51583 0.797103 0.487582 0.802528 0.370604 0.364514 0.33473 0.292878 0.368414
threshold=3.6753744608598504 9.4339516256296445 4.664415765621726 5.6359570356467064 0.062123316214284553 6.1360378982663883 0.46263224146420517 2.5000000000000004 0.38820963018254351 0.088014325030060916 1.6902741928347218 1.3752054729800547 0.56130939028826365 1.2918484587484522 5.5000000000000009 0.14158354095981063 1.3095083552358242 0.045797619418008161 4371.8675854288585 2812.8542093112414 1.3301545176742806 0.33054549831299956 15.248601927857971 0.28091398081608804 0.89445032515720158 0.66798374090400692 20.33293762620222 11.031267259084769 1.5597936592007209 176.28089519445382
decision_type=2 2 2 2 2 2 2 2 2 2 2 2 2 2 2 2 2 2 2 2 2 2 2 2 2 2 2 2 2 2
left_child=1 -1 4 -4 -2 -5 7 8 10 -9 11 -7 17 14 15 -14 -15 -8 19 -19 -18 23 -23 24 -22 -24 -17 -26 -27 -30
right_child=2 -3 3 5 -6 6 12 9 -10 -11 -12 -13 13 16 -16 26 20 18 -20 -21 21 22 25 -25 27 28 -28 -29 29 -31
leaf_value=0.053891038813533021 -0.029701789292419796 -0.10214629852186637 -0.10197663994935645 0.04690955134765442 0.086084539579093344 0.026014414822921925 0.084674398852924077 -0.096625747151368901 -0.10188314280785181 0.074352825946275472 0.059729517644315548 -0.07727345912399558 0.025439624174537309 0.091829345518598338 0.10330586428992228 -0.10247495985998199 -0.083054336272023327 0.086745619331255769 0.072458202630727733 -0.10278591134542601 -0.10271292030423979 -0.10164815637363647 0.11924119182944584 0.089981435267473237 -0.01400173949861634 -0.087179001818658147 -0.0049450458086965137 0.08643091179764105 0.10654243442322418 0.0010351420930658406
leaf_weight=0.38910563505487417 0.49352223862660938 0.4852819261723198 0.61328807123936613 0.81538420694414426 0.71278007212094963 2.4533069881726983 0.95859173918143215 1.0545407740282824 0.38933813769835968 0.15707600070163596 0.97179787914501492 1.1017423943849278 0.67336081876419829 0.64205897710053506 0.27527088078204531 1.423716695513576 0.54265300475526856 0.20614172215573467 0.50888784823473543 0.57047696888912469 0.47264303395059259 0.75873518138542095 0.27038325369358318 1.2832435425370929 0.53808054490946211 0.36655464861542242 0.52434659411665041 0.8658551600528881 0.3378733722493078 16.165985169747728
leaf_count=19 32 51 60 30 18 128 20 157 43 9 40 88 36 19 42 142 32 6 9 50 52 88 2 24 34 14 32 25 52 1046
internal_value=-2.62521e-05 -0.0327091 0.000764325 -0.000545838 0.0387141 0.00126628 0.000155745 -0.0152017 -0.000597226 -0.0744598 0.00811402 -0.00599544 0.00359221 0.000838721 -0.0355305 -0.0501095 0.00557484 0.0344397 -0.00301983 -0.0524776 0.00301117 0.00522889 -0.0013468 0.0424784 0.00999481 0.00309302 -0.0762235 0.0479385 0.00123151 0.00319513
internal_weight=37.022 0.874388 36.1476 34.9413 1.2063 34.328 33.5127 6.1278 4.91619 1.21162 4.52685 3.55505 27.3849 25.1408 2.89669 2.62142 22.2441 2.2441 1.28551 0.776619 21.602 21.0594 17.8995 3.15982 1.87658 17.1408 1.94806 1.40394 16.8704 16.5039
internal_count=2400 70 2330 2280 50 2220 2190 465 299 166 256 216 1725 1640 252 210 1388 85 65 56 1369 1337 1202 135 111 1114 174 59 1112 1098
is_linear=0
shrinkage=0.1


Tree=95
num_leaves=31
num_cat=0
split_feature=7 6 7 7 7 6 8 8 6 6 6 7 2 0 3 4 6 0 4 0 6 8 6 7 9 2 6 7 0 6
split_gain=0.0926185 0.512859 0.344738 0.57905 0.141225 0.171258 0.554882 0.654955 0.42249 0.486547 0.909247 0.799658 0.58385 0.644252 0.349188 0.384395 0.330802 0.203495 0.201249 0.200945 0.501868 0.693612 0.299819 0.442872 0.391359 0.293714 0.728013 0.264428 0.207916 0.48745
threshold=4.3292345003721238 11.352317734457975 4.664415765621726 5.6359570356467064 6.1360378982663883 13.810574471579757 0.5682137678712752 0.19583057635939338 12.257722201116581 11.352317734457975 8.6510540968414951 18.114472054440778 0.052541111144170406 1.0696768147168656 1.0000000180025095e-35 2714.6523053326978 14.107475829550376 1.6594051818755355 2866.2566137526123 1.0926443109723576 16.701782476410013 0.42846952930312454 16.868929755794166 9.3868873419544183 0.034727061365293056 0.046139880818403908 21.684913108323943 9.5575450452876218 1.3301545176742806 197.58765547595956
decision_type=2 2 2 2 2 2 2 2 2 2 2 2 2 2 2 2 2 2 2 2 2 2 2 2 2 2 2 2 2 2
left_child=1 -1 -2 -4 -5 6 7 14 9 10 12 -12 -9 -14 -6 -16 -7 -10 -15 25 21 -21 -22 -24 -25 -18 -27 -26 29 -29
right_child=2 -3 3 4 5 16 -8 8 17 -11 11 -13 13 18 15 -17 19 -19 -20 20 22 -23 23 24 27 26 -28 28 -30 -31
leaf_value=0.026239268738814908 0.069094237112617418 -0.10201972505928628 -0.10178850466358889 0.042226086652297511 0.05733560711075944 0.063189029169421734 -0.10430819061004759 0.076270449890804004 -0.10164176964642856 0.071810125185409399 -0.10234983877678534 0.07147250393186616 0.096407703732669534 0.01266687559954658 0.02546149212764396 -0.10182215502041006 0.077694692567988055 0.027171269313584386 -0.10198471937288073 -0.10252960483256419 0.090700755322268581 0.039526717994519421 -0.10134822256412955 0.073561965112960634 0.10585379223355898 -0.10154932387358746 0.092157559654880872 -0.094429516215878709 0.0025573306753242163 0.045136369543630109
leaf_weight=0.75939882220700272 0.72561488073551927 0.52889105299254879 0.55589948204578732 0.81525163073092599 0.22293733269907523 0.91912790283095347 0.60696385666960839 1.5668249481823298 0.46044443396385748 1.3335927452426402 1.1141420875501351 0.34712131321430195 0.33600259805098154 0.21261109341867268 0.29536187206394782 1.2062299687531775 0.82654696260579175 0.16716536920284852 0.54696060973219573 1.0345934810466157 0.38862841622904198 0.51470881106797595 0.40607523277867841 0.78014472557697701 0.23869153251871722 0.40150300704408437 0.37545468745520338 0.6763157265959332 17.405795693906839 0.39723052422050387
leaf_count=38 20 62 60 30 7 25 47 43 64 36 120 7 9 7 10 158 26 18 56 99 10 26 55 29 3 47 33 39 1160 56
internal_value=-8.49302e-05 -0.0264158 0.000887657 -0.000561489 0.00111345 9.10013e-05 -0.0122069 -0.00504861 0.0103686 0.0193046 0.00232428 -0.0610586 0.0371121 -0.0188899 -0.0594471 -0.0767856 0.00433909 -0.0673321 -0.0698927 0.00203203 -0.000476357 -0.0553357 0.00371199 0.00201355 0.00416619 0.0362 -0.007943 0.00127386 -7.69642e-05 -0.0427877
internal_weight=36.1662 1.28829 34.8779 34.1523 33.5964 32.7812 8.41636 7.80939 6.08487 5.45726 4.12366 1.46126 2.6624 1.09557 1.72453 1.50159 24.3648 0.62761 0.759572 23.4457 21.8422 1.5493 20.2929 19.9043 19.4982 1.6035 0.776958 18.718 18.4793 1.07355
internal_count=2400 100 2300 2280 2220 2190 582 535 360 278 242 127 115 72 175 168 1608 82 63 1583 1477 125 1352 1342 1287 106 80 1258 1255 95
is_linear=0
shrinkage=0.1


Tree=96
num_leaves=31
num_cat=0
split_feature=7 7 2 0 1 0 5 1 8 7 1 0 6 2 0 6 0 4 2 8 7 2 9 9 9 4 6 7 2 6
split_gain=0.0901315 0.107454 0.464561 0.27387 0.350985 0.297675 0.388442 0.258346 0.247295 0.217554 0.317867 0.566497 0.395994 0.478528 0.282333 0.452214 0.23375 0.469971 0.526515 0.477573 0.411505 0.389004 0.341514 0.62393 0.438456 0.332077 0.311065 0.294576 0.288731 0.609734
threshold=338.04045305670599 201.36848210928903 0.035374778386632159 1.7795050368915488 12.500000000000002 1.9260057869475193 5.5000000000000009 16.500000000000004 2.0821671248865279 217.2818651362758 17.500000000000004 1.8159135074207831 223.68568004694842 0.075870445362979461 1.4577670762155783 324.23211937522404 1.4493158574659415 4076.4983760353052 0.052541111144170406 6.1571280507777013 279.60121445019507 0.056135241807227003 18.384276180762249 13.946655505929007 21.647116059851388 5024.3739586160755 166.7650974058395 222.55051901189574 0.048474647703387004 172.38076264207731
decision_type=2 2 2 2 2 2 2 2 2 2 2 2 2 2 2 2 2 2 2 2 2 2 2 2 2 2 2 2 2 2
left_child=1 3 -3 4 -1 -5 7 -7 -4 14 11 -11 -13 -14 -10 -16 27 20 -19 21 -18 -20 23 25 -24 -23 -27 -12 -29 -30
right_child=-2 2 8 5 -6 6 -8 -9 9 10 16 12 13 -15 15 -17 17 18 19 -21 -22 22 24 -25 -26 26 -28 28 29 -31
leaf_value=-0.0017991284270598127 -0.037403068615303313 0.10195697601655862 0.1014234154870558 -0.068911831662141806 0.10183903620569107 -0.074579004787656542 0.10141017078879618 0.037919078597124678 -0.04342906642996084 0.1022288371711888 -0.12607375142634819 -0.048252787211954556 0.10263532273985394 -0.027108397807736807 0.10154968538289162 -0.084652828366112626 0.082068805463527628 0.065300953202143741 -0.099514620853775368 0.052746278927605951 -0.019922009591415431 -0.038996011759553993 0.102167499442331 -0.070299875397070721 -0.032045488521915154 -0.066133003068907584 0.10129546777184134 -0.10477721422577915 -0.10365960118776525 0.10216814749681501
leaf_weight=17.558404018840527 0.63811114802956481 0.49884899170137842 0.25437449221499164 1.2770683376875234 0.33297201152890821 0.5432746527076231 0.28950896405149251 0.32700031448621303 0.29099092166870721 0.74603923229733426 0.36913921649102011 0.92047891160473261 0.58842266269493826 0.54996671667322516 0.76043826731620356 0.15743088070303202 1.0265298464801142 0.7033334927400573 0.82214957941323508 0.67971530847717065 0.64363659697119135 0.55129152466543041 0.43610801524482656 2.2734977984800935 0.55087255884427577 0.14068217389285564 0.52534661727258936 0.27267537103034556 0.24078340269625187 0.35777977493125945
leaf_count=1103 9 41 45 91 48 52 44 36 19 101 5 41 61 31 109 4 73 57 16 43 22 40 42 94 23 3 81 5 3 58
internal_value=-0.000161169 0.000523908 0.00714578 -0.00415401 0.000129656 -0.0356047 0.00107073 -0.0323086 0.00373376 0.00190755 -0.00204068 0.0275714 0.000519004 0.0399549 0.0424018 0.0696126 -0.0106985 -0.00468347 -0.0165413 -0.0261676 0.0427643 -0.0362883 -0.0246796 -0.0393642 0.027258 0.018412 0.0659303 -0.051206 -0.0194849 0.01937
internal_weight=35.3269 34.6888 14.3605 20.3282 17.8914 2.43685 1.15978 0.870275 13.8617 13.6073 12.3984 2.80491 2.05887 1.13839 1.20886 0.917869 9.59354 8.35316 6.683 5.97966 1.67017 5.29995 4.4778 3.49082 0.986981 1.21732 0.666029 1.24038 0.871239 0.598563
internal_count=2400 2391 1017 1374 1151 223 132 88 976 931 799 234 133 92 132 113 565 494 399 342 95 299 283 218 65 124 84 71 66 61
is_linear=0
shrinkage=0.1


Tree=97
num_leaves=31
num_cat=0
split_feature=8 7 0 7 8 8 7 8 6 8 0 0 0 1 9 9 8 6 6 2 4 6 0 7 4 2 7 8 1 9
split_gain=0.112796 0.227038 0.312053 0.218227 0.522567 0.306787 0.19037 0.165838 0.512204 0.193247 0.164769 0.760303 0.372672 0.414135 0.744584 0.407463 0.650435 0.576922 0.815038 0.445366 0.486255 0.563881 0.383971 0.30175 0.675934 0.739558 0.665576 0.516737 0.440241 0.423432
threshold=7.2978133117022317 299.72036489270459 2.1760639329260099 287.86606869151916 6.4389159292730511 5.3424526875596028 282.67816986330126 6.0817210095374188 301.88862072233991 5.8460348332293686 1.4013897434831881 1.4640622540190948 1.3918560253050729 4.5000000000000009 0.89445032515720158 0.56130939028826365 0.3868496195550567 10.535433442273192 14.536451089144528 0.069122830581656455 3517.472809471029 12.141046147379225 1.3700009723233864 243.97518633827846 4076.4983760353052 0.052541111144170406 201.36848210928903 4.7588288016125047 14.500000000000002 0.025246604834798205
decision_type=2 2 2 2 2 2 2 2 2 2 2 2 2 2 2 2 2 2 2 2 2 2 2 2 2 2 2 2 2 2
left_child=1 3 -3 4 6 -5 7 8 9 10 12 -12 13 15 -15 19 17 -17 -19 20 -1 -22 -21 26 -25 -26 27 29 -28 -13
right_child=-2 2 -4 5 -6 -7 -8 -9 -10 -11 11 23 -14 14 -16 16 -18 18 -20 22 21 -23 -24 24 25 -27 28 -29 -30 -31
leaf_value=0.050432958442039613 -0.034645712142244496 0.10269035065964056 0.0022535345484483052 0.0097531730177831816 0.10214730437422292 -0.10577263136027011 0.062690390266268201 -0.036697537987311228 0.10122865910403984 0.055148131263060299 -0.078139871758748355 -0.10187938982460039 0.084306137580988247 -0.10201855688434534 0.085567265132652878 -0.102355777375326 -0.10229754692848272 0.049457597160284993 -0.071020289115768631 -0.10185252419769836 0.02681114086601042 -0.10107286574231783 0.053101713315127266 0.070913292106132592 0.10125706196518172 -0.05346674918896506 -0.046048390563847089 -0.07538207872148589 0.069126134280207849 0.0070606481727378354
leaf_weight=2.7751833616639647 0.919541698647662 0.51124634442385175 0.78330591146368533 0.453492023749276 0.49886901973513786 0.46615627175197005 0.46198051198734802 1.3170046989107493 0.48743960139108722 0.57683141366578539 1.4745240907068389 0.37576509235077349 0.57817088835872787 0.25803690613247532 1.1757759816537143 0.53365284670144353 0.94303164805751283 1.7940658548614012 0.81733059650287021 0.54873158421833057 0.93061187269631751 0.54771921073552221 0.22568739007692784 0.63722941232845087 0.33806767314672503 3.5841387492546346 0.39333902258658726 0.98890398611547414 2.1239261006558081 7.0643921257578768
leaf_count=90 36 44 22 38 57 6 42 46 74 40 121 62 16 27 98 48 98 56 90 60 65 90 9 47 43 175 25 41 276 458
internal_value=-9.09034e-05 0.000852954 0.0419182 -0.000789338 0.000614704 -0.0488052 -0.00102177 -0.00198715 -0.000420133 -0.00214743 -0.00332323 -0.00952131 0.00613446 0.00185035 0.0518083 -0.00600729 -0.0294537 -0.00761175 0.0117497 0.0130564 0.0257556 -0.0205697 -0.0566945 -0.00299601 -0.024611 -0.0401306 0.00600722 -0.00746811 0.0511294 0.00155863
internal_weight=34.5842 33.6646 1.29455 32.3701 31.4504 0.919648 30.9515 30.4896 29.1726 28.6851 28.1083 16.9803 11.128 10.5498 1.43381 9.11601 4.08808 3.14505 2.6114 5.02793 4.25351 1.47833 0.774419 15.5058 4.55944 3.92221 10.9463 8.42906 2.51727 7.44016
internal_count=2400 2364 66 2298 2254 44 2197 2155 2109 2035 1995 1248 747 731 125 606 292 194 146 314 245 155 69 1127 265 218 862 561 301 520
is_linear=0
shrinkage=0.1


Tree=98
num_leaves=31
num_cat=0
split_feature=9 6 8 8 4 7 5 7 7 9 8 6 9 4 4 6 9 9 0 6 4 7 7 7 0 8 8 1 2 2
split_gain=0.0931177 0.561993 0.142181 0.19958 0.363209 0.14411 0.30759 0.177965 0.196604 0.22522 0.2001 0.420014 0.315255 0.156471 0.145643 0.37682 0.318837 0.443884 0.583962 0.408824 0.307756 0.221416 0.213122 0.180805 0.320539 0.460986 0.472515 0.63207 0.461224 0.632114
threshold=22.532259245481015 221.80950742435155 7.2978133117022317 6.4389159292730511 4030.459147111726 299.72036489270459 5.5000000000000009 289.61660693166897 282.67816986330126 21.647116059851388 6.0817210095374188 301.88862072233991 20.139290923474032 3860.5697010275258 3062.4592626946369 16.701782476410013 0.46263224146420517 0.54464269458330594 1.352685155268234 5.7898215604213119 3147.8446440719508 14.200863100743851 273.17763762346817 269.10862791217738 1.9260057869475193 3.5613459561432461 3.409399618747337 12.500000000000002 0.083460947220471218 0.08593069590582357
decision_type=2 2 2 2 2 2 2 2 2 2 2 2 2 2 2 2 2 2 2 2 2 2 2 2 2 2 2 2 2 2
left_child=2 -2 3 5 -5 7 -7 8 9 10 11 12 14 -10 15 16 19 -18 -19 -1 -16 -17 23 24 -22 26 27 -26 -27 -30
right_child=1 -3 -4 4 -6 6 -8 -9 13 -11 -12 -13 -14 -15 20 21 17 18 -20 -21 22 -23 -24 -25 25 28 -28 -29 29 -31
leaf_value=0.052719307796248033 -0.04497086812064334 0.1019136839731436 -0.041289693779219649 -0.061230259737992593 0.10205906074159542 -0.0047188797301777252 0.10368153124818819 -0.054631274221368022 -0.019492291348371112 -0.061594877894021564 -0.040146419171800229 0.10115493181983684 0.10104657021962381 0.10189054644778428 -0.078377502356387949 0.022033079879253421 0.093977784019708938 -0.10251762394736104 0.032255486561227308 -0.10227981665301972 -0.0083214345448987172 0.10888972669308486 0.060153635575239686 -0.063715711655503215 -0.1011689488305033 0.1012960027562867 -0.091553964584511774 0.1025539886280557 -0.10274905726385562 0.10130225980256453
leaf_weight=0.2410032090265618 0.51493077399209031 0.52714268257841468 0.85442302853334595 0.19223791302647342 0.46746871521463618 0.7378942995565001 0.40567583520896733 0.63925901387119566 0.15806337515823443 0.62779461266472836 1.2503589272964735 0.41049221850698714 0.30063252217951131 0.32365452274098061 0.55876290655578742 0.6199416392482815 0.54860406462103162 0.47583857947029151 0.99119093370973133 0.57896404294297099 17.810763561108626 0.55736833153059706 0.51808707689633493 0.50777613086393003 0.22801887913374164 1.0647798545542171 0.51877138414420187 0.45858802564907819 0.32608531299047161 0.28407071728724986
leaf_count=7 18 54 32 9 53 32 27 30 7 21 41 67 57 41 52 24 8 32 38 56 1255 22 57 24 34 166 14 67 6 49
internal_value=-9.4936e-05 0.0293321 -0.00103395 4.75906e-05 0.0544767 -0.00110541 0.0337356 -0.00243357 -0.00129704 -0.00235395 -0.00103745 0.000773688 -0.000776026 0.0620619 -0.00194045 0.0155962 -0.00414893 0.0172383 -0.0114589 -0.0567228 -0.00509964 0.0631532 -0.00321425 -0.00476292 -0.00331617 0.0276345 -0.0195241 0.0348986 0.0615725 -0.00774876
internal_weight=33.6986 1.04207 32.6566 31.8021 0.659707 31.1424 1.14357 29.9989 29.3596 28.8779 28.2501 26.9997 26.5892 0.481718 26.2886 4.01291 2.8356 2.01563 1.46703 0.819967 22.2757 1.17731 21.7169 21.1989 20.6911 2.88031 1.20538 0.686607 1.67494 0.610156
internal_count=2400 72 2328 2296 62 2234 59 2175 2145 2097 2076 2035 1968 48 1911 187 141 78 70 63 1724 46 1672 1615 1591 336 115 101 221 55
is_linear=0
shrinkage=0.1


Tree=99
num_leaves=31
num_cat=0
split_feature=7 8 8 7 4 7 8 8 7 6 8 6 2 8 9 6 6 6 2 8 6 8 7 9 0 8 8 9 0 1
split_gain=0.0858204 0.0884545 0.204442 0.301667 0.208951 0.155924 0.433685 0.269984 0.139499 0.142836 0.108164 0.418097 0.306006 0.151849 0.166829 0.153088 0.356066 0.241699 0.304309 0.180974 0.318024 0.313646 0.204141 0.361885 0.355236 0.359142 0.300259 0.629942 0.396257 0.346741
threshold=338.04045305670599 7.5117864897411684 7.2978133117022317 299.72036489270459 5933.9034143958461 287.86606869151916 6.4389159292730511 5.3424526875596028 282.67816986330126 186.55917891391204 6.0817210095374188 301.88862072233991 0.055920279798718005 5.8460348332293686 12.914948979470212 288.71110904352332 275.17821153417941 290.15594218366289 0.08659475806012891 5.6307975650039728 266.89395028963946 5.4283574110774389 250.34578171404902 19.546396723824241 1.9414456288202044 3.7087604106132064 4.6703360822756013 14.020731119503212 1.7039765467056645 20.500000000000004
decision_type=2 2 2 2 2 2 2 2 2 2 2 2 2 2 2 2 2 2 2 2 2 2 2 2 2 2 2 2 2 2
left_child=1 2 3 5 -5 6 8 -7 10 -10 11 13 -12 15 -15 16 19 -17 -19 20 21 22 23 26 -24 -26 27 29 -28 -1
right_child=-2 -3 -4 4 -6 7 -8 -9 9 -11 12 -13 -14 14 -16 17 -18 18 -20 -21 -22 -23 24 -25 25 -27 28 -29 -30 -31
leaf_value=-0.0037364326604081991 -0.03729928059371606 0.045992839954769882 -0.078462656229317571 0.10236098859083387 -0.0078419913206221672 0.011721125557607693 0.10175864937858517 -0.099445856897152421 -0.019370621951004072 0.10169687504544525 -0.080813895875722214 0.10100513649592091 0.016077862651139412 -0.0076879105045222539 0.10314881553559463 -0.10068564827672927 0.10076547873422759 0.10115732030704634 -0.080931751539591146 -0.05361137391920761 0.10124392698367445 0.10147634048578501 -0.055115379700009452 0.10110405618555052 -0.018593109485997853 0.10148468391108445 0.038152250007397692 0.10118955979822258 -0.073610608432212038 0.10175893162503398
leaf_weight=18.467705992603506 0.60689078271388908 0.4247012878768136 0.32822209387086232 0.48677661584224452 0.26610611577052623 0.44975346210412581 0.41754949744790693 0.42482753796502948 0.15535700786858697 0.26144925833796151 0.61912886612117179 0.4009482967085195 0.68835169903468341 0.25899302028119464 0.2855049055069685 0.40025032963603635 0.33531364472582836 0.1867229716735892 0.18050191749352962 0.6863618468050835 0.29731837118742888 0.28515214170329173 1.8985362384701141 0.3449771246232548 0.94801282457774483 0.3378470801981166 0.43375890166498621 0.61136859911493857 1.1809170821215955 0.3169040835055047
leaf_count=1253 9 26 9 47 11 38 57 6 5 37 10 74 36 12 28 12 77 38 5 32 63 39 78 61 43 45 31 112 52 54
internal_value=-4.23034e-05 0.00065601 5.3449e-05 0.000868298 0.0634098 -0.000656842 0.000556577 -0.0422782 -0.000871919 0.0565712 -0.00169287 -0.000373506 -0.0298031 -0.00185396 0.0504288 -0.00291179 -0.00161954 -0.0469323 0.0116551 -0.00294975 -0.00156564 -0.00279694 -0.00400858 -0.000486614 -0.0276281 0.0129562 -0.00215465 0.00129453 -0.0435872 -0.00195668
internal_weight=32.9862 32.3793 31.9546 31.6264 0.752883 30.8735 29.9989 0.874581 29.5814 0.416806 29.1646 27.8571 1.30748 27.4561 0.544498 26.9116 26.1442 0.767475 0.367225 25.8089 25.1225 24.8252 24.54 21.3556 3.1844 1.28586 21.0107 19.396 1.61468 18.7846
internal_count=2400 2391 2365 2356 58 2298 2254 44 2197 42 2155 2109 46 2035 40 1995 1940 55 43 1863 1831 1768 1729 1563 166 88 1502 1419 83 1307
is_linear=0
shrinkage=0.1


end of trees

feature_importances:
zone_entropy=453
mousemove_rate=443
scroll_rate=414
click_rate=408
interaction_rate=390
cursor_step_variability_normalized=343
time_to_first_click=316
scroll_direction_flips=155
distinct_zones_visited=72
has_first_click=6

parameters:
[boosting: gbdt]
[objective: binary]
[metric: binary_logloss]
[tree_learner: serial]
[device_type: cpu]
[data_sample_strategy: bagging]
[data: ]
[valid: ]
[num_iterations: 100]
[learning_rate: 0.1]
[num_leaves: 31]
[num_threads: 8]
[seed: 42]
[deterministic: 0]
[force_col_wise: 0]
[force_row_wise: 0]
[histogram_pool_size: -1]
[max_depth: -1]
[min_data_in_leaf: 20]
[min_sum_hessian_in_leaf: 0.001]
[bagging_fraction: 1]
[pos_bagging_fraction: 1]
[neg_bagging_fraction: 1]
[bagging_freq: 0]
[bagging_seed: 400]
[bagging_by_query: 0]
[feature_fraction: 1]
[feature_fraction_bynode: 1]
[feature_fraction_seed: 30056]
[extra_trees: 0]
[extra_seed: 12879]
[early_stopping_round: 0]
[early_stopping_min_delta: 0]
[first_metric_only: 0]
[max_delta_step: 0]
[lambda_l1: 0]
[lambda_l2: 0]
[linear_lambda: 0]
[min_gain_to_split: 0]
[drop_rate: 0.1]
[max_drop: 50]
[skip_drop: 0.5]
[xgboost_dart_mode: 0]
[uniform_drop: 0]
[drop_seed: 17869]
[top_rate: 0.2]
[other_rate: 0.1]
[min_data_per_group: 100]
[max_cat_threshold: 32]
[cat_l2: 10]
[cat_smooth: 10]
[max_cat_to_onehot: 4]
[top_k: 20]
[monotone_constraints: ]
[monotone_constraints_method: basic]
[monotone_penalty: 0]
[feature_contri: ]
[forcedsplits_filename: ]
[refit_decay_rate: 0.9]
[cegb_tradeoff: 1]
[cegb_penalty_split: 0]
[cegb_penalty_feature_lazy: ]
[cegb_penalty_feature_coupled: ]
[path_smooth: 0]
[interaction_constraints: ]
[verbosity: 1]
[saved_feature_importance_type: 0]
[use_quantized_grad: 0]
[num_grad_quant_bins: 4]
[quant_train_renew_leaf: 0]
[stochastic_rounding: 1]
[linear_tree: 0]
[max_bin: 255]
[max_bin_by_feature: ]
[min_data_in_bin: 3]
[bin_construct_sample_cnt: 200000]
[data_random_seed: 175]
[is_enable_sparse: 1]
[enable_bundle: 1]
[use_missing: 1]
[zero_as_missing: 0]
[feature_pre_filter: 1]
[pre_partition: 0]
[two_round: 0]
[header: 0]
[label_column: ]
[weight_column: ]
[group_column: ]
[ignore_column: ]
[categorical_feature: ]
[forcedbins_filename: ]
[precise_float_parser: 0]
[parser_config_file: ]
[objective_seed: 16083]
[num_class: 1]
[is_unbalance: 0]
[scale_pos_weight: 1]
[sigmoid: 1]
[boost_from_average: 1]
[reg_sqrt: 0]
[alpha: 0.9]
[fair_c: 1]
[poisson_max_delta_step: 0.7]
[tweedie_variance_power: 1.5]
[lambdarank_truncation_level: 30]
[lambdarank_norm: 1]
[label_gain: ]
[lambdarank_position_bias_regularization: 0]
[eval_at: ]
[multi_error_top_k: 1]
[auc_mu_weights: ]
[num_machines: 1]
[local_listen_port: 12400]
[time_out: 120]
[machine_list_filename: ]
[machines: ]
[gpu_platform_id: -1]
[gpu_device_id: -1]
[gpu_device_id_list: ]
[gpu_use_dp: 0]
[num_gpu: 1]

end of parameters

pandas_categorical:[]
