cta_dwell_time,click_velocity,slip_jitter,zone_transitions_rolling,label
205.57837164264075,4.484517175426875,5.568329407758145,8,2
1619.0832771273076,0.39694765510718427,4.501056562227114,2,0
829.2223669093814,0.15397846268596765,1.411661165873166,0,0
29.318523318414723,2.749055269223213,17.003483843636246,9,2
3452.7348058202224,0.054059876044520894,7.219830027389578,2,1
7041.759700372318,0.02644959221761386,6.184922005121455,1,1
1493.2253247999836,2.8215662014304685,5.734568041664913,7,2
6152.13327671254,0.06728492195717455,8.903770367509642,0,1
1096.097566928002,5.906355502008702,11.116023448293173,5,2
842.3635979468285,0.19037063369061358,4.126642757168074,2,0
183.75843624860912,2.8324897102314104,15.583517746817222,10,2
7610.046488417278,0.0760233268181338,2.615449899003306,2,1
1825.2007953431216,0.22907171102703439,0.7657526436136375,3,0
4266.179048796726,0.28977886457017843,4.988242226804348,2,1
1491.4918083475948,3.588912006726505,8.509732022576582,9,2
1988.5155325241035,0.20878530943846985,2.485133987366021,0,0
5101.8884440717575,0.27454888684272694,6.333604949728854,0,1
424.8993843268447,0.17645421870487793,0.813703008594141,0,0
353.1959249207169,1.6974885883468476,13.065933383396265,10,2
372.26152640428717,2.068203694850813,15.333298495802431,5,2
6024.166911209353,0.2220778207526109,6.233408385851954,2,1
1798.821947142475,0.06185937446254497,2.35985624615214,0,0
953.5218146444524,4.04085855266036,13.772473604243244,9,2
8807.96093660883,0.04139712240601281,6.363874406115178,2,1
1392.745593433388,0.19718382326872141,4.094912547688601,3,0
6539.314200329623,0.27702249050665495,1.5387339717124948,1,1
2757.3870969718373,0.2522152747752478,2.9300315078568993,0,1
2658.8226642494174,0.1025365224960845,7.7643730749193125,2,1
708.8977454449432,5.32620962102567,5.000210147597331,9,2
5494.0587779380185,0.10171243426843109,8.793890040735683,0,1
391.9731413661778,4.920655709515604,10.959458159255021,7,2
9795.666747416637,0.025237877773838447,8.673179482457144,0,1
1364.1039230702909,0.18919612325176766,0.1862612566664118,1,0
7417.428791977942,0.08268376748503453,5.30849014995556,1,1
1688.159759422894,0.37386880771841297,3.515700183153467,2,0
4793.201577755566,0.1787005946941627,2.5012790635648443,0,1
748.3917904657718,0.03719294801480327,2.5267748543776305,1,0
760.0230337883835,0.26730015468338436,4.169494808730474,0,0
503.36777284172103,3.2627829483683626,17.4165361426182,11,2
858.1036284693375,0.0540153346816743,3.1460440446355484,3,0
958.2353284221732,0.43850320759754086,1.8140151951063543,3,0
494.71658188544575,0.15538598265513537,2.7802815473032414,0,0
6809.589690444275,0.1492267976343811,1.8637607350975627,1,1
342.64822136628226,0.3983121505133607,1.575582797247418,3,0
1547.9824254538764,0.15957398264057915,1.583036572319404,1,0
140.9939549438628,0.303940330738666,3.155433796589027,3,0
2915.301822494461,0.10689115931228352,1.4598493018281944,2,1
576.3708489167371,3.7584770787410324,5.59127698761789,8,2
1810.760660031841,0.48152871194577557,1.62672692006862,2,0
2538.0120439634225,0.06818466910841499,0.9608481221781462,1,1
1414.091641655905,0.2669474095136945,3.819971813730101,1,0
6477.665536148666,0.10930962787247532,4.5824280169294065,2,1
934.9367010450259,2.560636898230817,14.668039898833879,11,2
108.65832995568725,4.120289236688926,18.52855566546461,10,2
637.397592896577,0.20213850636898845,0.16415706499926075,3,0
1488.2800967186865,1.948567446090876,11.551348092404414,10,2
600.3346570256518,0.024614922853630594,3.71905922863893,3,0
1470.9746610839575,0.22982996611408135,3.893165206385997,2,0
1231.4125594728512,2.157955998459018,12.619490857416432,7,2
1373.2424348196612,4.276655608775764,19.249606565710007,7,2
1149.2419927686,4.015579673739703,18.41078745576149,9,2
1302.8040463564969,4.413620955226239,19.453418301620154,5,2
1559.116759092686,0.263756545695247,1.0115261968863665,2,0
4898.300995072261,0.22297059479332895,3.7397502786025436,1,1
963.3092899969215,0.27799278224319923,0.4692200707652261,1,0
1386.7375346234628,0.457105105330792,0.6515737014852169,1,0
1402.1233377352175,0.08281925017579345,1.167872026104531,0,0
310.4784440527209,0.47518251370189674,3.933161142198374,1,0
674.5634922906261,2.4558077764252215,11.0869469854877,9,2
276.66677289323917,5.495615362520487,7.441224008762374,11,2
516.7044929801837,2.9592753545704165,9.83272849851573,11,2
7908.750436881254,0.18204023046280926,9.810342697575434,2,1
169.31311881796563,2.3302053332912944,17.621603924365658,9,2
9850.93942404248,0.2789670795064114,6.00359812474554,2,1
1277.5868888286702,4.808127516038095,10.64986939093573,7,2
232.65521013404123,1.9327145088210784,5.899662470998269,11,2
9829.900793717847,0.16812129608665125,7.95677153163973,0,1
893.308785775705,3.5973406768845435,5.718719563203438,7,2
928.9073890853201,0.472941222241412,2.308764805788136,3,0
1365.6649353199448,0.36854756859749027,2.1658138464959564,0,0
415.97935110939875,0.4946860907350752,2.847449151919329,1,0
1248.9079326599199,5.3293099115734925,6.0954816648459875,11,2
4664.94088493685,0.02497731472784398,7.065946319955103,0,1
1445.7851961015774,4.9503137649298825,11.991214294377645,5,2
1184.6999039214618,4.602314467038925,19.883370248891723,8,2
1098.9589973803995,0.3378371376819552,0.9239461393423476,0,0
638.1183971740685,0.4531910278074467,0.8218000407022052,3,0
885.9996299826051,0.2818249089246496,4.096620884205052,0,0
888.2485131551774,0.48943402719938717,4.240928032051791,2,0
1774.6928397936524,0.46865101539707804,0.8591450123297739,1,0
9501.135364475002,0.055467270524040935,5.313017191000506,0,1
6609.8629630754385,0.2950960563223221,2.410750041772155,2,1
4280.180370767228,0.2037042038610453,9.641134376237442,0,1
1259.5461742539235,0.4024468553110163,2.808440847202427,2,0
7921.854484726779,0.04977726824604527,8.334451771991477,2,1
4177.865923361328,0.06974360894609662,4.082862769325172,2,1
1210.7534180265338,5.118581434000461,15.651258951572483,10,2
1436.25116330967,3.88441283226313,7.701854793655302,10,2
7752.273576520976,0.0004438991850200802,1.7863034724049132,0,1
1509.556661916464,0.39287650262944906,3.820582284201521,2,0
1154.3255577996022,3.913145774763448,9.227863772499328,7,2
894.6038893052432,0.08862461054127124,3.553446435396591,0,0
867.7613205929872,3.4143460161020682,17.324831020246314,11,2
6342.350290681987,0.22949673810963897,9.930199482700544,1,1
326.47162600733304,0.12165287003608422,2.17389209780314,2,0
1356.2845767768722,0.3990808763029682,3.45936817426509,2,0
1323.747775816845,0.3341628936764674,2.3435187536252577,0,0
3642.1637622692024,0.14536099006398537,0.6284327302678749,1,1
3398.348863624504,0.08035488126986005,7.2609920957135135,0,1
924.629084344276,0.15399989735796532,3.333591723846503,0,0
820.2699508800536,0.35472836206375985,3.2215650117016454,3,0
5732.733031900856,0.1351770609902035,1.2314933805251094,0,1
3088.673088687443,0.18961157838961176,2.474445087105429,0,1
1956.4038601665134,0.20393348459502386,3.132315684443009,0,0
1729.571277025594,0.25348406571818316,1.6644510883548995,3,0
9025.859076647703,0.006125057381613519,6.507761297641801,1,1
7889.772305297607,0.1840684651260488,1.361590004877068,0,1
4287.692312530446,0.14482861181663448,6.210439414698413,1,1
4833.850850957026,0.03416234113267662,4.578561288381726,1,1
1891.7992983845436,0.2912444061343981,3.127896555518185,2,0
8539.72631559433,0.02878733350157616,3.8667224727550185,1,1
173.8836894261191,0.476703945149569,3.7270088246254796,1,0
770.0769289017899,5.252092724744814,9.518477313776405,6,2
1721.2835541275324,0.16625021679026386,2.708221040446819,2,0
800.478655438384,4.038655547868667,17.71204871476429,10,2
1740.5932063914308,0.21821396026453965,3.78675817195051,3,0
7890.759608313815,0.23038708884218465,0.15691286586202113,0,1
685.9759348275086,5.985620384358404,18.293182738098643,5,2
3491.5560590417135,0.03359998582333372,2.8444719380251513,1,1
291.3167965444281,0.33070150278288923,3.1711462715396865,2,0
6338.1341684047575,0.16373058739170693,8.899745497453765,2,1
792.7743635313032,0.1704958274562623,0.9894396310384446,0,0
195.5187326822227,4.543091744240418,19.92909165667873,6,2
9458.485360019848,0.10483225263714449,0.48055956727497073,0,1
1443.4447270456703,0.4940676925177193,1.869852187030137,0,0
1355.2981903606565,0.2302291828055658,3.1724342640082908,1,0
7031.410636270314,0.26873532809835166,0.5190005712057255,0,1
3840.9065233006045,0.06083833930871384,7.847539200236224,1,1
927.2952525222827,2.7957307012264616,10.532101821910985,5,2
4891.66385538065,0.04352469948079641,2.8775570046790433,1,1
772.9151872299271,3.417775801221853,15.712322783646849,5,2
1229.2515476307315,0.37184841826094367,3.1724949899973214,0,0
3378.9063303061594,0.06267287798671424,4.293576115761021,1,1
156.70817217022693,5.641733214385769,13.442152790003922,10,2
750.7876304561347,3.9738703924951566,11.56141874746077,8,2
658.4533211213372,0.49484323280129705,4.723900836844246,0,0
1191.6520657581498,0.16175082394063545,3.6273073370480367,0,0
517.7741223422541,5.90855657918494,5.6929841986965375,8,2
7486.6568430813395,0.266547269287252,0.7604735546535124,0,1
946.9697278462779,4.943336482503847,9.834041382894764,10,2
5846.238495430314,0.27456182089920367,4.838883246994375,1,1
6311.1459843877665,0.2012044471852962,4.486869107047688,2,1
398.3738329031958,0.3808899104186089,0.7023594232911878,2,0
325.5314431922698,4.398050357342941,6.091609064000496,8,2
2843.814987956609,0.20272643715461156,0.5488938010686606,1,1
497.74173788503964,2.8265180031951083,17.687428989596448,5,2
415.60518008432683,3.254583320206169,6.7352306489558815,5,2
1147.1475627692012,4.72253242447345,5.417437093460393,9,2
8727.285117701702,0.003970290558964818,4.601458505923302,0,1
1027.731474209843,0.11094754568784654,3.482944692936612,3,0
1955.7983963877089,0.3759482256004499,0.4705493843706088,3,0
1043.9796894243225,3.2320608503432737,16.592531896150533,9,2
618.8771861536173,0.445859821487894,3.5551876495598416,0,0
655.7191743327276,0.2951276407465241,0.3558508281275463,1,0
9702.447935538112,0.051627383853338704,0.3352294756405594,0,1
2535.001645481795,0.06781907070264649,4.5659250895467105,1,1
6765.031400977722,0.22134336342328342,4.174469202732746,1,1
8245.54632430981,0.29496419701372306,6.195947145612695,0,1
8893.372898541573,0.0205878581186265,2.9764701899241555,1,1
5633.209751095369,0.23258426122260045,8.781693636476305,2,1
7694.648507812674,0.10350711794669411,3.9624498824766077,2,1
932.2258431479801,5.906754242441306,16.993122726256708,11,2
124.72518394928488,0.20249669636977807,2.6619983588289435,0,0
4248.154844340539,0.28227760059809465,6.304684996968456,2,1
409.6589543766615,4.573122802534677,5.768060396345312,11,2
9581.546769284902,0.12107548863557345,3.9841770708098343,0,1
7560.790083354663,0.13061173298317735,5.573928846727572,1,1
1771.6843043073516,0.4033501221689719,4.358649030684404,2,0
8048.657526378178,0.07515319935523006,0.14118240263653048,0,1
18.468747967797185,3.6370148675617098,19.953401473370135,8,2
4708.550748408152,0.006427923206480035,1.3297929628195615,2,1
1879.6185093329104,0.14520165416233483,2.3176871034342783,0,0
186.90161144407656,2.378095590269396,12.326480258155623,8,2
1839.6883259368542,0.017529839903557054,2.8338047242116153,0,0
7332.429675809821,0.005112693797054191,8.689776120804172,1,1
1454.5860792319336,4.978843946092278,6.040139832992031,7,2
8608.614652616605,0.13831116511985542,7.537181269929734,1,1
1089.81622631151,2.298410304092455,7.177407217237421,10,2
1495.9347819679556,4.115663907633522,18.313273770610223,5,2
5152.557413388731,0.175310110673077,4.612386123517976,2,1
1040.5847868125443,5.181231578111517,14.068737188981732,10,2
1081.1092686444442,5.769867035556093,7.778980176561853,6,2
1226.3757110314789,1.7957635843642765,7.155958372513821,8,2
9286.61860380596,0.29397752776648106,3.1248724735084723,1,1
2698.3121997503426,0.12321361820807467,8.040839208649272,0,1
166.2164941441232,5.4255506309319985,5.375683497049051,11,2
184.62001266040028,0.13871462455371097,1.5888796946985422,2,0
37.68845214680461,0.2708855587896949,1.5331702633424205,2,0
1613.4775801859876,0.008140465461288993,3.901511477305611,2,0
255.20606563215676,5.01740754013818,11.011264437333935,5,2
6313.797042843679,0.18305670857986878,3.649549786156129,0,1
435.66601865477645,5.837227800937458,18.97691396962251,8,2
3847.321193285835,0.24509208355278894,8.31082295664462,0,1
664.0047841746759,2.014133736616627,15.528356115848489,5,2
4881.833501231989,0.2520229642521443,2.9989882777111374,2,1
155.75379739400108,0.38464591764994166,1.8687055391313612,0,0
1254.432853610906,0.09692742739725946,2.6050943338220076,3,0
2613.429913803486,0.16357898515636676,9.848552209500657,0,1
675.5261811182655,4.150528820966502,16.534636734183437,10,2
7669.1200595485725,0.29282789054622055,5.197888051326541,0,1
397.777552913023,0.3345574331502976,4.960136348980949,3,0
1464.2739974232836,0.48758555622769534,3.0811465310763024,0,0
4911.982516661625,0.023916017795412147,3.531098877204321,2,1
568.0788839312631,4.360771054742437,5.532550247145254,8,2
1204.3436540629637,3.8146262474424226,9.70914586492119,10,2
537.2335690114696,4.693982493768966,17.468589177434048,7,2
3871.68890931455,0.18144945373565355,9.081953151626834,1,1
1129.82082660346,0.3371381301360491,4.71452127470715,0,0
181.39833985581356,1.5896207354253786,17.57645488920322,9,2
1131.335783520329,0.2042485022957634,0.44015512539478163,2,0
6507.493145631532,0.12210879726815352,3.4017767462568074,0,1
5247.544100812646,0.1352830817263196,4.280877132662363,2,1
126.93380912049923,0.33042807587671097,0.1460601498677716,2,0
9747.829042889445,0.27478594325151307,1.054362853867754,1,1
276.75082679409013,0.2034859908839441,2.237294356338432,3,0
7026.391135100285,0.13220772317419408,1.684456432862672,2,1
765.4766371859558,0.4134349694029779,3.069331257722082,0,0
310.36070566807734,3.1645254644068435,17.60781554282405,9,2
539.4679703121941,0.19692886497776962,4.547539662221184,0,0
3156.85314456404,0.04456818688796734,6.945001930848931,1,1
1392.726286395219,0.2961236895873814,3.588269856160437,0,0
598.4384724727773,0.13549192711281932,4.194884378488063,0,0
316.3088721779903,0.26918138599902836,1.454820906055777,0,0
892.1997177089352,4.568366396918632,10.3124769185359,7,2
1247.0418125918386,0.12532472497985936,3.2924413413004223,0,0
587.2648829015529,2.210724668247903,10.678100079701805,6,2
4750.2429256918285,0.2598947879398866,7.958261226482391,0,1
6831.481414477821,0.14638666909205708,2.03094603669287,1,1
1245.0515959838328,0.3357701983764723,2.0623103750248046,0,0
191.79191287975138,0.25703620696247487,3.3248842723290286,0,0
391.81555173559497,1.5320965328241556,15.740912976758182,11,2
4620.9518537485155,0.07416319677178837,3.6756202203624486,1,1
470.0162525716911,0.1930563382566417,4.139410461409437,0,0
741.9294517982006,4.902094138653008,6.653563639769267,5,2
4991.2955326225965,0.23712679013547547,0.827361915194923,2,1
819.7465550616278,2.079793593083733,6.706989743585639,11,2
1738.2620640398763,0.15376942832888735,2.9815840170081502,2,0
1877.880465207525,0.13770422347346928,1.0124808093086508,2,0
1791.408645325878,0.014907655157509359,2.614179880840694,1,0
4059.122994097964,0.0603939190681219,3.3618732551952912,0,1
1161.3993083413568,3.3669202093099813,15.363501535405547,7,2
1161.2645514831247,3.5891651283721115,16.965735958257042,11,2
4387.410215863653,0.11307339197619512,1.0901470354356169,0,1
367.64870122400924,4.630728095579576,15.591794561861281,7,2
3455.120831296334,0.11574567229461848,3.569400192164527,0,1
281.29926550860864,0.06719583607197355,2.315965126805048,3,0
319.4041245072216,2.593135880679798,19.459875196572526,7,2
1310.0778949904013,0.29025027955618,1.516484924387707,0,0
6103.205486775442,0.25605707225419777,1.456397736853987,2,1
1316.7827844568205,4.9263009480453555,7.514648113780513,9,2
688.8929905216488,3.928974987282767,5.146463889824454,5,2
105.83466191041113,0.49387744349753343,1.8358934954637596,2,0
384.4550002633964,0.346839407062098,1.6485382154182333,2,0
1125.045334322507,3.9032272668712302,11.524509526275473,11,2
1092.8095575792076,0.09961318596360197,2.005626579390811,3,0
73.94789615962138,0.1890509775867747,4.332364911950501,0,0
3681.755897431601,0.0765610180316871,4.275104871937836,2,1
840.5039698621024,4.418022432989508,9.460735915279777,5,2
1130.1687022051294,2.9047022879786044,7.0055361674286045,5,2
2869.029823201993,0.10093469157519132,6.813876344651969,0,1
6477.423987585909,0.25141045236882226,7.856214388906367,2,1
5600.205165241225,0.022351121193079682,1.8733063308456,0,1
1265.4782341316081,5.64749425338454,12.178282596891222,9,2
1925.7522662874949,0.47850651826659085,0.10696377415952363,3,0
1661.9142796203291,0.10292595779377728,2.552345131532804,2,0
778.0518062532597,4.249707815738546,10.579942362854704,8,2
1463.0754638633025,0.2529373285255581,0.4519213916294573,1,0
730.629884387607,4.8021673768987005,7.066544863752647,9,2
70.74542066778777,0.01396548281232518,0.7669595133040796,0,0
787.6571522483426,0.36109725128343284,3.03031229194708,1,0
377.5810307039178,3.4295919695584374,5.518631728610503,7,2
6080.5950222283855,0.07956030340711985,2.1338515168531744,1,1
1330.6779570608187,2.711627511254129,15.8558599603905,5,2
5542.083556944082,0.006763042202007463,9.325537540111627,1,1
191.0230121223611,5.756677524190819,14.559981390861092,9,2
1385.8529274122743,0.12395579537110091,1.600308594292984,2,0
1190.2056457823546,0.3263487998921741,3.4454975645784014,2,0
1004.289030131196,1.590947051121489,19.87978290409001,11,2
89.55505764660931,3.631465932132091,7.475316483714661,7,2
106.81238512456792,0.2020323961766956,4.823136045276179,1,0
163.5910574838766,0.10491083958096509,4.42646061849698,2,0
6075.397003034141,0.10294272089971153,1.5468318907467804,1,1
1413.8857035644774,0.11766595299719895,1.1255621145731904,2,0
1377.4424401523052,5.0089030762754945,10.054867410202382,9,2
6392.168367066442,0.2613167123330649,3.453996667565823,2,1
4511.936087740638,0.19034282653151655,4.984294302638165,1,1
978.6426987910735,0.49762314426135684,1.5708873999951471,0,0
72.25348614337001,4.733902430490947,10.197701054542502,8,2
435.36342473554987,1.759876149951173,14.890787298871473,10,2
8869.058488641684,0.29573024806980225,5.7688766424677755,2,1
591.717487347298,0.2040050636671804,3.05158720916372,3,0
1074.4105724737822,0.008929151283674885,2.2978045019362066,2,0
1470.717806877207,3.497170487580806,12.748447704090522,6,2
925.8786199380191,0.22703843825505138,3.5681559559592864,3,0
1103.7148899457145,2.9152703500530883,14.947155189991696,5,2
615.9011013704138,4.358602173276572,17.609304621898886,6,2
8016.939394511994,0.1659460452671501,7.262005732896183,1,1
341.8469047151174,0.33484506361203054,1.0215945880503647,2,0
6754.122974532817,0.13142749709274218,0.6420693886120099,0,1
999.7334055644482,4.591001817714901,8.751229690070305,7,2
859.7473975942204,5.302183570822136,5.796324245365262,5,2
1103.8018113122848,0.28130162549235843,2.5095865180789834,0,0
1663.8158807985867,0.39212056639093795,1.790751516562164,3,0
5306.152938698731,0.24276205917557422,9.694902276614021,0,1
1357.282919200932,5.914206604150758,16.38906165767547,10,2
162.76090539217014,0.38381540154115895,4.312033009447291,2,0
5985.973032904218,0.08528736465850001,9.496202129265285,0,1
461.8616162804461,5.043079973440451,15.5113781122104,9,2
491.01575669598583,0.14772208098506967,1.6941860970661449,1,0
832.2912435637846,4.497522024360208,19.434857725424756,8,2
762.2336388942247,4.180609154343778,10.008334644756287,11,2
3032.2819018869127,0.02352373535084601,5.19798430574588,0,1
1358.2237475019188,0.4469979935189219,0.9914353782439561,3,0
1869.502572456516,0.07074248646492154,3.0395388123159144,0,0
1006.5342850437371,0.20305274024787184,0.17538042010854293,3,0
311.27885668207773,1.6180013102673179,13.678527239252833,7,2
358.36015286606516,0.4897022092860143,3.6876132909012727,2,0
8479.679553947832,0.25326781384265135,8.96375222705807,0,1
8080.442493323483,0.05508963072733688,7.68092213651437,1,1
684.2639013254418,4.221466002497012,10.078986271668246,6,2
1407.387925245832,0.17373974743467036,4.6234128184721515,0,0
1264.9838004905062,5.232997158124131,18.65936307120448,7,2
9403.117401150766,0.13204043801385776,3.7167255097587546,2,1
1387.6040407779699,2.4128293061649337,13.79800690995669,8,2
759.6357599136717,1.91318210704727,10.080907277114319,8,2
1816.8282466014016,0.07535080669552108,2.556937867502384,3,0
239.22925169002295,0.4091589604859518,1.9900035492133665,0,0
5180.528244617871,0.25838223838862834,2.6591146030857105,0,1
898.6551308376594,2.4484775705912214,12.717736470382626,5,2
4579.941743566554,0.0633861063047747,0.5427491144555807,2,1
6685.163459335579,0.08212486822415514,3.095234695870194,2,1
619.1447814809644,2.533343789465742,10.978753184072305,11,2
8863.32709444739,0.13206279746076396,9.938856785230715,2,1
1884.2699880657156,0.42375390697592125,1.5475719353305017,2,0
47.10023881157049,5.261840304995639,12.838745791978416,9,2
716.1543668727271,3.9004963082603976,18.247153611301552,8,2
1494.8439325118945,0.04521206621109641,4.2935816808414575,0,0
504.0056017550365,0.17134717228757607,2.9105976273649343,0,0
651.9455079428386,2.5873016090289074,10.680546180311397,5,2
2789.7540199045397,0.017957616943658026,7.453643164105776,0,1
952.039802138325,0.46919489251881846,1.161765202888183,1,0
434.5623824707567,3.1045125664544737,14.72052475188834,6,2
45.069692508415635,3.9990396526278693,19.364810601630538,8,2
1027.766007540869,5.77057167194041,11.483820364909043,6,2
579.7232868828808,2.541588042252415,10.790282913828175,10,2
6156.892890130832,0.07343809681069578,9.909758842495114,0,1
809.5912531898233,1.7797873925778567,16.52846077235657,7,2
5958.5045856332945,0.008849417119768476,2.9072843866360323,1,1
7264.520767563027,0.29720817449629683,4.669758740206708,0,1
960.4835422121561,0.2638444652143847,1.2064795975467402,0,0
1154.817303713335,0.03648443792006639,0.5041434658107263,2,0
5166.4087759467375,0.24274893692953028,7.469405467128444,1,1
9320.671962604953,0.19139226643998317,7.035882899889339,1,1
671.7881491311681,0.22940650221343,4.634130885618306,1,0
8672.900327411477,0.2229332841244021,1.4256298110873433,2,1
617.7583919703176,5.1397892126279805,6.949605152793158,8,2
3467.8186132198243,0.012124281116668767,8.440792882782292,0,1
83.96331370779548,5.323404678453912,19.00464930064274,10,2
835.6356358415946,3.0550044691571143,17.199062337971185,8,2
62.6163874328165,0.4597079755061557,2.8681047247485165,0,0
1245.335807756122,0.02181479991611196,0.965512196603649,2,0
70.22783366371321,0.15736248863346153,4.4054480204525595,2,0
1104.7083482968496,5.574662708686802,9.553878967334908,9,2
650.4943815904476,0.16573486472235122,0.511902695679266,2,0
5436.805561308618,0.21066716657591097,8.322868453273449,0,1
2553.1920686373737,0.0782652860478142,4.940829049251539,2,1
673.8602418321404,0.3016396338525793,2.2912844998412596,0,0
621.4206960410631,0.4385681223588934,3.608281986323156,1,0
9352.527962408149,0.23675332082979525,4.802119578514019,2,1
6354.381140463836,0.1552301980916008,0.11359899283210462,0,1
5101.700632278122,0.17157985792361038,4.328039360358083,1,1
1439.3933704847136,1.939259013889199,17.736638116762247,10,2
1334.4609417601928,0.0598567759331034,2.5452606071700195,1,0
6631.095070988519,0.09690240040804625,3.9709879115802127,1,1
411.67348749027565,0.4024145032129003,1.374573222016664,3,0
1232.8865027236109,5.442676178047492,14.458117521595545,6,2
7824.714504300264,0.20778103204453938,9.867529482481942,2,1
5004.292144843806,0.11670950489687414,9.797052244093159,1,1
97.96167486788576,0.01372486667670686,0.9316529979689525,0,0
664.3748384308326,0.35911647522243323,2.8033432766026785,1,0
392.4824880573446,4.372586291147293,12.785950379832556,8,2
9730.090053531992,0.0023886259384894638,8.628809929121113,0,1
4309.858961803093,0.28463467906994544,2.1457605067587213,0,1
5480.53665543149,0.018316496507532743,2.080715787520634,2,1
1602.752565190314,0.39829438951648216,3.546695760842214,1,0
7524.857305805504,0.19129577797820346,1.7598090024164947,0,1
8.89884980007949,0.36016232619367256,0.12593141300276334,2,0
2616.158729756156,0.06991365508829489,0.3899116256670443,0,1
7417.123764204108,0.25880357684793104,2.3830583113353763,1,1
393.08298248521083,3.8297176276634968,5.7110254110627725,7,2
317.9988128298641,0.24586224233481213,4.370811874108705,2,0
183.8742580898054,0.09684030582543218,3.5764476035059687,2,0
116.09049695653839,0.286002583294925,3.6454787751920845,2,0
1178.8643662303414,5.1299495850422,8.214189686720228,5,2
9830.909314496766,0.13434049208625642,1.0495849262663404,0,1
5331.531425898907,0.029150172874328004,4.180261472987382,0,1
7220.069943383156,0.05055464957972766,7.2655284450227136,1,1
7882.177154579488,0.04291391882298982,8.733973848205306,2,1
540.8418599924012,0.2596998506236428,4.025947061663925,0,0
341.77254713396275,0.28032875554795367,4.761494870737007,2,0
160.29121599774808,0.47132014262535266,1.6727337930983144,3,0
2994.1220583103227,0.15322138814363837,9.886377069870852,1,1
7217.521117477762,0.18339864410782883,2.169222166759248,0,1
1112.0367890820185,4.869286292703759,12.46319779898671,8,2
715.0305630697412,5.776881875692202,19.005414867305785,11,2
582.6922014775464,0.18167119719021974,0.5691896234900451,0,0
3532.1756565630685,0.25577144684125186,3.296404136471044,0,1
6567.523135055288,0.22132205146193196,2.202091133237516,0,1
851.0967202827461,4.880615993704999,15.196664747523513,8,2
5159.925519890772,0.16513886576331396,9.808192715366314,1,1
142.5518514034858,0.2169635219801303,4.048472897470088,2,0
9622.14855223852,0.2952685171724957,5.461631990427042,1,1
965.6812327308467,2.624852375843231,17.97064522627612,5,2
9897.967160488173,0.023454350185587735,7.0075257668062605,2,1
220.3574170599818,0.49332873825982076,2.9744705022895577,0,0
3649.974109629672,0.05750259055135776,4.194511899439411,2,1
4946.141359947732,0.2437608754376036,2.853406144097639,2,1
1079.873576487189,2.074231969471109,15.968034106482602,6,2
5631.722449936162,0.05585492454546329,2.120559743086984,1,1
972.9963854385948,2.346060022981024,18.95845710742511,6,2
1386.2194573636705,0.3213952836339709,0.04645366054285227,3,0
1496.6962576484243,1.5254407721641434,11.361698920979515,10,2
3840.9181556042404,0.2917877877325496,6.999055725620387,1,1
628.8487712778949,1.8180445090344226,6.406099639583266,7,2
138.51297114617856,0.2596207196155887,2.937630168793473,3,0
1262.158802838273,2.572127504968919,18.583908999749863,11,2
1404.0598950700776,0.13084259840087292,4.317046512381975,1,0
2858.766727807508,0.14112551278352342,3.2716431598091775,1,1
87.9197309852378,5.7763824157878485,18.909170800600048,8,2
2904.318337783276,0.23551996295396177,1.4760322687727634,0,1
9122.266966930083,0.2313817876339917,8.98646906903784,2,1
1176.63764493259,1.551920614822365,17.130321698801566,10,2
3649.7485733852327,0.23910413392234642,1.5814999606287317,2,1
746.6284266899405,2.9206785343098463,10.581744861056691,9,2
2702.31986862394,0.2672465277908289,2.985905511266742,2,1
5728.922512033694,0.2765799250630163,9.188673965120637,0,1
192.61883942393283,4.865985576769057,7.724318546149451,7,2
966.3231535494735,4.352694783542079,7.865183041950847,6,2
721.7465486298261,0.21071995554239487,3.802186301015658,2,0
326.96949715374944,2.022726889661845,11.820959016421245,11,2
1227.6552376492014,0.406802558902646,2.980454451282971,1,0
2681.3753305905266,0.031195527089795404,7.149889625844345,1,1
661.8114657931883,3.9523269322668546,17.578708313923993,5,2
616.8086105347501,5.003403695605986,14.156421111833822,11,2
1226.4214537608457,0.17645859485680682,0.8086038358217312,1,0
568.5149022755271,0.2325643228484922,0.7877038249710622,2,0
1474.572989090526,0.02513649231264453,4.651774999928916,0,0
572.2374888166464,0.4060579819703744,0.3870739777659632,3,0
429.5112001251881,3.1064390473484726,13.385603353801175,7,2
279.86733600169816,4.268863945103096,19.74526150189073,8,2
466.3836864941218,0.3393986307189403,4.6936502291357,3,0
9182.168452285572,0.20100570808298382,1.1188802405026554,2,1
51.93092148796641,0.17668258566622913,3.5975407075829597,2,0
1591.4815937719911,0.3577625586415906,2.6666329150538735,0,0
600.3065302103861,0.301646686820431,2.895840338715007,0,0
1480.0885719794653,0.4614494368763165,0.5257119856121123,2,0
492.6232908621881,0.008611900746849532,2.8914349821644953,0,0
1186.7549722299498,2.0526877562561543,8.484920179290413,8,2
376.5036461934359,0.260129229397368,0.5728450943678653,1,0
7923.7972377239075,0.18376821701331175,8.92382036346436,1,1
674.0014536039706,2.3870311755626394,12.19533067961428,5,2
1602.6533590129516,0.12259171774586042,1.4159290160198512,0,0
71.81516691210498,3.502485827870067,15.049704341229008,5,2
2895.139498128118,0.05856240587108919,0.3467978024652363,1,1
857.8099636066474,0.28261325310972846,4.41286520798689,3,0
4752.173815561141,0.11031213579874673,8.91509201891169,0,1
1030.7474902340675,2.5930880552598463,5.3452851914008335,8,2
824.0010943971811,5.1244780540170165,17.76571171762417,9,2
6932.856631473111,0.04268332534371692,1.0388391864612945,1,1
1807.3050654225951,0.37327731200773157,1.6540514341094665,2,0
6465.307710595191,0.08021794090775575,5.472951096040942,0,1
670.3159445516145,2.62348775799765,11.016398410246955,7,2
4196.685906537519,0.2283296449924163,9.53339160354113,1,1
4476.430189632969,0.19633507556703977,6.526121708195722,2,1
5116.8168392938605,0.2521688370647366,7.264928341082838,1,1
6953.854241233743,0.02346296444699426,9.640116770744093,1,1
1400.3879668086722,0.0033015923551107385,0.17260310854144478,1,0
1048.049825115835,1.5372537087738642,10.547112035985084,5,2
2730.0428103267423,0.026699959771643578,6.4034611141973565,1,1
960.39889202017,0.1470502077971666,3.4773923156800555,2,0
2763.063010756226,0.08028650991528138,1.2990152183921488,0,1
904.5131841775117,3.741365952309154,13.194705856789204,5,2
9083.53705870049,0.26392783076972526,8.022094782890633,1,1
722.2949932762899,0.2994145733993393,1.3385128151784909,2,0
1227.5650189481644,2.358392466844597,16.65824617027298,5,2
1190.9729322973485,3.849091755294448,12.489779565334725,10,2
1355.2501752978176,2.6017141927019862,5.18360113653235,10,2
5637.420672792999,0.08794071245591077,6.84122582074906,0,1
1105.2418164337273,0.4919322737588701,1.0583518735810933,2,0
1411.2546434207168,1.7936448472511732,10.900886828703776,8,2
223.16757777789732,4.399263062302264,5.803286151288533,5,2
926.1337191540307,1.5257283178288683,10.875537803836789,11,2
956.8984872966387,0.33867506135686753,0.019332860551543596,1,0
1895.8847202329396,0.15320227629248045,3.638629224550793,0,0
336.66292713353187,5.06291223203416,14.95797457788538,5,2
1424.6292471607114,4.100728129278183,7.2863738633137505,9,2
1562.1164536827384,0.44871441907952087,4.8229229330915055,3,0
1605.4821700966716,0.3579630193964174,2.349482345164536,0,0
1526.467435667874,0.2349184640809479,3.382596538263842,0,0
8655.526534957426,0.0023455180917403506,5.318053751192934,0,1
8253.786204971717,0.23346529507630212,7.766558324991246,1,1
378.4638840567886,2.3842705812966636,15.217071062911597,10,2
2562.2801777979453,0.12722385650159815,4.323698870306377,2,1
4456.178551040719,0.22264435067909058,5.391970568429416,2,1
1775.351639098756,0.17329727762060593,1.083300530618701,0,0
875.2673030517167,0.4609162157176464,1.1989291523109868,0,0
1409.0953748178097,5.324597441150666,8.257084854725676,6,2
6894.959833970709,0.2315948666959216,3.078892760873785,0,1
1682.8407976050214,0.32966064436916576,1.991629458048516,0,0
434.653110033724,5.520038234069694,6.497346274789798,7,2
5094.536640080468,0.2520992607605012,7.011367790011283,2,1
4976.5457812226305,0.2174726728126074,0.67958143779702,1,1
262.44861353528216,0.3683876087641473,1.7938366028746355,1,0
6864.260375158945,0.16939876440331333,4.013040843878071,0,1
1365.4377338408972,5.544795263931624,16.664223846417162,9,2
184.1900604021419,2.689662653942031,19.84993975162849,6,2
9461.699119373006,0.2349317165867172,3.1754011180967145,0,1
609.9291018081958,0.19058269781810672,4.700128992322806,0,0
8370.371809942428,0.04474213652623007,6.870887224190656,0,1
1753.691364689829,0.22842931294967933,0.07887608050075767,3,0
8156.391391560422,0.07608401228250498,9.65697355079146,0,1
591.7636213849837,5.666916496256773,16.320904752333526,9,2
689.6724651753483,0.15255439615404448,3.5865805498164494,1,0
7817.067175838722,0.09346410093297904,9.956335693111987,0,1
159.73967090554265,1.9861675112792876,11.495321975284128,8,2
216.23964676998918,3.8478834988183968,11.558295107974889,7,2
1053.5112719508397,0.03249289880340028,0.2980433619782147,0,0
144.44893759146106,0.07451305691748272,1.8476118503997718,2,0
8584.983090474572,0.2510872031197482,0.3460120879620865,1,1
4314.883676092372,0.13826740826057438,6.5766099148213915,0,1
8005.805558256705,0.29268989851651467,3.579561618948357,2,1
7163.222952865031,0.16624261831626813,3.755986515641012,2,1
1682.9097990269856,0.03624631134363682,1.6820403360734275,0,0
536.9339556181658,0.010726509561051256,3.772538173554025,3,0
435.4171786832575,0.14735416725144607,3.0475558571123877,1,0
454.21898472506064,0.4769543127675746,2.9356088848866198,2,0
1107.5259819482287,5.661031823072377,17.77924738661969,10,2
1082.2186241064205,2.5658954060643446,12.9442769397077,8,2
387.36146283117705,3.5513143889649323,7.555472484833048,6,2
560.3960533267949,0.4252134422821737,0.18279792431664388,2,0
1129.0242539585563,0.3198914918881304,3.525941090396189,0,0
426.98790154459977,4.412208023713207,19.818843692909173,8,2
1359.04342917117,0.04420405258258331,4.352202110520451,0,0
9910.054633876998,0.14979168224306344,1.7544880688377795,1,1
8893.882164559524,0.09950402173833563,3.6198794928754463,2,1
3.2995761842448124,3.5917069312552856,5.665792771594061,6,2
6926.54607406177,0.00882016889833258,3.778663404795303,0,1
341.031546759303,0.10210364802143534,3.7492055577586325,1,0
8648.774294848074,0.16679410594948188,3.8540468887898816,1,1
736.4180944224684,3.4393914464383077,15.195036640493717,6,2
390.43714154879063,0.4306210735805507,0.03487730020635793,2,0
996.8675999491622,0.3745919000368317,3.5884101693351216,2,0
7111.6683803055275,0.10593530972426106,6.977909520979136,0,1
1361.3002435584176,0.14844209007070275,0.11852385257416498,3,0
1238.0365707952624,4.097056798271741,5.305901631187807,9,2
89.22031626144533,0.38095859433284396,1.9338641843932491,2,0
339.8199964800759,0.4377067542745581,3.928278212281884,2,0
783.561938221194,0.03626317179136396,2.6423532399340037,0,0
249.2572088328322,1.5306712447827604,15.414924886416408,11,2
1156.1991487564921,4.187038454966167,18.233240510325047,10,2
1296.0148561129156,0.4727851404097352,1.1637086218592114,2,0
2897.041609262182,0.08434370623398495,8.919301110734484,1,1
1052.6385418015493,0.38452303925781456,2.0629827480016467,2,0
1266.2666689439823,2.031876740560398,14.692079842776224,11,2
1770.0003531624257,0.15247368862087052,2.9031470239137724,1,0
3165.0773166200556,0.1372921284666544,5.157761403539029,1,1
303.82367571374715,0.37141374161343244,4.18006246985993,1,0
2809.863653768264,0.2361739094841131,1.0733763118129214,2,1
366.12221549707857,3.4672970256080826,18.270620187673646,8,2
776.5044209993378,2.2630437387753357,12.304278235575374,8,2
534.0159684420306,2.7049661692019313,7.020388372490125,7,2
1140.5482149257887,4.547502765832332,15.395331476911982,5,2
1393.7238455622175,0.09115366334478209,1.1807918784863385,2,0
1477.8522655866543,5.842733226804879,7.507072694425204,5,2
1063.9655025282034,2.5548608765471275,15.79017069439853,7,2
1970.7239174746114,0.30501701607909154,3.213562248241953,1,0
1231.5109813610406,0.37652068142877065,1.7664460957291976,3,0
1785.3616505873688,0.1422267979441369,1.6880002948532713,2,0
856.7331222498213,0.27118267263648066,2.135769581529534,3,0
9793.003031940574,0.14806754626184948,9.140889306184075,2,1
349.64978228564104,0.09568638582463196,2.017910686682143,2,0
5737.6405629618675,0.17003883259450842,4.149743107466987,2,1
1633.410971033912,0.3999792954516488,0.8176435599261944,2,0
7667.486898302845,0.19448963098148556,0.5539545371836085,0,1
926.1478182819893,3.8190242883269976,11.992580278341205,7,2
6501.046826563466,0.2861345728274215,1.3294935748585224,0,1
6283.3242884030615,0.07743581196800876,1.3952103852339004,0,1
905.6297618837303,0.08065384156655692,2.5392317212505144,0,0
3767.1991970396143,0.0016531810516853484,2.076680586595252,1,1
3349.021761288199,0.14109302755203795,8.325980020024165,2,1
472.75239693060223,3.1315514726220997,9.07690586629744,8,2
119.21730461192293,0.141415916527181,2.937697035584421,1,0
1374.9177522263456,4.259945780540988,7.066940613036392,8,2
65.68780819548859,0.08197180682130217,0.27493253886058444,3,0
269.82245201129007,4.105711135300716,8.034823541936266,10,2
1297.240979005302,4.807882883131794,17.28987331862949,7,2
887.9531511995771,2.5215997795327256,11.059463826932888,9,2
986.2054005154108,0.2546148260049781,1.193733614258835,2,0
50.60240141455213,2.8488569954042173,8.715275468840563,6,2
9926.112448973996,0.16068993456537725,3.2858464381286656,1,1
1331.4222621589,0.402419605347442,2.1971072279296937,0,0
1241.283268518399,5.171442736150038,10.903697780909006,11,2
1581.3636329053677,0.35839732752645637,0.1284760739056523,2,0
51.67835989849823,4.5236650167761505,18.482901100606497,8,2
1237.4475710596093,4.541331823315229,6.793029313702579,6,2
293.2385455880702,4.070420251128379,19.04788770166303,5,2
3374.067290168242,0.25328340186839593,3.126932618740861,1,1
1615.6564499895305,0.36552289780846786,4.0367146929425,2,0
1963.375067188072,0.07512363296225871,1.7411629828859265,0,0
9847.347698575697,0.15073866239953435,3.4898076725603557,1,1
1394.899243319037,3.2091634842840393,11.64205780407887,5,2
970.0961332496678,0.21111997603782007,0.6350204916172053,3,0
8785.147982225302,0.14387209580192842,6.035313682470015,2,1
306.6888540499955,0.2307960084017197,0.09575050857801082,0,0
1262.5556781594905,2.8378463185477494,9.325905261134436,8,2
593.3956501969295,4.508345831067155,14.436259445347194,7,2
1913.5344419717533,0.042825399606013836,2.717862234474863,3,0
1606.4704422170407,0.49450570841008645,3.8845929923681117,3,0
361.77091663499584,0.35836390831177933,1.4554932806163023,2,0
683.8556389749614,3.784941951039547,6.455479827285226,10,2
474.5444473041734,5.413590675803009,11.571346798897334,8,2
8814.83912329739,0.29342068212709077,6.2458706038868765,1,1
975.7977045637406,1.8070652542993504,14.088195610231903,10,2
5023.923938152791,0.08926105613211709,3.9495025519397164,2,1
1236.6183401478486,0.17647931306399833,1.6450708724884517,3,0
750.3300268018514,4.5411577552221605,9.700035989799133,5,2
9678.700068769878,0.03162384511642358,3.842920112093424,2,1
1251.824065465506,0.3358471515581862,1.9861439695130283,3,0
611.0716378305912,0.40348435621413675,1.2542698519954971,3,0
375.64442667616964,2.6713007858453213,16.595841408081938,7,2
523.9102907061971,5.386358531800053,7.590066116763459,10,2
1089.687626412075,1.5066745489690692,14.88102649750721,11,2
996.9441580744101,0.05728673434896997,0.6386223085081699,3,0
4101.170035975956,0.05197146194231837,0.5067997828879256,0,1
1450.8486057922644,0.07489952429188745,3.2875544502396137,1,0
7287.917470728516,0.10616197564996735,9.181631240135298,0,1
1224.3944103665388,0.300384082035427,3.1162839394926563,2,0
1483.8087823290334,5.152241938977361,17.184083250223242,10,2
4722.829774732656,0.18670122456334065,0.5506231692066343,0,1
312.07530325651334,0.4824180958521108,1.1530076654384254,1,0
4593.884959907489,0.29921026186805977,9.032489664024437,1,1
1192.8129731578438,0.35167968488804524,1.187554916251567,3,0
619.1142452403649,0.15452800892304192,2.4099131312708204,0,0
2638.8137826001343,0.05323977910470444,7.247021881604262,1,1
757.9385600244422,0.07705265263998246,4.766728947218296,3,0
151.87688619203632,0.4892637755667068,2.372746202504688,0,0
208.82422611744377,3.4534359515305217,9.274724255696924,6,2
666.769061109477,0.1482439968864928,4.46815141706262,2,0
1501.0603912478184,0.35534729467467985,4.003822193255648,0,0
1457.6649572656834,1.892044075484645,18.60931707175743,9,2
8230.005453844018,0.0499465708135848,5.585744568574729,2,1
9786.86450779218,0.004486216645994356,0.5073705978749954,2,1
6778.150206435761,0.03432348913667953,9.844181863708823,2,1
1410.2634867498077,0.18800977676019404,3.2994647396779406,3,0
424.79078176288886,5.2348514512430855,17.016334649342788,7,2
1162.8414169821224,0.46624384720924167,0.2782659914737956,3,0
1331.215371356316,0.20551621946988013,3.5801407200282656,0,0
741.212565072996,0.3389862738809589,1.807285324605377,2,0
4563.636445378857,0.06629114520416612,2.5314413452728424,2,1
285.67030016301527,1.9903936028458125,14.004365273095777,6,2
1470.148872226678,0.21979717756169975,2.413329564690774,0,0
295.06270291343094,5.1334455534099215,11.4171098263942,11,2
9028.080588668172,0.07584073889629313,7.253245727488249,2,1
220.85442900754848,0.3129593120957783,1.2053126552688824,1,0
1188.2150438600083,3.506714839591034,8.129903720082787,5,2
8478.478680542386,0.053838475730312065,1.1342203943963103,2,1
559.6774926856699,3.9381410600012146,16.43314553534276,11,2
696.2325764215184,3.845601139983002,7.830546229264057,5,2
861.8528406157649,0.06767951761874325,0.9366439967515583,3,0
775.602162188815,0.04272066083817,3.6164571102799536,2,0
7503.651697098196,0.15877349965339319,8.200283967849396,0,1
1114.8781378167826,3.3319794250957804,9.08296585900683,9,2
472.38425652135874,0.2803031418254903,3.617198380264802,3,0
1935.0747772126822,0.17635165277549741,0.6454487229131328,1,0
1238.6656401099901,0.05192296869668206,3.920160959997821,1,0
1089.705284194399,0.08668227066742151,3.3976272778146015,1,0
745.308108477698,0.48250667074797515,4.327401037393196,0,0
559.9405373802941,0.09648099334758198,0.5707950800604789,2,0
601.9087075539253,0.04800631733015637,2.2512804847859087,2,0
829.8422547791257,3.738418104020722,15.852547594986993,7,2
502.28002720451366,4.6659188550529755,8.470703833284496,5,2
5925.390758621492,0.007168500112707976,1.7885264316183436,0,1
126.49513406686746,2.7531461002361546,14.89235537692473,7,2
6037.873773479389,0.06682872955518801,1.7176300980227366,0,1
5389.632918711152,0.16853058007065047,5.912205640988689,2,1
3298.2715407229407,0.29175362589577825,3.1620471017261176,1,1
668.6172041160384,0.008045029622040567,4.2532632199364375,3,0
37.32487776568488,2.5210295518864934,6.702370930120182,11,2
578.7179438561783,4.619790604267429,5.584351177499619,5,2
432.5441162083719,4.625610711972393,13.245991649363125,11,2
3656.0794563681366,0.18705415275541223,4.260756026019596,0,1
8379.271468673023,0.025393083470391018,4.6057445588652834,1,1
1175.3913817795142,0.04750371009539989,2.885205606517987,0,0
1431.4388530171561,4.504275014983042,8.73345997493799,8,2
674.9479644151213,1.7856580407743647,8.631367151748245,8,2
1775.3723112130617,0.018563213805202206,4.270858950459666,0,0
361.6805864997593,4.493425021750824,7.895012605987452,10,2
67.76259177806243,0.3026646968712752,2.374571100171609,3,0
1373.6715354306707,2.855183285729911,9.530708776750387,8,2
3490.1799730055986,0.1790521598205501,4.680187058199047,2,1
737.9918988726008,0.29663420274660685,4.917761140199172,0,0
3773.970270900774,0.13196979990663643,9.427438654665949,2,1
1303.7192735492204,0.4302603613997614,1.909565301256202,1,0
954.7615570979741,3.036159710933525,9.365233454567552,10,2
125.01587031410332,0.4736778479163496,2.6717123635053417,2,0
675.8060062400131,3.767930337617857,19.166210810394546,6,2
6570.109326075509,0.08075036222678462,7.569827913668026,2,1
254.34567536330422,5.253110898986057,9.471312982926648,6,2
105.6050646403055,2.8705369966834664,16.956759263616295,10,2
570.4060432299838,0.16424067994915215,1.5874962411315685,2,0
1567.5482876539254,0.2777027616532328,2.2769898032806775,1,0
1061.1790915479125,0.1741652451579313,4.0330326561087855,3,0
4109.5183172711095,0.28293314749207643,4.772885933550105,1,1
1578.7456683469693,0.3479891372427981,2.621505920710879,0,0
232.01513542517716,0.4345728030661049,3.437878874342226,0,0
6911.910402258623,0.20608739533126008,9.30686728762555,1,1
296.584996093187,0.2668026784074185,0.34798392411550805,0,0
169.09124043900303,0.47811982977413153,3.354351070337894,1,0
109.12300927924623,5.522175199883788,19.57829366033777,7,2
993.7703315909596,0.13023626005399752,2.014075508443145,2,0
9221.852235727336,0.18558551598123033,4.009163874078247,2,1
1122.3244596006507,0.4600638823932895,4.649996620965988,1,0
1404.5258100002786,0.0794282026383864,1.6389108993526824,3,0
4035.052453742361,0.2785658142421694,8.734757601935522,0,1
1335.0497953406743,2.098503365593795,12.462801744389196,10,2
1029.831412329305,3.1440435779507196,5.860316436211013,8,2
1923.7893965244812,0.2507751629113605,0.4829856026041185,3,0
9946.747365322,0.026946426853017867,0.22780165636209326,0,1
781.6376107390311,0.4867048123938284,4.709669759504684,2,0
1428.0234784677732,0.46294817551067785,1.824544214934047,3,0
1671.9883229644577,0.06557759683529946,4.1975421593069475,0,0
1145.7321284225388,1.814398672180452,11.512803219802155,7,2
461.4742195437607,0.2500790655166118,0.35917000722013204,3,0
1293.9360839439469,2.17803306203545,19.825287055926694,8,2
3612.11356478,0.05589479425546796,2.0027276680398676,2,1
1438.9103857643668,0.2582169388716015,3.113019190893644,3,0
894.5991072947951,1.6104300204831756,16.90990296660962,9,2
3205.6623882417034,0.046622716322594744,7.184480241608975,0,1
5898.937976134026,0.02085222869614034,8.498989775027145,2,1
6360.24153759818,0.2299300161114809,0.9370829649967438,2,1
297.91699707200536,5.824732987010559,14.68501192984579,11,2
586.0343856393124,0.32180303661645826,3.4381486690973597,1,0
1144.6931750708834,3.7941033088161067,13.853844999637484,10,2
1258.2199733117625,1.5173001334781984,5.850350668697369,8,2
478.69250383025064,3.2529539554604465,12.537851344914895,11,2
1257.2266004324244,1.7933563397520071,18.52774845235016,8,2
1036.3455559645467,5.221330664906154,18.854991364892236,7,2
1054.7500096473364,0.21909660891194993,2.4025661844830837,1,0
8389.126167461973,0.14442746870440082,5.556097165702542,2,1
1433.5861810806368,0.060745297497813655,1.141203092028058,3,0
535.6029622142117,0.257593754044436,2.542919688966429,1,0
192.02371354336694,2.093684462249678,18.911050491645824,7,2
1128.9278139167845,1.9021980635837472,5.33365418818922,7,2
1358.0253460118672,3.9612501340605206,18.250080690376336,8,2
603.4107050491601,0.22206883475995376,0.6368711019846013,0,0
1879.1156668926071,0.44484927746450614,2.055946799926315,3,0
5952.8259903354,0.02348208108580536,1.1465797102827946,1,1
774.4383049386863,0.17801359416694407,1.1363720173325658,0,0
171.30392843752256,5.547947359653761,16.08757872309804,9,2
794.577070840388,3.286330993376709,5.97147542610146,9,2
1189.8857263886507,4.633976739488302,5.546579748884829,7,2
794.2240159721504,1.9960219118283682,12.805700191684679,11,2
1341.9229093602949,0.0863460829186577,4.773530019591721,2,0
6515.685425345178,0.0060484564642621415,9.156810291306702,2,1
1283.6480584834203,2.603429468649625,18.467211486665988,6,2
1038.6224569935187,1.9336048140263995,10.671675792188637,8,2
9717.71087772288,0.010915128116942752,7.350653016906295,2,1
7850.593881113171,0.050126033401212876,2.6726449420285494,0,1
910.1109000409,0.43004662684146017,3.789518502360734,0,0
1315.899343986845,0.33433886711499233,1.1049772368388222,1,0
564.7946280817953,0.4799068942127611,3.774078804616934,0,0
235.8853976542914,0.44668630934337045,3.3903948011962397,2,0
1125.1011809610818,2.6687527715035304,17.13763030335481,11,2
392.45948081271086,0.30035042420303,1.2245881884931942,0,0
6830.565580456431,0.05817855848494826,6.254658626374177,1,1
2908.6090184504797,0.19314269295917183,3.389541367775677,2,1
3082.609393162945,0.03914414931002042,3.7052673763487363,2,1
3226.316413752956,0.04857241363129331,3.6175900319210355,1,1
767.5137290855594,0.11067041531558891,4.457423237520445,3,0
3742.1041839846685,0.18376603621483736,9.241973582296415,1,1
230.75195618187954,2.4627400391908867,10.570814940388725,11,2
4353.199869316211,0.2104839165605372,4.736097852074968,0,1
990.1975810684953,5.8568678254040805,19.17951947935564,11,2
7955.0669173256465,0.14139426173223513,9.898941209069665,1,1
950.7575026129166,4.985515882424716,5.986828804121981,9,2
1376.823860465879,3.9424750439033214,8.404443954418372,11,2
169.0363522286858,1.646234090215059,5.918623899531472,8,2
3076.4102697547464,0.18648557697453053,3.6166701632141605,1,1
2973.8102742088677,0.18615885065782228,6.0901722665700175,0,1
1497.4339837867517,0.07891638062020973,3.779658303950465,2,0
479.6303714948322,0.4610394320187158,4.486086727124451,1,0
595.9039741250123,0.022067441901560514,3.7848851185454,0,0
660.7219635563054,0.3363506461279649,4.739438252012816,3,0
498.1896990902191,1.6222809586564715,7.405117900416105,8,2
332.8748486326375,1.8125229238650666,15.804387109172051,6,2
394.73384440352754,1.5950685697394924,12.504717334134213,6,2
7909.106704296791,0.07686664934129926,8.967601172501665,2,1
6663.829575325801,0.10740444478552187,2.2119280596398747,2,1
7894.864334042698,0.1213714777041754,3.2694125427532272,0,1
624.4451330632812,0.3019494073678763,1.0272132258485667,3,0
1661.7410794680338,0.04049202584960876,0.2803992862054733,2,0
30.64022857359444,1.6576734944600935,12.52033520412033,6,2
394.1985326749624,2.768695298003307,14.554052158083199,7,2
1332.9283499343744,0.2582017896888076,4.930039538585134,0,0
785.4478107992954,0.19666105477732082,2.6198374942980065,1,0
998.1928794369255,0.4738809878688843,3.9684113086260835,3,0
971.2769315633846,2.0847922910780494,16.375414874000477,8,2
1193.5438412310525,0.37996463888654497,3.56205393589762,0,0
9852.148991930084,0.16391137390746482,0.19709361002206438,0,1
149.17725558352768,2.6702803019311956,7.22020122255191,9,2
885.0548334487343,1.5192877210750622,15.939997518087225,11,2
8976.450521264767,0.27928271269368227,3.96433389957054,1,1
165.8722303771573,2.423740532224879,8.444080525372243,9,2
5350.1464497352645,0.18251815910910352,7.937189846771697,0,1
163.49363918733073,0.08815694624675835,3.532100057285053,3,0
545.565580934863,5.193375678950833,17.95215103864097,10,2
508.93956557599205,0.14541271485098906,0.37255019558564306,2,0
427.68617708199497,4.333782761045507,10.85370217299609,6,2
9026.446204250195,0.2009484832719726,7.6878613483912215,1,1
984.3219909355442,1.9189126434113395,18.345603028612736,9,2
1510.1354806260529,0.0713444298721097,1.112492937144069,2,0
957.0782441078032,4.262292437888695,5.077516631917502,6,2
3938.4836401794637,0.1500203587457484,5.9052977506987006,2,1
1153.672583253625,2.2047760438080877,7.549482466679054,7,2
9619.554532559298,0.2857896864305255,2.2892628280290364,2,1
1046.9223089123384,0.2782274878375516,4.369653330824607,2,0
4446.798968220371,0.12450657158762178,9.823793272781927,1,1
945.8298584292053,0.43928434599251526,0.7017460142266574,0,0
764.9980137810369,2.7486252862337794,16.89537746974562,8,2
5315.108866364577,0.00743546600626509,4.910675573817564,0,1
5040.18971641957,0.2564880324018063,6.686298882602379,0,1
612.4397164569186,5.2023654029272794,6.203242391310303,7,2
150.90479449293005,2.69264690381285,11.346607742974305,5,2
1525.4074283337898,0.18043555709707942,3.2117695891110225,3,0
3301.0064091536547,0.2725042616217822,5.407881775349839,2,1
5938.570795423444,0.094211682670231,2.7084462455363303,1,1
562.9699893595557,0.04446520318165209,3.0548451112784294,1,0
9585.794279646369,0.2532827315959642,5.113757332286983,2,1
3472.338856108941,0.09115214271953721,3.878447812432234,2,1
1759.560157501915,0.10745066797265468,2.916079825335985,3,0
8176.22906461675,0.19053864734824424,5.472149901139305,0,1
1545.7387932294196,0.4162068628127667,4.645936626727401,0,0
347.42895929549445,0.49667744218585747,1.0496795081227646,2,0
29.45439672648198,0.4141623161284973,3.533563537073268,2,0
2689.090081270144,0.16715841248498312,4.396871397714116,1,1
5566.968555779908,0.12704625723445934,5.510073116239972,1,1
9038.857920329105,0.1545172052785583,8.797044752042744,2,1
1004.1037401345556,5.13158686174327,11.962905649412033,8,2
593.9202445578094,0.1045783011016459,2.5581946466761045,0,0
4339.448124682733,0.01320496614743063,0.6587322887056712,0,1
469.30480482470205,4.412935708218956,11.956437540767487,10,2
707.5686065756574,0.4428142600362409,3.6666580681837884,1,0
7985.137788803184,0.22012496769833506,6.368216309766199,0,1
1316.1568129476902,0.3169580348396813,1.0939767422115039,2,0
1490.1274878180384,2.978901054328652,5.13722104897408,9,2
667.9487695601209,0.12008328757680065,3.6900757437651457,0,0
766.605569156877,0.3832185029835636,0.2948515678835528,2,0
321.24894005654727,0.13875505098091134,0.9643895025821247,2,0
7721.927159617398,0.2260997276456679,6.882939804966305,2,1
1979.6578423380715,0.07479323245083225,2.417213301068879,0,0
1941.3133618734728,0.3914478490910542,0.5439505857007815,0,0
699.9068269619685,4.790686730138397,18.20983527540259,10,2
1789.65214900382,0.10201903684759717,1.9133729706831422,2,0
86.13920749299459,5.540872586837769,14.32933943054477,11,2
762.7082627926324,4.491689188830096,16.409351202397065,5,2
6841.047171434334,0.184185200559486,9.456298926293393,2,1
1013.9230589646331,3.7571134423107124,5.706315325906584,8,2
1980.197730137296,0.49923946078210774,0.126796482779285,2,0
953.1389274771964,0.1677079644262618,2.664238391566158,1,0
348.4769321222626,3.411341492810948,7.5108878185948065,9,2
1098.3011513477772,0.1508010301251606,0.4448895585878898,3,0
1434.3715544935512,4.9343181739815325,5.359109937071543,5,2
1281.2928669089708,0.36646233905803616,2.717538381059171,1,0
3982.3495906634093,0.024866291934191685,0.4290538857456705,1,1
309.2946856254217,0.20918803196672836,0.5594393482301263,1,0
7397.018778175365,0.20340273736084183,0.38558153224903635,2,1
4161.593163867905,0.046151756592961966,2.3298944165087585,2,1
1082.5073590082914,4.107759879008983,19.55594038569441,5,2
263.08546287492817,0.15629425335587138,4.5271470956174955,0,0
1392.2382889724113,0.19440850419156946,1.064043245117846,0,0
1228.3815743033051,3.6463212194815635,11.57091601448975,10,2
698.6507863936778,0.09617735021914764,4.343149747033024,3,0
868.6592885245275,0.17893733186536026,2.8874756822472825,1,0
4276.914068053949,0.10226652921509667,2.2083912287488072,0,1
1580.836899158598,0.4761288061139498,4.600019627867923,1,0
418.33028033057127,0.2057718724413436,3.495430223919029,2,0
677.3875287861392,3.211617325463979,14.074812180850339,10,2
802.950053240721,2.901089866366003,18.90471924934078,6,2
9541.140427063683,0.12079832909470092,3.5508729827607013,2,1
9348.283227912472,0.11987442008796619,4.7827146236605405,2,1
119.48645377145684,0.08903991627831465,2.5978630927452624,0,0
506.26421141895264,0.3892562377908877,1.8239763404022051,3,0
1351.4079857164083,3.7061076169408205,15.526319494737304,8,2
748.5376167829783,0.19870297879767712,2.332097173642876,1,0
1061.4996891657338,4.986496593358023,16.887001752549047,7,2
1340.0142814047867,0.09687288971470553,3.050445702166338,0,0
1361.7857527849562,3.9306271118846343,13.151268265378194,7,2
7527.446917652529,0.06318991972626581,9.562948709182331,0,1
941.6517061932424,0.2178304495231262,0.7010884658865585,0,0
76.30679116085409,2.949603877765407,18.321295500877774,8,2
645.6473406936123,2.3381194363281637,12.818736434590708,11,2
1281.4249122532747,2.34625952203547,9.423017155930184,9,2
1125.6816312753147,4.335342643843268,14.687381648674396,8,2
9490.552185545024,0.2603918582379676,1.8355166849561755,0,1
5610.043393602078,0.035598568619362225,9.197721095615783,1,1
651.6663205801528,4.695985792023295,6.518913149636276,6,2
7489.234567003763,0.24447155822775818,0.7855260158455701,0,1
5779.060521182864,0.1301378242704324,1.9839202902164255,2,1
1143.8116449130926,5.986708230980171,6.07363657234662,11,2
1039.4235267831616,3.8538954467317454,14.374640002449127,10,2
422.5518691082283,2.3878785589972993,18.21738019211812,11,2
7510.969933222847,0.1414666761207586,0.7893546866780321,1,1
8087.256287405082,0.2794998622666568,0.47917008361572644,1,1
880.7646754226623,1.7104740615387763,17.15437781994903,6,2
8865.597867659297,0.11881564042463212,6.226249119684059,0,1
3770.592462061772,0.2282465944261452,8.358849324553008,0,1
857.0491125861664,5.308870018936187,5.2184559845752805,10,2
4808.0419422682135,0.11207606411380468,1.6392656376631642,2,1
3326.213426438783,0.11835110639147578,4.622234640133412,0,1
1395.9322702743448,5.038438845607757,15.986181604808035,9,2
7171.950525268166,0.10241619988048752,8.497768781383106,1,1
26.91559170364821,2.420189713697676,13.382574111545848,11,2
904.8412842658687,1.9281681815278684,6.398382854663545,7,2
1261.1709427457254,1.6232394631242233,16.280935097859015,6,2
1236.4833328299803,3.6065556408229322,16.285843482596086,6,2
910.2677053393115,0.30277534825118635,0.0018807923900071577,3,0
2855.8734367363163,0.12302228372983408,0.43148489502035425,0,1
2828.413556713931,0.21014015944330788,6.509489278941829,2,1
1247.1997905223138,1.9581742111661278,5.093642432442377,5,2
22.572493103702296,3.960463815996091,15.265068628432626,7,2
1938.5875728427263,0.45351015940599587,2.9545830905752473,2,0
7355.921381335672,0.2914819520729079,2.8606107905820477,0,1
7615.937234102093,0.15555532885521936,6.855798004102071,0,1
833.6961624634806,0.15202608889868263,3.8717477797221385,3,0
12.13257798770595,0.12625447767346692,4.827550307315447,3,0
1000.8657448785884,0.4301978577169439,2.3567713734416955,3,0
1420.3383630973935,3.894348117403453,17.860354636023864,10,2
4066.249591484884,0.010074407963412302,4.300260764312551,1,1
167.42481936673136,3.4485015773629626,8.789353801659876,11,2
456.8380504628109,0.10779445479341537,4.41019106341937,3,0
5529.101027521176,0.12552034073843873,3.772841051408516,0,1
467.5784712701638,3.3702505559872096,13.302404148095764,8,2
6683.159185562106,0.04173697132695501,6.748136621467991,2,1
7895.107346069246,0.23556644556907924,5.7691008983726935,1,1
543.4912796295267,4.45139425915888,7.453131051935908,9,2
1617.0888713479735,0.15090700012357833,4.782420614296499,0,0
7164.852636710355,0.2620560072956972,4.236723547056274,0,1
1456.3104539899628,5.307244362789598,13.328052380707472,11,2
1020.5884844315578,2.218399977114348,9.66355508070347,10,2
1467.6222240897944,0.23012141286218463,0.08997311533460117,1,0
5612.8326824731075,0.17774450506320935,7.889280681630098,0,1
997.9713792626065,2.5830936609105537,6.090798580242905,5,2
4822.8929412461575,0.17783767146287405,5.838013151765441,1,1
240.26189737784125,4.320692029330854,13.051499328592222,5,2
916.7841363943259,5.671909781675356,9.059332166879333,5,2
147.67896899383558,0.41907942970962986,3.684940327345471,2,0
1830.541549809382,0.29739998989415783,4.150834898421636,1,0
104.73018472131423,0.337959473264194,4.497394981291483,2,0
271.4179796366746,5.014734021711981,7.154086896440564,10,2
9862.263699748504,0.27591208759765334,7.769280949427189,2,1
907.1812987847308,4.888226583810044,19.216534353850413,10,2
1321.3775440387346,0.05505089800470897,1.873193346346571,1,0
1907.7863838886221,0.20996456465104518,4.781270095316838,0,0
690.0271509276008,5.8210567674254685,6.48681045306331,8,2
108.51565034213229,5.009555095824059,9.218532198848703,11,2
846.802741325341,0.1422990158634601,2.389581469257215,3,0
1296.3555411436305,4.0010053055239485,5.229964597112903,10,2
8658.541455557393,0.29337533936921173,4.072142384195362,1,1
4527.075040144422,0.10996825631715307,3.8512262432147457,1,1
687.0088055073038,0.16629874735127537,3.6780919206541984,2,0
8869.132657624163,0.07845821948484627,4.85365091867549,2,1
1305.6428532347988,3.638251186204564,9.455682093098307,7,2
3536.6325968743668,0.20415712444141865,4.047061503544612,1,1
1196.5307202381466,0.1950270488037088,3.4360082166154355,1,0
1352.364828009353,0.49672395540955594,1.9464085315646078,2,0
1209.6582563628995,5.181526193478328,16.87589657056693,10,2
548.06628748904,5.297837407369702,5.789931774661896,7,2
183.79745046265634,1.8992071775708155,7.300280935885368,7,2
438.29088887361735,3.738388016945623,16.793490935140632,8,2
1328.8769046464893,2.802850285962422,11.02314304009549,9,2
5735.1790582052545,0.2741158757027024,4.971208256646165,2,1
1068.9523384241597,3.4264538204264126,8.663231057537866,9,2
381.48401253375675,2.4201899215789657,12.227979640423612,10,2
6481.547400388494,0.15917719299528996,8.588407803797889,2,1
1705.1889729664051,0.21902870094148424,3.1951260623446824,2,0
958.2887450095393,3.824462156137682,16.533447956385924,11,2
9943.14488389284,0.2172153868548888,4.006657391241019,1,1
1385.8278967215012,4.144120271020995,17.638155497724632,9,2
1162.1896894678696,2.055483503154288,17.344939753137837,9,2
1039.10861379758,0.17943833303129686,1.1698729407704955,2,0
5205.9962394247,0.12927786084607068,3.012188259098003,2,1
639.152846138434,5.058946199101034,13.648783426435532,8,2
1212.6002032782608,0.4375844386297252,4.207497018230523,1,0
4111.011620905624,0.1671928527172495,8.528268490791094,2,1
1632.7156075434543,0.01599424602513294,1.742347605863156,1,0
8606.850439933543,0.064907700248716,4.431174537085126,1,1
3782.755221356162,0.029070716441956156,6.889183193041756,0,1
853.9574029872005,3.593706925952963,9.743554345198326,6,2
7594.442563173378,0.05271285298278487,1.0313691007824577,2,1
1758.2071454130041,0.26158672428863106,4.608190555473565,2,0
5138.382814860636,0.11066580073669625,5.809969367039681,2,1
1868.6099176731418,0.34855468383910937,2.95230279235514,3,0
1109.2752717144372,2.097607367464144,18.54333928367939,10,2
1077.7058568463028,0.27494870277958705,1.6773285000645655,3,0
1953.0449464954709,0.4675084167648025,1.3827709160437744,0,0
1357.497171129972,0.3226657673964904,4.894235671360018,1,0
8823.714087952469,0.1381687339543048,3.012568245207291,0,1
3093.1950197231326,0.21864485246632467,5.017408743948669,2,1
1405.4115189440338,5.436903044733629,17.410025565516463,6,2
77.80666095352173,0.07223344615468902,2.8250302080340117,2,0
889.6044205250413,2.6467962643956455,8.160577446053132,8,2
784.0057034985088,2.4347385528385592,12.475123370303223,5,2
2685.446632575386,0.28067615731001877,1.6209204204757999,0,1
3311.750766702594,0.058305102655524084,3.343203907737803,0,1
636.9531327208222,0.15260443414420782,1.9663762231852933,2,0
5848.879626175663,0.07409543965218691,5.3780973212677115,0,1
9168.393989280077,0.017295591334153638,8.217998901519527,0,1
1442.0900378796962,0.09490537107936137,3.1493088574524837,1,0
20.95852199062587,0.14895187815118716,1.9042910848136074,1,0
362.2019737426183,0.4401198271478389,4.926334254682621,3,0
1093.1584133681633,0.10920183665553362,4.890670880771073,2,0
1301.7464760112002,0.2062354090297035,2.079377738054174,2,0
7382.420605953779,0.027782345052776436,2.8833060217345086,2,1
638.3904992557781,0.3668491343640357,2.8263932256425415,1,0
3135.9127616033825,0.24119809560681477,7.362507358843791,2,1
1257.0934795825947,0.44027968306427734,2.7648760925579285,0,0
162.53522815501876,0.09927241084343785,1.048379937101727,3,0
5966.2614561674545,0.0655022247680789,7.329880415948047,2,1
8542.067531713947,0.1519917244821233,5.677665675849166,1,1
545.7803048194564,2.2545654204630514,6.115040264259159,9,2
8447.604050490274,0.11040163468245469,5.623127247582371,0,1
8510.907641137528,0.2965381703072564,4.9090370134043155,1,1
789.0545851572026,0.49498013834358184,3.8490086671427615,0,0
8717.477993694665,0.18882318721689478,1.0918275285602275,2,1
4858.509657836143,0.2576492454042878,1.1417764268467778,0,1
8678.114227180384,0.14771561280496476,2.1738121260779586,1,1
2578.3180932012683,0.20951468438912277,6.117019295757445,1,1
5019.896930210688,0.05192206432563238,5.587352187338622,1,1
914.606234397182,3.7736666592063166,16.414106041367678,11,2
7765.400085972196,0.034521386508407415,4.784123532503875,2,1
1741.5974632381674,0.29048136312413536,4.826226255060729,0,0
1037.5276002756798,3.4558044068761586,8.845875699926548,11,2
5724.1756187679875,0.27276162741103865,8.279260558481903,2,1
2577.9518522702024,0.05086841402180146,1.9039149216351037,1,1
9685.54944718314,0.16944226757165068,0.15773809456280485,2,1
1465.3075073413052,1.7701197871801828,19.07755767173584,8,2
7933.271970150976,0.18350329578242508,6.7168925353927476,2,1
360.25351310307957,1.8955121643695592,13.216529371941249,10,2
1375.835204717977,4.385760584717038,8.29914214500069,7,2
739.8526236044876,4.316749687599799,7.900614061244038,6,2
407.82707381462956,4.055116052232821,7.863310334439999,5,2
1390.2290723997405,0.32394682331977076,4.329432515728151,1,0
5240.130942023152,0.2786070161140983,8.715299601811147,2,1
1441.2529372956924,3.5364183047030333,9.542007140121797,7,2
913.7810556464709,5.540494444212866,12.475853344393514,10,2
778.2869855127954,0.3827892721165049,1.2242012025311473,3,0
846.5760564073788,4.918185494373497,11.595199990025355,9,2
642.5511481094366,2.8761572861566504,15.300080498142677,6,2
1703.9835098009328,0.4745146298818441,2.3107406946437803,1,0
5427.757453514539,0.02903850288135211,6.475495085262341,1,1
1362.46854632587,0.38216024397137854,3.618056011687467,1,0
1294.4424545473923,3.859656174188776,14.196956785612937,6,2
804.0423337487832,0.4658638628873179,3.7369028328022207,2,0
542.7334252585234,0.4555817103863701,3.9914810241936447,3,0
281.7108320554434,3.1201340892913874,15.539700743782126,7,2
116.58014782295245,0.38119521518352356,0.815084553216518,3,0
6688.548861635565,0.000209329633795563,8.437078501842876,2,1
737.8932829741674,0.2759764760512699,2.2896749689882263,1,0
9239.603516070412,0.0909810120300787,6.200402030007291,2,1
463.942145204191,0.2926629938306483,0.663190324364859,2,0
789.2872885604716,0.020052348396418007,3.1270952033322237,0,0
281.6280340587715,5.083603300451728,6.039466453739203,9,2
778.2532127237496,0.2261741833301591,0.17604986070133832,1,0
860.2611946853978,0.39883329732536155,0.9147257784721019,0,0
765.317283714893,5.681112467552359,9.350886650648377,11,2
1174.1851302778,0.44975610703563135,4.89684850763304,1,0
187.60480315129934,0.18829060375853718,4.423426566250967,3,0
1342.8517749522514,1.5070447110770187,10.963523699515147,9,2
1046.2428556447921,0.1266544778841815,1.4181840992725758,3,0
1316.5728044467576,0.397393338069232,2.640809183615622,0,0
1471.7807447931787,0.3455787273196841,3.957579335936758,0,0
1821.0281141342916,0.4222646471457865,0.045994875891853804,3,0
1107.135651434501,3.3730709995644834,19.641831830861626,9,2
1110.064970282592,1.8991420021472378,18.43604639665152,9,2
12.989051306095734,3.718289890887212,11.950738770532414,9,2
1336.6438652163788,0.042943746827118934,1.759938232938108,2,0
472.4396451665485,0.42819993554792657,4.785242697787729,1,0
50.818894459296885,0.006566054850695002,1.6029091967415154,3,0
429.5139872402938,0.38517602192052836,0.3628797146765683,3,0
131.06097489123857,0.08814051665207095,3.8421998878015007,2,0
2915.175176154099,0.23099664949369905,3.0727713160551895,0,1
1185.8369969080163,0.32246703818364875,0.6180130465627748,3,0
1229.5069993105467,4.548814589056649,8.960379445434121,7,2
1926.495564941811,0.016507942492376693,2.0040265421790533,1,0
901.2767118683264,4.599900421303316,10.946470284868644,7,2
5552.716901858281,0.06829900704857951,9.553036544400904,2,1
3720.5156778522887,0.2035449844274189,5.148347270893012,1,1
5692.642504075285,0.13706546831759508,6.186646478843716,0,1
1738.8098969415973,0.11886209044731827,0.8598257598377135,3,0
720.4478088563279,0.3820235124832216,1.2585746580908568,2,0
481.5686092757145,3.3282290730332287,19.64653843104975,11,2
4086.916897591591,0.21320860660579175,3.8355117311327227,0,1
1361.129914870577,0.445100868010132,1.418421295913247,2,0
647.0347598974311,0.480881258384451,1.881337893360816,3,0
1672.1878713023884,0.3516337188635841,0.3149828072103755,3,0
328.45284041082084,1.953523348696781,19.16120893518623,8,2
1657.2239555017484,0.3561760743297568,2.1242762257283787,3,0
6759.4990124744245,0.05446561509202145,7.111452212468047,0,1
4040.8061624210623,0.05976911977798227,9.26224834879212,0,1
7540.7064917689995,0.24151742742460822,2.846186792824408,0,1
425.6669525687775,0.4078664943745425,1.1930421296089255,2,0
9971.553500223587,0.0012421027407460872,7.670817160008063,1,1
945.9104879227963,5.258598927074424,10.290964585607316,9,2
3366.1164433020613,0.2261017815446174,6.573212898794889,1,1
604.1586888532739,0.18340375011364024,3.455313046431703,2,0
352.1626881125095,2.959043615226765,13.237478282040465,11,2
221.07258971339365,2.0253959173363034,8.014289368239673,6,2
4842.5816439311975,0.09265109164271437,6.0421295712954795,0,1
4306.620331347688,0.06547115771008089,5.700585253612612,1,1
1353.1271284967522,5.758558967513191,19.864420990895084,6,2
703.0074795738981,0.27168341839712645,0.655171213787995,0,0
93.01444498850542,5.156556925651308,10.978179396007953,7,2
1270.2068341381596,0.1693887604476899,2.6741579326698117,3,0
5574.496466445849,0.24314163806938163,4.947224201848503,2,1
4508.3692794788685,0.018962640909691374,6.303185781626092,0,1
2648.285587431568,0.05118040195807778,1.398697459002145,1,1
948.4014010914517,0.08314434983200086,3.3594993634545736,1,0
6641.71750595862,0.21276098069964752,1.1082914162699131,0,1
7976.057021858662,0.05280347502993282,6.911765296877148,2,1
2568.582217921167,0.12237720047897167,6.987560056288692,0,1
1162.1340419254864,1.5384050517210452,10.658924818173544,10,2
947.8235393389674,5.156671259794759,5.163430995039814,9,2
6901.2378014182095,0.11762166178854273,9.01523109795162,2,1
1352.5882852730192,2.801011254728393,9.758637979062827,10,2
167.05762741095793,1.671215560364294,6.474823581844808,10,2
137.3828512345341,0.11370402836865728,1.6897562430693869,3,0
9099.457710749368,0.24268926011789388,8.507427854626734,1,1
7387.017992845739,0.1758278702977581,3.8232896990464784,2,1
1471.3169235515384,5.191334883497268,8.06103502533423,7,2
1200.2494668887778,2.1127241698539314,13.097977804122632,8,2
138.61694381153438,2.8575108878481954,5.5972240152567885,5,2
3196.277390593375,0.0461083092280933,0.46741477268242515,1,1
1037.141289340197,3.871118359827262,19.7943908001822,9,2
8857.51369217928,0.06321932587209383,2.9638087665524147,0,1
671.7166091937517,0.23821553992096067,2.082914313805681,1,0
561.9899532374551,2.235921144857417,11.41398190352761,6,2
4248.508018944289,0.09832145132391854,6.435517568899714,0,1
8887.135279765247,0.15711205185337465,5.019715735465544,0,1
924.4437725093176,0.44542943846869804,4.5522431909865695,1,0
284.06327432630667,4.590252332908303,15.930621405907106,6,2
533.6003405621353,5.913988852996178,17.392674831859278,10,2
4413.815091388321,0.06934113550467551,0.10519058863059705,0,1
2956.2891433814675,0.16142852650914896,6.981146985361572,2,1
74.82556473536539,2.0952480850046262,7.486018073390422,10,2
1347.3107342368535,0.016662125348327894,1.1741387395834624,2,0
1995.159452512693,0.28066570010248404,3.742713851952497,2,0
61.20013458532725,0.22112854800449788,1.1468479696484257,3,0
8042.722727428962,0.2977146481314698,7.79073992792609,0,1
945.529733017228,4.74979243608905,6.146872294169893,7,2
1438.8385349084317,5.587138227174825,12.289487553218551,11,2
1638.836412995988,0.12726760069834464,0.5864129800291584,3,0
1485.3472605205147,0.23129020861478206,3.579934984565808,1,0
291.9944749059304,3.4408431680232696,12.50993113074982,10,2
1292.683176066956,4.009323499226186,18.092295307144454,9,2
179.20092184603354,0.40026660066528374,3.187788319214422,0,0
162.36007181241018,3.384567630777993,16.49864038696494,11,2
1310.8140263451521,5.868631765357968,12.351272970418748,9,2
493.0015192806134,0.38064582083936455,1.9843513426817283,0,0
1443.6754127762458,0.4111017223670588,4.330538642488303,2,0
7501.529339880031,0.2811247109536221,7.446535290820594,1,1
4408.337558012276,0.17202088786798583,5.108763106472881,0,1
7912.540767088174,0.22278112985789694,5.257757913829221,0,1
646.9947630554453,0.4632630339599008,1.564674005966823,2,0
5587.557195093923,0.18037117215052792,6.649826575943361,2,1
5560.994937353407,0.13162919836920012,1.3049617026344862,1,1
758.6536117605865,4.878670406520207,6.036942726824905,6,2
1645.8563554666757,0.2730030961692738,1.2849276764516575,1,0
47.06660102253063,1.9585798617653845,14.793887170307716,5,2
1402.0629711418594,2.1232322246848985,5.744516743643585,9,2
7952.682477357509,0.25448302190836986,7.116145556017949,2,1
1833.1249177605764,0.26252536647352326,1.294043005469766,1,0
5717.494557688016,0.05232965724707226,8.154099944591863,2,1
785.5344674173858,1.6770661491010148,17.49657930815143,7,2
2713.022682468976,0.20161055085167667,6.903409996838954,1,1
883.8943451034318,1.8553018149133587,18.486812510153698,9,2
4637.54334012654,0.09464365749328543,6.196948059917004,0,1
811.5410357327257,0.44633781348593937,2.4057621373164033,1,0
5743.783796495869,0.01911356181349497,9.198278768488134,1,1
908.4065102122123,0.043385243165606935,4.225498638821502,3,0
8865.149765367947,0.05027470510454713,8.395151052228151,1,1
1219.3214984726185,2.7794434462321194,12.543720912984746,11,2
962.0704667921074,2.5540179977789057,11.29619887765696,8,2
2890.7199045598018,0.10524304321467369,0.19896839713299697,1,1
1704.287500498318,0.09699067725945215,1.5793279412854204,0,0
8000.253956614802,0.16727599033034052,8.865342278644814,0,1
960.271903846066,0.1832169249009919,1.0054879411168594,0,0
9666.024385725927,0.2594012126457585,6.155583992540339,1,1
748.3873122079534,0.45951094985941915,2.9666311693822918,1,0
1368.2885989305742,0.46590110341338664,4.666506358808534,3,0
625.3467689493489,0.3586908778516769,2.038758439351575,2,0
6877.998371875933,0.20453310136719619,8.576934949881041,2,1
3508.368514151176,0.12467764607807463,8.17236583107614,0,1
3791.9827137528673,0.052158221501975896,3.4883014554607508,2,1
760.1987831231963,2.2372845225188795,19.153443047674166,6,2
8930.098448906148,0.20894586651942545,9.466905402966013,2,1
6.7200712667322415,5.01095618511221,13.392718422067547,8,2
166.31272556480624,4.178958017155789,8.033894553179316,8,2
7513.596897741986,0.03652139084218942,8.205798896585843,2,1
3374.676925998696,0.23974102791867558,7.709542585726881,0,1
3721.9362969107115,0.23217440534170447,3.7010160662494,2,1
147.56089455300696,2.5828572778690644,11.274404877447287,7,2
6052.913293646747,0.19711576065802117,3.413016495043774,1,1
8822.239915002177,0.05471091287605662,7.376030861745759,2,1
720.9000649091971,2.688613148419502,6.313749074405552,11,2
1495.6219987834377,5.231949573301294,5.270716785019521,11,2
9019.465856681107,0.039710365814391864,1.1777998907176568,2,1
347.6058731026892,5.657022774750789,16.15889485733043,7,2
52.197981999233534,0.09538619142167531,3.4162424415975767,2,0
1173.2984066552688,0.021108683736586475,3.0736396874976695,1,0
744.6624037983504,4.446778463169422,12.946566955887318,8,2
1090.1460194929598,4.7402123869721935,10.090214617847924,7,2
1004.1623078751961,1.8319274020682341,18.738222451528966,6,2
7684.110116224899,0.21132015519167885,7.943555484378911,1,1
7675.372377581662,0.08345643447265233,1.0409710403829275,0,1
1013.4131272952908,3.5294116176692194,17.70563784795914,9,2
1159.2701661188155,5.556959560056009,13.603912492204728,10,2
4297.857947913921,0.06711395844517425,4.034131180874549,1,1
6470.386914724003,0.166022024461229,9.473795995493653,1,1
1344.671754341738,4.125061907364899,5.190043395306186,5,2
1402.8875102817688,5.304984378873464,10.580953121704407,10,2
530.433327433526,0.039198951571031704,2.99206435027018,2,0
6885.257561073736,0.10935499139651501,9.657113124673245,0,1
8591.026241695803,0.10471170489309009,1.62256098762798,2,1
9407.58702539616,0.02877410151315597,2.5496177586345703,0,1
920.6222930051521,3.7634733272881253,13.14744495167217,8,2
3898.3905591500884,0.15251207658887234,0.3580723085864246,1,1
1003.483759680632,0.23479705101616322,0.38719677283972576,0,0
665.4405068457022,3.523427899136004,15.95201180051329,5,2
330.30696469838097,0.0646545593560704,3.5953646206647054,0,0
1234.526957037782,2.247724755362703,5.619532872837354,10,2
122.72937903297071,1.757948156878164,17.617105000040784,5,2
1217.971920841129,0.01329042884504228,4.822602221783145,0,0
676.1777231638902,3.2233472626209574,10.878113654065068,8,2
813.9722922433516,5.4507592175532364,11.712575413094935,9,2
859.5562780627639,0.030878267160586448,4.760732943602364,1,0
8587.225459415946,0.07382403192070737,7.48936528853446,0,1
602.6742292747526,5.611451577055028,13.259613721005596,8,2
3173.409168309321,0.019110915041129127,6.503691307236979,1,1
7576.234663465561,0.15427078838075814,3.72468793156005,1,1
525.4057208986537,0.4401884243077997,2.8415976426089635,2,0
4074.1913980482036,0.16453847615647227,2.0924578804104588,1,1
1447.1069630920556,0.36181853587792917,4.511145136391282,2,0
1910.2610990505161,0.07366342818353944,2.706617966517588,3,0
987.7860835527936,0.37774676773006816,3.2074645468523775,1,0
821.9866324626097,0.06168290056710102,3.6728055915851954,2,0
1407.6941055360737,5.021478314241567,17.103070234342432,7,2
250.31557183406215,0.4252539759364353,1.0803390755995528,3,0
929.7266187945263,0.3453160393334332,0.8719178917176484,2,0
41.07284697820679,5.5899630949641645,6.677474326754869,11,2
153.60018033350937,3.792891002371208,8.81048314567252,6,2
1865.1726246531973,0.1818900199003528,3.191282753284335,0,0
4351.104620405031,0.042282952637156514,3.5748742337154504,2,1
658.3079871506415,2.9909507455661712,8.893093503798147,8,2
260.346416421972,2.6500376971337323,9.3388694529866,9,2
121.9064168374055,4.921036591958075,18.09405599922011,6,2
6950.912903692074,0.15827705449336832,9.025193553626771,2,1
683.5982539817986,0.30999740510908375,3.585449065268675,3,0
6047.971512704302,0.0005382852860072784,0.5385856499201136,0,1
7933.528661094372,0.089729460442538,1.7486285795837098,1,1
432.3666224838365,0.14854851456915963,4.975461556648399,2,0
965.3393501547156,0.45028294876349456,4.725954787923403,3,0
8488.20990824396,0.034456464096065155,4.944301689296403,0,1
136.4698730031837,4.44085487354889,8.337491986200398,6,2
8211.299211252473,0.01914331214814937,1.568377783034679,2,1
5663.375149179536,0.12535435259196412,8.534758614089087,2,1
646.7788866721114,0.4624188696862662,2.5608998203232893,1,0
4397.699545519876,0.27014543926997275,2.942188790960677,0,1
211.80895384118315,0.10595946791040911,1.6825272401292417,1,0
1363.7634337314278,1.6909646631768886,18.96462734424191,11,2
8109.0005160542105,0.07624417681944004,4.822724209150197,2,1
9612.46816179816,0.14635493255225035,6.994880681077373,0,1
761.6548785922593,4.85224814719594,8.546553086347103,9,2
1276.7516659690737,5.760031857609453,5.722672732199914,6,2
9014.13041101825,0.27507653370285534,0.8614446386127006,2,1
806.9551454478781,0.4864415508461907,3.5934320422085246,3,0
1702.0319022319954,0.47191227394024304,2.580394134150954,1,0
5636.908926981371,0.09565647922128215,7.951277663165149,1,1
1329.058743812166,3.4416708538162615,8.443418373477881,9,2
1590.4086393586967,0.2644796100118401,3.9537578621175395,0,0
1150.4519289715752,4.325302485742785,18.185115489366552,6,2
135.36959712079044,0.2081853124387124,1.181940924885239,1,0
950.4777859071041,2.017111136775433,11.278073033043444,5,2
536.9504345238913,0.16363827948976767,0.7210129996600328,2,0
9.105105534432667,0.2706343440206043,3.1942283394566866,0,0
1313.1458691943526,0.36075294580509587,0.08283056146671852,3,0
4440.50746776687,0.03295411986915916,3.4019267500121875,0,1
7812.782113987097,0.16674758604684822,9.061709516302459,0,1
815.1416997602778,4.482055194861799,14.982219448226154,9,2
7826.243088628054,0.27248181649189906,5.49675489689997,1,1
1080.6899314374348,5.851853053148252,8.558403601747022,11,2
208.8717110975849,3.2864020265073286,12.199089244934392,6,2
1786.8778826711782,0.3817910008528077,4.9488032251909955,2,0
8887.432724473827,0.26617693118669283,6.2696579897259666,2,1
332.37813366293943,0.4452740170277748,2.3930988684390044,1,0
368.4464928340737,2.280479885404252,16.787025378366263,10,2
249.0903290822834,2.874214787079867,17.17074016341235,10,2
3873.506859013147,0.21837283698166413,5.659740726335841,0,1
8030.199929479719,0.23462031208859763,4.616656367065168,1,1
884.187714543851,0.0031112451552114395,4.290413138444914,3,0
6018.173540847881,0.16339788756900625,4.271541884671672,0,1
657.04779967128,0.34544202125259,0.45459939260142856,1,0
726.2984099342771,0.37834215790393877,3.313376343261142,2,0
1937.6346017075298,0.1190754154675509,3.723639889881432,3,0
314.96155734996023,0.3221185075677455,3.680331084065119,0,0
1422.5408500473266,3.702823336924391,18.187276539818576,9,2
1227.2822988316764,5.726314593481432,11.578224127861377,7,2
5055.820166658892,0.05045223091492743,6.371202841249719,2,1
1634.1477210628952,0.4433774079661811,3.355840397237695,2,0
1058.8713679321086,4.730587875254303,19.16672215859835,9,2
663.7575062249044,2.427539411422723,9.220858683860268,11,2
1287.4026629534728,2.373982676560755,6.838965009794854,9,2
5336.545145982519,0.1709575079396736,2.749203321887056,2,1
451.76424891116017,0.3534987072967174,0.5942234934950347,2,0
813.9969319414317,0.17002496398055983,1.8147857216523888,2,0
1204.101378120371,1.5075560824985499,19.017963479500658,9,2
2521.616019817665,0.024368098801784054,9.480346817239656,1,1
4395.762426048605,0.20192267757152013,4.709559480759645,2,1
3239.58774596441,0.20333378910758382,6.3004585153035215,0,1
537.7384438578831,0.003768899901372025,4.20656640605222,2,0
1471.7884887075368,3.36467702209333,13.477548282613062,8,2
5744.892649556061,0.2903150479011091,6.144414689721155,0,1
5303.042499835257,0.2325431932515728,1.5735822071144911,2,1
1455.543036967746,2.3579911528370197,9.465350715649983,8,2
1823.930915945189,0.15882605294718388,3.9191404092378885,2,0
348.17466160388983,3.050171657633152,11.049896648919269,7,2
7654.206347489977,0.12480014870979395,4.942553020515426,2,1
1681.0538442473546,0.34739435224480864,3.638476905211493,2,0
4209.728809558874,0.2810605667813285,7.473212814678417,2,1
1084.3193405571446,0.005563545673939241,3.4693029238117985,1,0
1078.7710543033015,1.916034013739493,6.411899852447256,7,2
213.28263452916673,0.3209732569632479,3.1122852918931287,1,0
1955.4580245354725,0.4710244301839599,3.287222105316889,0,0
788.6802524941024,5.444541869153614,19.129953137541555,9,2
695.4210076303392,4.440815456908141,8.224718788064095,7,2
745.7279477567552,0.28144981511418027,3.4868306174611394,3,0
1050.98374079026,1.8341615368011777,13.246978871853251,10,2
5003.7826992052915,0.26222323291297267,0.8344584585464943,0,1
3655.018809180695,0.16706036169191255,8.57858087637841,2,1
5690.5806445727685,0.22929135085884153,8.773872573232708,1,1
1044.1060442592188,2.976300938485797,19.627582820351392,8,2
1790.484410857313,0.3958477767538049,4.335332130884326,1,0
173.73695925044314,3.089981730222031,17.795620626758783,8,2
1647.899864162119,0.30850706212293616,1.744787333697595,1,0
764.7967455269853,2.8715175772113533,5.831882727404546,9,2
129.07793823331377,5.878864276548052,10.128869985538842,8,2
1126.652388317024,0.4751098628408897,0.44395205819843797,1,0
7097.367224463054,0.09714186983244967,3.728523877100165,2,1
1232.6709433103626,0.4006155261421205,2.545356828179395,2,0
1047.5768360243235,0.45857992962467825,4.366814526895895,1,0
321.8701397281336,0.08544691715140301,3.4379626729826107,1,0
4967.528329275572,0.19579697045312194,9.478921561346109,1,1
6927.163396087506,0.020671917484918367,1.7863075349520696,0,1
1102.9391098213707,0.06658359990291157,4.189139179429092,1,0
591.6488668033986,0.2780855852742729,4.510784973481083,2,0
584.4264821750846,0.27858259690086495,0.73177619514952,3,0
8053.579769906959,0.2099882141103989,9.59141241384308,2,1
1516.4965482864359,0.025524028545736377,0.16975774571858782,3,0
309.7619358458079,0.13246536935361158,2.273129182871979,3,0
1212.8258801733516,2.869508277486669,5.143812896700475,11,2
792.5862470705579,2.989122541348837,13.352079991300998,8,2
3688.585304462061,0.023056553653487123,7.393534814305422,2,1
1309.4485329744446,3.733823354169367,11.270146380518447,11,2
753.3430538316552,0.442263681448895,4.5492625632589405,2,0
8559.259455380601,0.14441047788024117,7.557724019128723,0,1
1359.7838631756317,4.374649037447133,18.257279592638998,8,2
1509.8170389829295,0.4487971422796184,4.099733901765473,3,0
1319.6741082641174,0.48009316601848057,0.015330237728905516,0,0
1949.5380093931096,0.36991844979139155,4.9872266134246415,2,0
320.517008543598,3.4286776664734604,18.00119787682519,6,2
4487.930822539714,0.06473807016619956,7.189398068486918,0,1
1666.7817543726594,0.1492962370841887,0.11372635971819867,3,0
1288.442755212518,4.3120362470983435,17.19569260372598,11,2
612.0986796572225,4.1046621215607955,10.034858254915434,9,2
1022.4971719329521,0.09612998290226166,3.6442059835213376,1,0
9766.610026440658,0.21934916491648118,1.7056818209105673,2,1
1264.2530903028,3.3353559236997894,8.943585490428609,7,2
2514.7621021197006,0.1435084401615547,7.74208686129988,0,1
1285.9571992101767,0.32595529270353774,2.133371810626028,2,0
1418.7905332449732,0.26368281634078067,2.325255202677134,2,0
6189.148074734783,0.13313421348538243,3.4069052852836714,1,1
856.6441973220085,0.05889064885678236,0.20318253511866946,1,0
559.654113330166,1.586860526158041,14.965115958003743,7,2
4831.174800848312,0.2874892903903498,3.4174378313176823,1,1
2515.3686373770483,0.12969465573585287,4.879238765557331,2,1
1348.0623688292876,0.42921433211578314,2.1897900550538836,3,0
963.7868202930182,4.934583328606455,17.612968629266167,8,2
740.0888726694548,0.4534277275219601,0.14216652626722115,2,0
1617.5067642840781,0.17021958834007467,2.451265665105386,1,0
3131.4702211765616,0.1866464193877432,8.830385290022292,0,1
562.1125653187984,2.724436195580912,8.1821510997371,10,2
1362.414807841057,0.1808599917392515,1.3839370224366538,2,0
1364.7956939596509,0.4951514703098192,4.1108346948180845,3,0
8041.924299873173,0.27776407000421455,6.8568369122232875,1,1
320.127489854867,3.740420994879276,14.865671420519266,7,2
1153.144743720892,3.690416412767102,14.846183374011266,7,2
1205.9718565946287,4.116057833585095,7.516652825023827,6,2
1987.5122501000512,0.37656399435814425,2.6079392798654295,0,0
1245.565117387957,3.7724413035304836,16.834853987886664,5,2
1085.0830672648315,2.9236058661485727,9.694331816130147,10,2
6377.362655998926,0.1838100557283821,1.5712010572261992,0,1
906.489631328105,0.05827796492318582,2.7554978648393202,0,0
528.0949953695432,1.9529040327170633,8.619150926427565,10,2
7281.868493800219,0.15961362607398563,6.556655942948236,0,1
8912.900727166765,0.008936517867696614,5.380173422699323,1,1
832.4473262712122,0.48170702366727236,0.7323158342388147,3,0
1373.305316740103,5.730986681473069,5.590566783355999,11,2
9310.881365045494,0.12994434203860833,9.460187539355534,0,1
9389.974452084203,0.20812669218268356,0.11531258617349605,0,1
7862.552890183739,0.24801999609329256,9.657075267018488,0,1
4746.005568865257,0.2668937188037541,2.526081155316012,2,1
675.3787529580194,2.5310347576794694,9.126078728619827,10,2
7260.409264036257,0.244111022778778,8.57156698762051,0,1
3793.9470904674254,0.18677143434237767,2.6283887912927484,1,1
6309.071205727081,0.09341642912691421,2.1213939963428796,1,1
6537.442689837712,0.13966934315855906,7.153730908751755,2,1
149.90317063119656,2.2686675693356495,6.771495605413943,10,2
7663.720898894969,0.22024332621519468,7.720778097340247,0,1
1183.7941412179612,0.06183899398850057,1.26209568790567,3,0
4856.488858995783,0.24446381449902044,0.3407581343666921,0,1
1375.1555865476869,0.11121901077918384,3.6176115031796847,3,0
1885.1896115311624,0.14589404090778402,3.191318158980301,3,0
1433.1115401371096,0.12288199093180141,1.640250321811238,1,0
98.00123821484502,4.1478253791291735,16.234888071649124,9,2
1886.4124135653728,0.3134230234253989,1.1110878502986372,3,0
6706.2619042192755,0.11343148545349933,1.7703933722898235,2,1
256.49962221844925,0.18223104153442976,1.3451351073712798,1,0
8658.029894292205,0.11953722892062549,8.671898206837703,0,1
351.10868213600213,0.39930029038807535,0.2619986390000767,2,0
1482.5718716844817,0.44841406485808266,4.225883117752836,1,0
6732.3387731193425,0.019431098247983745,4.748812024713294,0,1
8675.035812239188,0.07751419349710749,0.5577475236001428,2,1
436.95776998581573,1.8681813504768339,13.763644535002094,8,2
1426.2734002774394,0.2098290930091975,2.937662584211499,2,0
38.25548437685844,3.7847087125323284,14.72411930213815,6,2
556.512230843202,2.1453357781937106,18.840220301730405,5,2
8852.462775080921,0.043864071681758286,4.8470332775434795,2,1
6740.9167172327525,0.2712940805135863,6.864655330469297,1,1
6725.478918255286,0.0960919877390969,7.0962103731093364,0,1
109.41578041579913,0.37961521744058146,2.6597467138659803,2,0
8012.748213684288,0.10712773301098141,3.748953125238168,0,1
9712.25019074705,0.028940854880850617,4.536571021595933,0,1
1886.2674224595366,0.1392677467659621,2.3084088360083745,1,0
443.0812724545499,0.2842919580861916,3.687370053321839,2,0
1090.9750706962839,0.3031195012850915,1.6678350488993905,0,0
1566.0990510566376,0.18071228482191715,0.6054912091795028,3,0
8138.7130361864965,0.28290069541184826,3.8362252083228157,1,1
927.5293537693161,4.822044972589217,8.078638521941592,9,2
340.55898538326113,0.4284520342693385,3.5334530189695195,2,0
324.0775587567621,4.299324415626793,13.594754315108936,5,2
4514.726201709898,0.2709527499544915,8.578551587474236,1,1
1011.7070268512656,0.28699598235272844,3.1209150025854053,2,0
9908.479628135716,0.0022087567753181214,4.007597044754725,2,1
1013.0611216016069,0.006080885393880298,4.754520617174425,0,0
429.47576196352395,3.018170680933829,17.34619719759276,9,2
1931.0203102177268,0.1994894542668676,3.430568055765388,2,0
1132.9053412583592,0.3731243492276961,3.9190833109595107,1,0
1112.285680956079,1.5436855689740523,18.243758686077253,11,2
1739.1706020755412,0.07973922460729721,0.6554969675876887,3,0
9989.49333726442,0.14632823398969583,5.579690621205483,2,1
803.5558057712908,0.12899903448445216,2.3870889072360955,1,0
1491.3886141286384,4.275046208248319,15.847932833295223,11,2
4048.77564411972,0.28752267846640356,7.616991300652485,2,1
120.97701143713019,1.8980035706582576,9.116387675919455,11,2
1480.6468507259374,0.13705654010659674,1.0260870258657229,2,0
427.66338422734583,0.3720174520069542,4.613943474870329,0,0
644.9361833896679,1.5217340391148695,15.807782821555117,9,2
937.0850308360081,1.8089854491706021,19.814762404890487,10,2
1262.4326388231812,3.9657192248491073,6.256081726666114,11,2
1105.303053506279,0.2583705367913839,1.5636593034736528,1,0
1163.3480735865123,0.43074681079493143,1.7825431699561212,3,0
1903.277606901373,0.42726640510927627,4.956657443894581,2,0
546.4211708862847,4.961380255508665,11.33937814810784,10,2
789.46635437707,5.82926916686648,15.79316161193906,7,2
7328.867878503215,0.09190393218125144,9.437574098342731,1,1
196.06605926229636,5.51849117440208,11.5497087298333,7,2
3294.457915480217,0.018178343504045756,4.081801966342605,0,1
2895.4828641584418,0.09205131617320961,4.282957949512044,2,1
1076.9299157483358,0.4861528139464454,4.276903571763972,1,0
867.747406488068,4.586143353751384,16.888283576923634,10,2
1781.925759804168,0.42627267277765085,2.4699725599239972,3,0
1163.1237700223487,2.4146078816692023,6.7079591549247315,10,2
1000.1677667574398,0.24666857021551797,4.443902101727317,2,0
9337.98964694776,0.13919949897111078,2.211524986868639,1,1
1153.2205521315805,4.182532345562644,9.806208214636811,8,2
1962.0292921977389,0.22199685928689,0.792047736682151,3,0
486.46469975089957,1.9847409204471782,6.43655822190299,9,2
3541.4229057894145,0.16697560843682557,9.318209644894376,1,1
396.3470951559898,3.043209624332307,16.04613729130196,9,2
1043.0514156672848,3.842819591558661,18.458521031910326,9,2
1054.5099389006946,1.7344462715549265,5.089777322121297,7,2
638.2755460193532,0.3951976856040586,3.160758700273889,2,0
1512.220776745335,0.11385584213485722,3.683761841261379,0,0
1263.5711226024582,0.042308406211962746,2.472419537424914,2,0
5598.883094016097,0.27400866680786956,9.211117738680198,1,1
650.548805389119,0.012501773984036069,0.46310400680027564,1,0
4957.768390184549,0.09753792881414876,8.852041121187547,0,1
9058.701099564001,0.06916709423735085,0.32809216257985163,2,1
476.25601683623773,0.4409448999621049,0.8894418143341432,1,0
1189.675106854441,0.06575039382139025,3.5095177891549105,2,0
262.09484110491957,0.08651565360914631,4.905829194415977,1,0
634.2130473595411,0.20076791002719674,1.030842850144309,3,0
9119.406398504489,0.012625640017632033,1.2336642122880082,1,1
1161.9683956216743,3.964251225935601,7.412571658597496,11,2
9836.661782481591,0.0709132144223239,4.953732291389034,0,1
1648.7642768788583,0.1423668910548554,3.173946036900508,2,0
1339.257641182113,0.2641063639725049,0.024266492188732003,0,0
3546.678210229777,0.29357559655441295,8.192260448603495,1,1
8890.035522009892,0.07868888343075796,0.9819311965138977,2,1
8107.6209737179925,0.18509650428070407,7.59771787596633,1,1
1056.0210576195348,0.2320648759056369,2.638857928512228,0,0
1154.6976017667196,0.4738117930054735,3.6419118468045406,0,0
1210.4145105218695,4.074159534357813,10.517795903245613,10,2
239.08330015383507,0.1371564268644357,2.209928507631416,1,0
1231.6393033125732,0.2696819601229724,3.128648528090669,2,0
311.68720525214286,0.27808256217700417,3.5631724727523553,2,0
926.7106884663015,0.4421317198367442,0.19190511245834319,3,0
898.5962214083225,4.423399698789934,14.545929464240583,9,2
6686.642710906465,0.04033247374197928,7.987453544805472,1,1
626.9627100545567,4.533810857584529,13.472422809987233,9,2
1395.5936118581685,0.15080012715878377,0.9204979710275168,3,0
3673.281068337412,0.20406493833675943,8.349188095149898,2,1
261.4917241508752,3.739581808805125,16.15717737631189,9,2
392.95000175092645,2.4910526457854933,6.492083710507083,5,2
13.857579965490308,0.4920065431236805,3.15181852121459,2,0
535.9517465531301,3.4481161127105833,10.075819350117015,8,2
1170.2926404099226,0.49402936571308914,2.345874335774281,1,0
806.1418633619675,4.32586850070678,13.487878699534331,11,2
7226.482398024992,0.2682323216909236,3.1957624168897225,0,1
45.85662480800129,4.84393969669725,19.510706684503887,7,2
7880.185135644064,0.07068027702833704,1.0031916195504498,2,1
317.2589644600989,5.271940745419802,6.143288564866747,7,2
443.54059419405644,0.27372051873711245,4.973698328863884,3,0
8124.977362329139,0.28778315693996054,9.101496311097952,1,1
3534.8765508635593,0.010806619864293942,8.8382082284519,1,1
783.9000767610595,5.2762905915581495,14.285032112326391,11,2
726.5228594718352,3.9346310049533355,15.673779867687356,8,2
1664.0010940217082,0.1352158122436074,0.0633139897783408,0,0
313.28076643109176,5.412448206613959,18.85577011761663,10,2
162.63279552615518,5.013238108407649,15.73573682074323,9,2
835.4602528498654,5.626381416467959,12.46323913772633,5,2
5821.956581525172,0.09636786050651187,5.9249716416261755,0,1
1361.3448763572908,0.32455019190603046,2.26762119361461,1,0
9.321232809569203,2.309353216693448,17.774853447242528,6,2
6490.558830992041,0.24275083329655972,8.847062635283411,2,1
716.6671067150542,3.5808501556457526,13.323486508579828,9,2
425.80450479394113,2.097712364012673,14.614920693217941,9,2
1163.353685834476,1.9984472903031592,13.486637425704833,5,2
502.81973282352976,3.256416287033265,14.3880194334316,9,2
802.7096539366489,5.323354662259141,12.576393398143844,6,2
1050.0815572405647,3.1288914799576766,15.70564301842167,11,2
879.5290357599912,0.33103766924054384,0.2832493200700875,3,0
9359.567852103279,0.04193683316598962,6.515869594129807,2,1
701.8802857480205,4.051951188650309,15.951081704288255,8,2
7308.877980203059,0.22867819808056883,4.468013523696683,1,1
1434.4800556384157,5.33798514556698,7.159654067649335,6,2
5645.22702790348,0.13080283629032516,3.3851773372044636,2,1
842.2518366188809,2.559595291747021,14.3515908614022,8,2
7898.274478440945,0.0732543289859588,1.2768659411871264,1,1
623.2485781533705,0.3930785710189369,0.12321368794595833,0,0
125.67328829810177,5.582776699620368,9.966500132628438,10,2
1600.0389366591028,0.0989889621429606,3.5897548240899195,2,0
1360.520737923912,0.3216970295009799,2.684186211259348,2,0
653.3696545051686,0.193079217404117,1.202724341700752,2,0
155.1064270751743,4.952200580252711,5.795943204430996,11,2
7427.992159351854,0.25907111128903293,6.075241757988083,1,1
1126.387263491157,0.3322416403844244,4.5304135537240215,1,0
9355.458375907187,0.17964475937352173,9.134975126914199,0,1
4039.652200746717,0.035977506319993045,8.763192068416192,0,1
1454.385720316268,0.3848333668753421,3.5834417436260777,0,0
7430.1151340578845,0.17455399812861225,9.538378236707082,1,1
7833.331584090053,0.035999033701522895,6.092542766685165,0,1
5406.94298511178,0.0047556139401076615,2.1720582799644594,1,1
7770.967820984586,0.040712802938954885,3.980277748977209,1,1
146.92493127145795,2.49740510837343,11.251419673739708,6,2
4333.5727894200945,0.0335112206922751,1.9553172749119252,1,1
6718.534174580223,0.2446833860798117,2.7153531536459843,1,1
428.3502887764795,5.123827925115624,5.34753169160436,7,2
6017.736136937708,0.2234639328329497,3.033273214441027,0,1
6896.839279539042,0.15294339062765674,2.0349609801179556,1,1
4226.80452381226,0.17731230554398789,5.374633034794972,0,1
713.0081305931246,5.8473130153593385,11.210179721176521,9,2
1016.285039101272,2.2932599452264695,19.538285730664334,10,2
1733.169573772178,0.1467297342116145,4.671600693652297,2,0
1075.141900304578,5.650929758307006,18.287640579199078,5,2
1362.0655722686631,5.5309701390711705,18.863910000013977,8,2
1070.0841207983701,0.3241424532089436,0.45546358906673745,1,0
1432.6006648082746,0.028292335261727086,1.628881647070285,0,0
6934.3035805269365,0.09781947933910579,2.261603082229877,2,1
15.370635045515835,0.0005827285542236993,1.7159057473012824,3,0
9517.657034617605,0.17422900912107622,4.57941060798103,0,1
1343.1909557273682,5.770514774126804,8.278186513666526,7,2
334.49472932002334,0.491890870885805,4.505090818015412,0,0
8507.659782043811,0.1424997116714027,3.2530651471095906,0,1
7586.649646620528,0.029965360119863227,3.546268629340558,1,1
944.5266463948878,1.9271973744810822,6.290146452381316,11,2
766.7121931449507,5.902086617517968,16.661568414012294,11,2
192.66618754501386,2.4887247178618606,16.78888267089062,9,2
1933.375407735423,0.15689894040221058,4.371899488345789,0,0
1004.7334284969818,5.417023663505349,18.42788080893999,6,2
5636.965726926443,0.17727002713599338,1.4469142996041773,1,1
6545.2946919120095,0.272698873389736,9.090288876934942,2,1
32.65646954534063,0.2252166320561388,3.230053642975177,2,0
87.99710004029926,5.388967824117223,13.557079670780006,8,2
8446.68015484558,0.09087810505167979,5.709708080981654,0,1
2634.3867168240586,0.27989093594946324,9.11750902483313,1,1
1441.330610394484,0.1521811756569032,0.19592921282496623,2,0
1017.6800293300994,0.3242576462585203,1.6383320536986368,0,0
1185.866801253308,0.47320936581848555,3.7445177461291923,2,0
823.4407797579561,2.306904163263241,17.239054487226237,10,2
197.23657380028575,4.9961097807718575,14.854251457603791,9,2
8124.617893117935,0.11728505948731983,1.5583735664048326,2,1
1556.6273652534276,0.3815361679276713,3.1124390819988235,2,0
597.1857880812375,5.6874566675069484,13.303824465077325,7,2
2838.6075227608694,0.2620220751775244,6.2810498809635105,1,1
1069.2701349591707,5.82510972472018,5.439807922805182,9,2
5028.318036465107,0.13370907493814155,8.440397810927907,2,1
335.7912200312195,2.1539045467805735,16.036716045803253,5,2
1836.3614758006916,0.3088431948360194,3.2442590000448,3,0
663.2816086427302,0.18777342623948473,1.6936380649213945,2,0
1364.0559905225248,0.42461121396664603,0.09728685834594408,1,0
799.9165245712201,3.7026999891337753,10.170837719369459,10,2
1437.8171430253017,0.3823553691168949,2.239074609188897,3,0
9674.61892345583,0.1868519152673814,5.21924010201038,0,1
7774.354841590379,0.22458073860667033,6.4940607329222395,0,1
1832.1869424907247,0.14409359180546583,1.1836255317957833,0,0
1470.8010953249357,0.32851733231077407,1.1673942229511396,2,0
676.2204625845641,5.7675269186130045,8.746629764025759,9,2
3107.4708548383696,0.2655827454471268,1.3535077801220752,1,1
8681.46899797267,0.22025348498017158,7.594904274958986,1,1
836.7434647245009,2.001862251272291,9.458882269634737,8,2
316.93451959903297,0.24902077403056033,1.3199285692728608,2,0
76.12148350181114,0.02227820456380486,2.491634621262576,1,0
1639.136882274005,0.49482782147362697,0.5366048421207764,3,0
3811.011641222117,0.039774616919315775,1.5970528452686095,2,1
1351.129375190777,0.15193050072047154,2.5955222402270435,1,0
7983.643700219588,0.11823151494288317,3.5919197026529748,2,1
8252.127016050672,0.15015509831931248,0.4202545257985624,2,1
1238.806279949793,2.796715313243385,9.930294536145317,11,2
324.5458027216075,0.16727077808273877,4.751435494675563,0,0
886.0901013303295,0.04656302309087801,2.6717730968516484,1,0
3998.9738314074693,0.274692982911418,0.5482964863064732,1,1
1465.8348692758623,2.6296430006018037,18.685786043480086,11,2
1394.8687061342976,0.4651631600954549,4.945896480833146,2,0
1372.3719739372373,0.1461777736762564,3.7563338058162277,1,0
9420.157244917027,0.1791277995747207,5.804838323016184,1,1
623.2403168057901,4.122910165125443,10.276075525149782,11,2
921.0005412262385,2.2868256725479528,12.722527090172683,9,2
4090.527039375118,0.25765530244111173,7.663526901854439,2,1
7770.299203486547,0.18356393261147413,0.23362522402123553,0,1
1345.9742780761896,5.715642265104105,13.989477005505213,5,2
809.1964165662238,5.655438682803972,6.874496219953848,9,2
603.9418901011793,1.8893465399366685,10.907984876592097,9,2
8671.282521512889,0.11965712514410906,5.490237535740542,2,1
1006.3633645952426,0.464715463778286,4.276657158319378,1,0
8454.82006631837,0.13832822531244338,2.0832339581768,1,1
871.5011143645957,0.37290285499874043,4.666579303979347,3,0
713.2870672138059,1.7189925547884986,17.050191764815835,10,2
1311.073777101957,0.4185698854951278,3.376904686562723,3,0
1088.120200706788,5.956994335377276,9.576592810156345,7,2
1372.4256256141484,0.317025940299828,0.7790763917472121,0,0
727.6215251882536,0.11456799847035182,0.7723368908272382,2,0
1095.455253125573,4.338072685445539,11.802919904323854,9,2
4193.391685233273,0.1513584796065244,3.0207354866250027,2,1
177.7019235821793,3.7168561020604227,14.333753992182853,11,2
7336.863156162232,0.023188163270175977,2.055733692896128,0,1
5264.111217264426,0.08201743678439832,0.14128768933016622,1,1
902.3087207131322,0.45443551231521545,2.5574379069432673,2,0
1025.0396475543157,2.0252539688467706,9.312604235585246,8,2
770.823748737512,0.3400253840290029,0.028830645644591923,0,0
654.6900934269814,4.225831770125854,18.764882990965475,11,2
7447.053549328252,0.0558976216278245,6.649499726200965,0,1
445.8620112126215,0.015309001785730192,1.5694894221497746,0,0
1098.2033447649105,0.0362511435018712,0.3593887136172075,1,0
1371.759298013597,3.667232348951311,11.676368033521499,5,2
6144.709162194993,0.24075449998261983,5.3636423899256265,2,1
9808.813444858182,0.22209720899632368,6.29863484668538,0,1
862.9440928590299,2.793843504428654,19.840505452371048,5,2
7772.774023974816,0.19928591959673,5.364368906141019,1,1
1715.242715428882,0.4838527192104821,2.9799785422924696,2,0
1490.2051458891724,5.090821284628184,12.890777902500286,9,2
1294.1035135761847,1.6256200895608819,12.439807950895036,6,2
1268.5870470479645,0.046278381862952356,2.0048569852329727,0,0
702.9234402639518,0.21420931659798914,3.19323501995288,2,0
1345.9894196599862,5.384329409509026,13.776623037324947,6,2
788.3173775334276,0.21136019553162316,4.979294797325533,0,0
730.0341180188299,0.08745340099910265,1.9608809684900574,1,0
19.693389126292704,3.5457678524252936,5.551703134021814,5,2
225.98747070313928,0.24505989633093606,4.667445513653249,3,0
1411.044703886073,5.777453839447739,8.990031965535277,6,2
295.05490791176857,0.4742334800038892,4.073502910911257,1,0
1454.5521691849424,3.5505276810475497,5.438885666879787,6,2
7009.136641233556,0.20547714131239966,8.887774010205524,2,1
4019.3225187084336,0.2273504477008082,6.9962645724065675,0,1
1210.6456904026775,3.791500301959386,13.93346574016751,7,2
9861.539782599717,0.029712075115179714,3.812614191212832,1,1
6311.7703776728595,0.2614314686925219,9.115194811360677,2,1
737.8399624352681,3.8289738919121716,10.220473398979024,5,2
9963.827098284204,0.258363044419565,0.7590277602185613,1,1
7044.29816212935,0.0984561341666262,3.14382968984419,0,1
604.6565210399557,2.3738323055130697,12.355019210200311,8,2
613.3621047080178,0.4196515373971714,3.8675804596674936,2,0
948.2355281590786,0.46989219472088645,0.7518300556283758,2,0
543.0810697590156,3.752203521792403,17.936451347173705,6,2
1477.6183958644258,3.1712619756578238,7.6744988738094175,5,2
1717.0251291762793,0.1425764099173375,4.409309102163413,3,0
1546.977791496984,0.08810869679248301,1.3589937760995747,3,0
9338.574596407292,0.08295633817945593,9.865141852783868,1,1
857.5603717426043,5.092472998903405,11.613818466712667,8,2
1236.8578261436917,0.045147999358443325,0.07104410213221557,0,0
4451.896083211098,0.17724918040906493,8.66272649533313,0,1
1337.224689895807,4.028482008584177,13.763715398484393,11,2
998.8723902845327,1.5246397290794276,7.4042265360288155,8,2
921.4475973794619,0.056452251287750166,0.6103680072936218,1,0
965.4911402794477,5.519799486482317,9.83570042880229,5,2
1127.1501547892974,0.3365088789538909,1.639227395342406,2,0
1087.3288024766896,5.970976642589131,19.566741211994813,8,2
347.34621880895133,0.4580282136955565,4.753087013821504,2,0
693.4489321394963,0.11460822998720727,4.273153162260154,1,0
502.6833891091711,0.16314626398563997,2.080818961762895,3,0
1210.712809997134,1.9713726341133924,9.549797127579643,5,2
1243.172758957386,0.16832988649408082,2.36051588177266,2,0
1027.0483066305987,2.920732328042819,18.71900330264236,11,2
430.7378167966054,0.30385695611781965,2.5828006053120656,3,0
145.4617093797203,1.5942053383771349,6.250361211927534,5,2
293.02297096778847,1.7362905556966763,13.104764401530824,9,2
494.72174098300906,5.615414176922655,19.788545822889567,7,2
1939.0054423259144,0.011536590121284218,4.331775685751584,2,0
1107.8911614685946,0.2181603413116509,4.544716732349329,1,0
7528.024178929399,0.007611907463920642,6.035958439300578,0,1
894.5436866978265,0.35584926637841013,1.4751589983271662,0,0
36.86999364981769,5.362670762046116,7.169711790708635,7,2
6160.4644424714925,0.05168069127246004,1.8688587756665753,2,1
4254.385855455402,0.017709823315038085,5.332975395476003,0,1
192.66302016993774,0.47607973509307505,4.754387544818169,3,0
1548.7572873527001,0.13914568878575512,0.1242537724752818,2,0
1096.2601295749187,4.9485415894997695,12.280324676899536,11,2
6587.029387859637,0.08823127208944528,6.229202017016098,1,1
1374.4405704771816,4.216361456611908,16.453936476629135,11,2
6828.499229060719,0.15144147420505294,4.68762405819371,1,1
456.7620633356386,2.6770630194766136,5.712924614220035,5,2
111.5467599028358,4.119757749049368,8.115383910844592,7,2
8132.881111023262,0.2844209371029786,0.860496755598793,2,1
279.31845214708017,4.916457063402305,19.011452710774456,5,2
8239.120069181918,0.25423413599156214,9.26387080694585,2,1
1108.3771026972795,2.278494743156134,6.7902927173546015,9,2
1859.0378242556599,0.3644101751719401,3.567449284842816,2,0
312.8490196929132,5.607612707816363,18.682980460123062,9,2
5611.189273197455,0.12590501063988913,7.800679264708564,0,1
6535.176327481688,0.27467823845635947,7.655304200750349,2,1
4278.956744464657,0.0793481370714059,2.5170972167843066,0,1
93.83988682328525,3.6857493488724478,12.09678801650578,5,2
1138.6797736048263,3.6552402077649253,11.93258397998731,11,2
4990.359840039301,0.2151367396070195,7.220436483583027,2,1
9713.553902346637,0.2635183809500228,9.062575839343408,2,1
594.4164721088346,2.814368506072092,7.36991950997691,10,2
5152.0610544423735,0.012560390396717901,4.173218241907718,1,1
1495.0946299706222,1.8421092007372075,15.253044999014728,6,2
1475.2707761022505,0.05904245559016874,0.4501383523779118,1,0
5864.170887538213,0.07831034885940073,6.3743105608932105,0,1
1337.1817625829085,3.037420959113379,6.597738137494221,7,2
1185.220930828977,3.5850549006948085,12.107868516970584,10,2
593.27661563927,3.289379220878619,19.995754388596428,9,2
1322.339450016927,1.9963775302750189,11.52165758503709,8,2
1676.9437844390272,0.4225864840199008,3.9774156195811727,2,0
6335.536105752224,0.1367800410949668,9.310313734700568,1,1
1454.1592112348387,0.48677233080749904,0.7426508021301725,1,0
9799.33187150551,0.024601415727851638,6.089364482462676,1,1
302.3639491702279,2.8568548281142503,5.963861201596824,11,2
5647.208699466771,0.09303737870429209,1.4871177901363097,1,1
4060.373148654985,0.14267814614284677,1.4816440635600048,0,1
4768.2074945749355,0.21309798302709315,6.0219877142161256,2,1
1539.5864422068603,0.14230121765339176,1.6802908865345034,3,0
118.58570833885224,4.186060047332592,11.734577211899678,11,2
752.6113220165103,2.134323487688286,8.92803880246311,11,2
935.0957874466163,2.3437647618339215,12.687810502485387,6,2
6735.286911078885,0.06634100440639487,6.5167062929275215,2,1
6611.653165025332,0.03212606790474463,6.6041727588234345,2,1
8255.161932403984,0.1634967413284645,1.0484756280830176,2,1
6329.020897381144,0.2862119042112002,3.5029859294158285,0,1
569.4666847237655,3.1033792517037244,9.94523296511084,6,2
1540.4813949638403,0.19438265664191068,4.00875500433415,3,0
1864.829062124652,0.2227050348664299,2.3569190887212246,1,0
1642.832475550149,0.425215410683036,2.623067752383805,2,0
2763.0110358768766,0.28549219736919,9.124361549005755,2,1
869.1878153647691,3.461324326798583,14.78959417557032,9,2
318.75144257990956,2.3622824429462748,18.86061172252436,10,2
9904.370247495523,0.16724930428386733,6.5257178282250035,0,1
9569.01023078553,0.2834034542667396,7.146407751825099,1,1
947.7716985349815,0.009164029854823175,2.971654703809828,0,0
1291.7516588426668,2.2372714603475417,6.212571264732103,8,2
431.92764309189926,0.206326651424174,2.308631605910168,3,0
1156.2413054879,3.468744449130037,6.935116394457534,6,2
1047.9878542384772,1.5334713036059342,17.221883560457854,8,2
6920.5446763807695,0.046258751709683084,1.3903776324403683,1,1
8485.23006948625,0.00877442370694922,1.1454607953397111,2,1
106.84622915633058,0.4855626143145621,3.235815521339849,1,0
607.9557214290999,0.25274201191733603,3.242922445840845,0,0
52.31168852004292,3.6342011815122595,14.816460747123912,11,2
692.7321123149992,0.24890276559690705,4.222849821148693,0,0
563.3815023023618,0.25966705853192157,1.349159517472522,3,0
1572.7455272663603,0.25591665822875814,3.1130684015914034,1,0
459.74254032191755,0.4040323145366233,1.2436473004841686,1,0
283.7099084874073,4.808252031728121,10.49199510874611,5,2
1174.1097397186938,0.2572243239536429,4.323662747299064,0,0
5077.0021692868495,0.1333346249153405,4.06865823665525,0,1
8126.1385347457835,0.055202632300705656,1.7605666747681292,2,1
78.28982197423362,0.45129515887540594,4.076751768372122,3,0
161.93822491512316,1.5252706809191927,19.24141621722189,5,2
701.0253728204591,4.543318567642379,13.23199343685477,11,2
4488.409246299007,0.003755711098370307,6.430460801914809,2,1
225.41729493034103,3.364006685245988,17.997493841897636,11,2
1250.809012294411,1.7438684762029935,10.525749063992482,11,2
750.5998558205072,0.04309869686480822,3.650724854048946,2,0
656.4380449287768,0.12779936902758682,0.024239169294549834,1,0
1255.288796853241,5.282454919203962,9.32847116739262,5,2
3302.327646796809,0.00564943613217368,9.651378849551502,2,1
1489.6542446932099,0.4811206597091115,4.456825407871613,2,0
209.89704921784258,3.170899974947078,16.187091809939695,8,2
944.2079514745083,5.555868957915993,19.488034586833038,6,2
1224.6949705102186,2.664246341175327,17.813500450703124,8,2
771.6017632647961,5.648999837742304,8.358631844727903,11,2
1128.8682734499102,1.831512669661242,15.650862283979947,7,2
965.6824622290857,2.4956185913927817,7.844037521062553,8,2
1243.3829845127975,3.240240992046539,12.185899011358737,11,2
5626.17803426513,0.27074891689626457,3.657241985048322,1,1
1144.5760916899144,0.20855338700907683,3.0444443423717926,3,0
2952.9619032477694,0.2320273801384385,7.310901393363126,2,1
1389.5820715480106,3.967020366018499,19.638610575251832,11,2
5824.682700492618,0.2298398737401797,0.9524676604605586,2,1
4922.535817588582,0.13363986728933633,0.8660293567631139,2,1
702.5223360302695,2.3679363158781648,9.010869339574933,9,2
241.0174880405751,0.07212814344705076,3.7391830444513707,0,0
1093.388105671452,3.800455415991485,8.956306105196292,9,2
831.4269672568934,2.336304424855639,17.297677755190175,9,2
1539.8703501106725,0.04263533803006975,3.3357933841742393,0,0
1248.9969401633632,0.07495552499942759,4.07502657455365,2,0
785.2829449263796,0.030878001800213384,4.239288168686867,2,0
446.71044337519754,4.003678082289518,7.084829052985591,5,2
1057.0344566709816,0.4815330607955648,4.097133825391147,3,0
1934.4244035285965,0.19198126156010104,2.434626324355654,2,0
6240.636189312062,0.2526692917049467,8.992156168178466,1,1
1420.5636935249074,3.2779260877214242,8.093333924583376,11,2
1814.1425726322582,0.4803410001371452,3.59323140459773,1,0
829.3801592864969,0.19928116653548716,4.13345335473577,3,0
822.4030897327625,1.8267584849630256,14.311583407063322,7,2
6411.342271492924,0.18625698615395814,1.1824273861646084,2,1
8141.087498965646,0.02149853394813579,8.682622132223067,1,1
6571.96407884879,0.22048397559700414,8.871385602645693,0,1
3705.144179977825,0.17093211346446172,5.494293471034891,2,1
1607.8739746764725,0.21128867574493904,0.9287949440096688,1,0
3831.5642106280584,0.13976434214423997,2.768396529517323,2,1
8665.458489883637,0.28169385787584006,2.21480996423848,2,1
1118.1466035529581,0.22170653978555938,4.531335432236926,3,0
1463.7702993482214,0.06642599059221249,3.6676733337022456,0,0
1390.1464089062447,2.423894324141296,15.978920903853542,7,2
618.477678631955,0.026771875797177436,2.4933895274485964,0,0
6908.995366548425,0.2411769685957334,8.440083175369287,2,1
956.0751984800021,4.123878062388667,12.726527434182271,6,2
397.2096387011543,2.318905998982028,6.326448159400539,10,2
7303.05248080124,0.10712800465656487,5.37589693965675,1,1
499.6652388912015,0.4936340430850234,0.17853850153352446,1,0
4631.693441846035,0.27538802997903744,3.8934444754604423,1,1
858.3726598594031,2.018315336716565,8.201516321590152,7,2
6907.672207366044,0.2797188539112642,7.374182496476348,1,1
214.7957686751077,5.292084389464922,18.915082633018493,7,2
1492.1858614833043,0.09179651621734897,0.6208357763412831,3,0
797.5187656534478,0.23686397246645552,0.09860556637825868,1,0
1455.8267512899577,2.450281112142986,10.797995040861151,10,2
953.4099450001331,3.4168187958795544,18.992468711387023,6,2
870.0132014776345,0.24931834094755267,1.9932159840466357,3,0
6600.413595137899,0.10558545138397736,0.6335328352063485,0,1
273.0424694532405,0.03677967199581278,2.1526665880842133,1,0
1439.560209429847,0.2965146545558188,1.8484653103052424,3,0
504.24689246774176,4.888192529776239,9.481768375811779,8,2
26.930540099729004,5.616421549964241,17.664762991216264,8,2
963.8550909240813,0.24497581433614812,1.8296498473630267,3,0
1172.8511868578219,0.21868327107344676,1.2580703914028075,0,0
1147.8915228754815,4.812277536819057,7.320009084074007,7,2
975.6047806857102,1.9701384836741007,16.469331025932185,10,2
119.64132086863921,5.331807793856729,9.313178830155909,6,2
5013.388432857842,0.03896364370769457,4.503458524740115,2,1
693.1907356795726,2.546115083917665,19.499427115387316,7,2
4849.184325714879,0.19642786514721847,5.882938536969195,1,1
685.970460999095,5.556949260441218,10.428828250599537,6,2
3034.1997490655826,0.18263471168471504,9.72703454348192,2,1
4835.94371997358,0.09801636723786396,7.079023744188096,1,1
885.8765810612974,2.931047298641862,7.208068154642951,9,2
616.9608377027895,0.23710501818650243,0.01664237048616679,1,0
1176.4960244219044,4.3058464015205455,12.52966146353188,9,2
1062.360270375249,0.01773016253220161,2.009718441752378,2,0
1723.407855301771,0.4855793010685108,2.905689326693342,1,0
9801.780790151293,0.21311137167488356,0.16162322031892273,1,1
1841.3500573469419,0.1983635899661968,2.3015948333453706,3,0
8899.868797527599,0.12055681618437436,6.665517978886126,1,1
7515.25475884575,0.28185877816020094,3.3230528600322007,2,1
2718.052067281358,0.21468928866038164,3.5253762771302277,0,1
368.48778742199517,0.4654863033283743,1.5740634959669764,1,0
8979.180895254489,0.2388581743295255,2.6716960890865424,1,1
1403.4398249074281,0.4620271940219178,3.9153872501588665,1,0
795.1810616756518,0.2691472529222897,4.840071625846299,1,0
325.40874828762014,4.89820796945514,7.2695594253173255,5,2
5862.417868194421,0.13583027005700463,5.392431175811883,0,1
8663.489490030388,0.2014568231050438,5.104091330313513,2,1
1009.6968201937366,4.084274845318416,14.379509973254393,11,2
5856.261512217001,0.13653640568464795,2.328437865190053,2,1
1167.1791320261555,3.8375023396719676,16.188362095417478,9,2
7781.173265281984,0.0738062512399756,5.137558621036888,0,1
1363.992211346081,5.8488290520578134,16.63819425715304,5,2
912.0222779839537,4.887131767269741,10.714681960840775,8,2
365.28230292554235,3.6686323861326424,6.12546917493121,8,2
683.5365497991307,5.483970853099091,18.63625897763173,11,2
970.5891584352682,2.80094129149896,8.211536820565193,10,2
1603.4266528748549,0.044192860982746884,3.6994183494539716,3,0
4919.66708311683,0.1787344137235347,1.6467315092681545,1,1
859.2588750548985,2.629152922445014,9.741171289953268,6,2
439.0948486246315,4.943211423510066,15.906533583718565,8,2
446.4349437854392,4.38711745712497,15.335217425218007,7,2
915.5366199965163,2.2319114407144625,11.582973369995369,11,2
1148.437412372576,4.639731754650489,12.306738124866566,7,2
199.86694102242407,0.06559678833477567,2.45241098078736,2,0
1105.9522183933711,0.40767283017890904,0.4999723826012148,0,0
69.3293267354147,0.4394770385571674,3.152973554841285,2,0
709.0556711177252,0.2731562174200024,1.0353557682960723,2,0
4610.5366215260865,0.1968506129140599,7.610715264786114,2,1
9452.231713005014,0.20300130652963216,1.2766361332680587,2,1
1479.6876368769615,3.061925835390947,10.67031506163816,7,2
407.5445065853141,2.3032564080871225,5.476776158756067,9,2
7757.034754034606,0.044784022542525205,0.7941665333847936,1,1
9202.34050976106,0.17121364432487648,7.755469120106646,2,1
5462.324985813217,0.2836949199038608,0.9624895764156183,2,1
3401.6148089744997,0.18458191464857218,7.230205857122706,2,1
3280.40862606484,0.11551942421147027,2.160967700186397,0,1
12.739645282316637,1.5479037972839669,6.394080112790766,7,2
337.4269930636754,2.9169873717185277,11.021168888978156,11,2
1066.3766429745333,5.18150580680463,9.987064611480559,8,2
1796.1782229880378,0.25127899857681635,4.7947886842956216,1,0
465.9368485266796,4.899660516074445,15.715463306726543,9,2
736.0570308180671,0.453219763691604,0.040476372151417306,0,0
323.7050888164197,0.23357684583945226,2.628370221539389,3,0
1413.0129585975424,2.707008490200827,11.06770444855117,5,2
9247.31563698889,0.08182406372526914,6.376537980823546,2,1
3974.94811774517,0.1521815045961242,1.2762012740113504,2,1
678.9941774506154,0.11983963399644953,0.47597254633284347,3,0
344.34525307873963,3.75506934445492,10.402237644447563,6,2
675.6721792650279,1.8753627910360242,14.025966973495626,10,2
7093.421736924286,0.01808717806380772,9.568391089414401,1,1
3251.690717698105,0.20592487873909673,5.110475838551797,1,1
572.2770753587847,2.689090367229789,15.328488369561692,5,2
429.9851637640093,0.14528509547440616,3.480742211729943,2,0
3509.9350808310937,0.13435882267371596,3.2293806586787186,0,1
4173.55092393078,0.29350331428467,4.777548168349202,2,1
3582.568091383255,0.2912310496210535,5.476857424022878,2,1
8240.672323321016,0.1706081550751414,6.423595872482735,0,1
3722.2597781592135,0.19528048063511144,2.2180746293047338,0,1
442.0624993631083,1.709985437773585,14.770540062916213,9,2
869.3040802223618,2.175194355857891,12.796395431823775,7,2
2639.4693125350464,0.07755337853477969,4.658765214938767,0,1
455.6731547015817,3.9653777623089805,19.436067096057297,8,2
280.6239517998609,3.962507560585351,6.738933082916654,7,2
7518.876014629098,0.285528125173869,8.855328643593337,0,1
5535.755299646906,0.03862651417408106,0.7208647633789322,2,1
626.0413736421895,0.44991220221350314,3.3965863150609414,3,0
588.3753553272669,3.116653231244608,13.086314076995226,8,2
924.8427385553009,0.14994888289685143,2.4578646788524967,2,0
9780.822619178505,0.030844919085651377,8.962161293754491,1,1
682.453376576299,2.4292320005410617,5.560720612536192,8,2
6638.968667118917,0.19268176158754743,8.92839307232949,1,1
5392.037917878921,0.023493685742321555,7.336408781820014,1,1
547.2002433424054,0.34333641760302197,0.7328352296162449,3,0
6664.510566304882,0.2228058637785519,3.281456971142193,1,1
398.994786871721,0.31523317614136703,4.337380928116906,0,0
6751.852988114451,0.26057592972199795,0.13304632321497367,2,1
5414.480610464544,0.13981211790156117,6.958257132311387,0,1
1257.135952799193,0.3608181522203138,3.3204787283139128,3,0
1781.6517580269865,0.0702380689270069,3.101040457174244,0,0
399.2913312033157,4.008943568941474,9.526252885572028,6,2
57.46704394282942,5.764805877492382,15.390555582207067,8,2
6821.385494503468,0.08323101313332683,3.074324002236123,0,1
559.9217567482839,2.662875794488733,9.287895167807527,6,2
7421.809763298294,0.2983292567669214,2.7564304199060508,2,1
72.13427729327765,4.049461676420006,9.643690514538111,9,2
296.7462263207855,2.4714983851085544,7.463733845555373,10,2
1437.5819821046405,0.3905995999203682,4.280249876918074,3,0
1221.1101969453205,0.2842875964187285,0.550034171686063,3,0
8543.044579795649,0.05946367200767204,9.410023169639626,1,1
8229.429492846382,0.2643764572517864,3.5991294595716905,1,1
509.8729512231108,0.3275135070530141,4.1747198783471715,1,0
354.8999613649915,4.177379373070401,10.319535402177607,7,2
9961.847384608973,0.17632084282067745,2.8564472173718514,0,1
925.1162029651298,5.37385397284158,7.315376605999191,10,2
1890.816016746331,0.015086364146987497,2.983313084108292,3,0
9502.472510442478,0.20542214878303663,9.47717964342321,1,1
6886.161097573472,0.28129448075742336,9.424116216613108,0,1
4833.540464701103,0.21705281676024638,0.9000420429014389,1,1
945.5745627408967,0.053369328416043915,1.2871357152537255,1,0
950.0073673421683,0.4495362360643439,1.156404116154281,0,0
9019.26267320816,0.20232121842429876,0.4096659765754085,0,1
4301.483149417556,0.23534122424753484,1.0209359288338904,1,1
1573.2691614556227,0.43569826384119914,4.009616051921226,1,0
1251.2771184955136,1.6014576608751865,11.275284687720914,9,2
136.89233303832322,2.1289735860608725,10.417566191190515,6,2
7936.008484324815,0.23123344862576128,0.26325315335848254,1,1
1784.9837681828888,0.2791890421632547,2.9370311802794453,3,0
3211.9892274428776,0.2758445994519275,9.580057232046588,1,1
766.306135074441,3.733466607718307,14.940238534656721,5,2
611.5044488777195,0.3073375483513729,1.4835537931240628,0,0
4615.151503046315,0.18346639536967171,3.973828633564098,2,1
6397.545461849801,0.11702963240941072,4.2617731196417115,2,1
811.6354382098832,3.016094081902586,18.12450297664354,11,2
1932.6251941809828,0.4630730722946993,0.14651314664732795,2,0
5274.22448052785,0.2939040242688159,9.966039353164488,2,1
1540.941379676951,0.2720944151580565,3.376057117058438,0,0
45.28546894548957,0.15430685698776242,4.903583792849766,2,0
1545.1987609010132,0.4715529002505353,3.502414892696199,1,0
7411.3722080015095,0.2954830147980253,1.838011872038443,1,1
3525.6299747891926,0.19627516023348143,2.7994904298073786,2,1
1080.8184678830933,2.2003899365284596,8.627825164974414,6,2
7394.95097910256,0.23335560587483023,2.933848072297369,1,1
1479.5438966248435,1.8465240956095799,5.1558455832970385,11,2
417.6655131271696,0.20558877174257395,3.001432338824954,3,0
1581.4526073348015,0.09838734835352675,1.2541236614070543,2,0
1194.2732137601556,0.2277346071117251,2.2603303073121555,0,0
1249.6813198742582,3.965347740606739,15.417962422263566,10,2
5899.495555826264,0.2567974570318801,5.540077291920089,2,1
5859.373811217756,0.06947229368332451,2.06249068598215,0,1
1736.7566003673949,0.0026721942246479835,1.817204521891314,1,0
8806.304077104147,0.12794325603032716,5.281591441394724,0,1
288.58194824135876,0.1538606773398532,2.913232618481545,3,0
930.2821313819028,2.333596523949752,11.962302565773712,8,2
1212.0448196048033,5.806269081219017,19.139265884144752,11,2
8123.999816878984,0.19555687885091738,1.0173910248195173,0,1
745.8481320483204,0.23986211137940583,2.552058342015356,0,0
5211.158967313245,0.2856739807217966,2.127262581851166,1,1
39.347363237116625,0.3054913831645456,4.652454567050441,3,0
707.9463556609551,3.789471509052367,5.896043676441675,11,2
1684.7457289656568,0.04178063158327466,0.041126088580074605,1,0
7291.4018953991945,0.28341682286874387,6.473767413779164,2,1
1128.3559214285904,0.4577034813401856,4.206075617640556,2,0
874.2900583938659,0.16586177955277642,2.406404710136883,1,0
5667.261329203184,0.06519084622723237,6.5245845461827265,0,1
3570.4363631743936,0.23091992969252853,0.46751099637344584,1,1
6905.966219324299,0.22397110556795838,5.274488427935146,0,1
196.5111513248835,5.7809905195327795,6.117408836879488,10,2
43.94874523546699,0.22205057266923467,4.689814707580406,2,0
636.6288751254269,4.085690434852687,15.683964514044256,8,2
6677.277801771026,0.29274310526947,0.35690522215374276,2,1
352.4156088084677,5.113682052028918,13.875610141900761,8,2
225.04269407952526,5.221693291623726,14.082663676903273,5,2
938.0442105868541,2.4689764462314754,8.22690288354417,6,2
7763.743876239684,0.033227122676078545,4.829828927746609,1,1
4640.514966525729,0.16283712013831939,4.819470298309316,2,1
396.06691400748196,0.2866217704469682,2.69978662131585,3,0
1215.9530271012334,0.12127703463461065,1.4535963068020563,3,0
375.13858060904346,3.489350042588934,13.960183926889561,9,2
131.31125921284826,2.5190919792879387,17.93298741744832,8,2
218.51536065971462,3.359149095443532,10.380125302760105,8,2
366.14155944681823,0.004010653523487784,2.658838349531958,1,0
3592.911099876259,0.03492337634022119,0.17898042455541718,0,1
118.31284699879107,0.19984834983397703,1.35124110874708,3,0
4472.222113611618,0.11499208883632489,4.739237558854361,0,1
7236.779223548499,0.2531623430332922,0.52649589467615,2,1
7467.0120017206045,0.052325440892012666,4.199168915289593,0,1
536.1853893422226,0.0858759880206924,0.38029760562463877,1,0
1000.1521327036413,3.866972162530221,5.13515163937144,6,2
2695.237048484486,0.023010626769705965,2.34873786719219,1,1
212.53791374768542,4.2676371606772365,19.61446825654579,5,2
182.9541406483985,5.862534083979307,11.373643189012572,5,2
912.9098219236158,3.2753399815788664,14.437838863448794,7,2
1117.6818666165134,2.358199887964319,9.273994402080941,5,2
302.2052808967137,0.47803885958474895,4.549521272311732,3,0
1184.905164945158,3.380653651414294,15.56149639266766,9,2
1138.0527350976222,1.8287056070726218,16.153470186991626,11,2
4483.658202303904,0.010813821834484627,4.613256780419334,2,1
6483.832834599045,0.09494658402939506,1.7052749069958129,2,1
1056.3101239238545,0.13206549264262846,0.7726213166753615,0,0
1442.8201017784834,0.05102516823014264,3.619308951528895,1,0
3522.873513216183,0.10199073911748034,9.19897328508189,0,1
229.53638050852894,4.62752402687553,17.66886412653919,6,2
4230.824865558344,0.19697595597662573,5.1357825488456745,0,1
203.40577620377198,0.07571720180506503,0.9788966998986359,2,0
333.87510335152837,3.6866656378711022,6.869792439395353,6,2
1047.4219822419875,0.05029749230600494,2.6420026570615724,1,0
394.8060122872484,3.3272206684028722,6.367636215816621,5,2
7565.331299720941,0.14854678846591043,3.6747431716551415,1,1
679.6045772058292,0.16552323812633324,3.4608896327602343,0,0
857.7700006403328,0.40412088829864673,4.676585934440196,1,0
760.718921431399,3.4670591106163653,19.46372651340466,8,2
533.8701140323692,0.016709738532795726,2.4949432389266275,2,0
6182.470520773824,0.27012447394609873,2.933390888156644,1,1
392.0666176310883,3.1564959436779834,6.170163431855817,10,2
962.6670813440114,0.49373462556805525,0.6441834688817843,3,0
8971.127796302899,0.15238279122875462,3.107629580421365,0,1
251.4000275984961,5.414358796486866,19.78787510652638,9,2
204.54601545610163,3.622400649229584,6.774824517438581,9,2
82.7018589771802,0.42840374335798814,3.2793110007865427,2,0
1305.5394604140115,3.1606349797493634,14.380205166729374,11,2
1377.7053767479886,3.5985562876841053,12.674896112626474,8,2
364.494394327444,4.3114361977034985,11.573610213467646,6,2
4474.933905300332,0.17354574203056003,1.9679953509467885,0,1
5485.87522600533,0.04963776053299109,8.166791681302108,2,1
4177.498543327332,0.13581091402223971,5.9961743642367225,1,1
1157.338273396389,2.1976343436453942,16.167725134583957,6,2
1089.1329226143407,2.07967204699057,8.20300517986399,9,2
501.1936376374508,0.027356167734317427,2.5521729803571875,3,0
9894.282452700489,0.2548214244087367,0.8211135146613191,1,1
4501.540473157042,0.11084453999286949,9.572811869704061,2,1
7277.615953766808,0.0324456309652588,9.745718271602525,2,1
6390.664540773676,0.2679430627662446,2.759384944538681,2,1
494.944465370429,4.547208627261144,10.458360012151946,6,2
5163.161050267889,0.2647172758340065,1.835007928188277,2,1
838.2531385715288,5.354832785396345,16.66209243168722,5,2
220.15855199499057,4.8534265987910885,14.3638020707738,6,2
9870.557568132795,0.12735001056765508,3.6839671155339238,2,1
1238.5679202118763,5.339781272750727,14.593605610090284,6,2
9631.841929423315,0.049305616140569365,7.968513510858049,2,1
1885.2258956944245,0.41931813233835497,2.925031989807141,0,0
119.81824619301162,4.680140894835596,19.218408671839953,6,2
8025.867700097128,0.2207985060354681,0.47912488742353876,2,1
1328.576976072054,5.254527421376997,9.875771020313966,5,2
131.23680522679615,4.526651782798323,13.50735524211934,6,2
925.6711780414055,2.7645118521495107,18.279814883173415,5,2
9568.817167281453,0.2444742869350598,2.563793055187392,2,1
877.152606557688,0.1094244605702348,0.02830234547172794,0,0
1181.6095369355908,3.4739126851907796,16.384828211464132,7,2
187.0626416311729,3.621917075321316,11.517915782790142,7,2
8645.535153392562,0.29851895551126334,6.922878893530887,0,1
444.91601790512215,0.06800746158628596,2.826462736993097,2,0
1952.6410615118093,0.1962170319837262,3.620746200917594,0,0
1134.3001299722805,4.314993616776245,15.223048599152001,8,2
4058.598996223174,0.06943036882611922,3.5443549783091077,2,1
9359.189146375835,0.21678366871420943,7.677967328966375,1,1
5786.452679051131,0.03915081995694423,3.804656368918823,1,1
150.70618944140614,0.05727388389980337,0.6295401051031663,1,0
7492.003915009867,0.11442087777144189,2.3894774570319255,0,1
1217.3748169294995,0.13931671156239128,4.024268862032719,1,0
534.5674223521461,1.5756887636499999,10.830449081238212,8,2
706.736042179261,0.36175523150959366,0.1835229204558858,3,0
1055.7218123881125,0.22996266743587612,4.2394488428403445,3,0
927.5822218687023,4.229119089613443,10.35961913846849,9,2
568.597471315232,2.5402341779666378,7.714404107061135,8,2
1295.9429525390997,5.847245535198699,16.754711309835226,10,2
1015.5027288098247,3.6792263152398643,6.7907610707351065,9,2
823.7341140777849,5.623047484669945,6.137305575092214,5,2
9009.987158017648,0.18783171620105527,1.6061254255235968,1,1
925.2499514884489,0.33380751125107877,3.4853410381638703,2,0
1363.0738747304858,0.02474550927416036,2.8680747700350895,0,0
5656.795686633278,0.16851757045437257,1.8675261524384057,1,1
9016.63784694562,0.0950229511823237,5.720855975487254,1,1
4376.16756073268,0.1681780863675803,1.9014227196570432,1,1
979.8417161191608,0.26481023086327354,2.6982021047684017,3,0
312.21055597760545,2.862175595831674,16.467431807264198,6,2
6357.631433013507,0.13677392977303668,6.09199141591527,2,1
829.4638555584677,0.19279935823786176,1.8524564877658882,0,0
1524.4769452419052,0.04559814789417821,3.1232051035071184,0,0
1047.9377029250418,0.4049545160525394,0.2710204352861695,1,0
3723.369067834766,0.18142425060952075,1.913384352080737,0,1
580.9936438783465,3.2869196990014666,6.824082886764845,11,2
1893.0671237676563,0.1284162836933988,2.2679918887191746,1,0
420.4132360338373,5.408590346000034,16.588086832388626,7,2
1218.7908202086585,2.554423587767806,5.055789266241078,6,2
564.8471687747102,2.830601783239354,15.560529356326226,6,2
6511.974249507804,0.1325414252899278,8.46012739198504,1,1
915.9882895954262,4.830719249586814,7.306270956796924,9,2
8785.308983239423,0.1330729842779491,3.938921410907051,0,1
1542.484594063032,0.05208875110476041,1.8760258597850905,1,0
9815.602870690647,0.251903006267873,7.580043948932689,0,1
3.9223796184313375,5.349728088027623,12.916568274364444,5,2
613.5513063340686,5.509708766346869,13.199379531128574,5,2
4555.584869097625,0.24815002372382242,4.837574848952296,1,1
1430.104334117452,0.11807125565815596,3.2445436157756493,1,0
125.49423129648774,0.02452300535759183,0.20575416870844243,2,0
85.21160212089396,4.335313043080197,16.80751417339569,6,2
2793.132046553386,0.2694207900587557,7.600656004924662,2,1
497.16024187093467,0.4619323564023,0.772817947473346,0,0
1268.4527229073883,0.4325120754798353,4.273859486548328,0,0
1058.999781753743,0.4258498943491312,0.939803039264499,3,0
4292.317425554988,0.10599290352261222,3.688776437809498,0,1
1957.7024236734899,0.06176373189634449,3.4916971065932434,1,0
9539.245876797755,0.26119213785132933,6.26464814733593,2,1
9111.087469731716,0.18551366775259717,3.954754728540605,2,1
9238.705493752645,0.15406818041428652,5.353196647869286,0,1
5314.035388058084,0.26374069373773623,1.9657774616301238,2,1
1236.8391294520536,1.7987497196676314,16.0779242569461,10,2
751.2177157027627,0.12257151035094205,2.913593393293455,2,0
4618.0789593521,0.028175425099397376,0.23967226312633372,2,1
1218.3523253800308,0.3995341465007895,2.7627417775544236,1,0
6327.773220035503,0.2875269026253852,1.3470260790807453,1,1
3234.08967913985,0.09151642881855268,7.125940950301897,1,1
664.7341739698638,0.1834533770020696,1.0346939220893792,1,0
234.1639066233764,5.157534719827207,19.59198402113318,11,2
6801.921050097646,0.09824669563725591,9.558572124304236,2,1
245.446950517898,0.1528154300802566,1.2493629634890286,0,0
4460.081352930578,0.08834655447357716,5.833089957032808,1,1
2560.575377354718,0.23283864669001195,0.10775422721734818,2,1
991.4226235414956,4.859192419645501,17.325946834660513,9,2
6176.492755750771,0.19040892827895856,4.320996739915204,0,1
59.29343116319341,0.3914626619228,2.7134219100562733,2,0
4179.742487797204,0.2516746178003617,8.94372007461321,1,1
1286.5701787405314,0.36032072672843807,3.9306869058515517,1,0
4999.008343545737,0.09842555791182389,0.9013095812447158,0,1
1110.5917817449858,2.7731740029627328,8.45891184426014,11,2
3282.1434227354084,0.2129300073236325,8.358632687347795,0,1
376.59723988178916,0.21186521273904985,4.703684624672128,1,0
1315.1402665873227,5.951858880954152,15.689333732235795,10,2
60.0629164756874,0.34311625617071934,2.2615895381569833,1,0
1196.2586299861412,0.03871458967446123,0.9399783857311567,0,0
5737.680072838924,0.24350990092007835,2.6762181154478792,0,1
807.3106204278772,3.7919506157457343,13.291083076870315,5,2
2636.966626938064,0.1255717789404528,7.794093036324509,1,1
1217.5254972970408,0.020569982691735822,0.9653126811687596,1,0
623.7904214636773,4.192682346956598,11.177480031462519,10,2
590.1524629791539,2.9833631771278126,8.442221881199295,8,2
1248.9613549530754,0.3776931581420251,1.5867554860204602,2,0
717.6262894029546,0.2522947731996315,0.6146769394605883,0,0
3594.522629440159,0.22449462182877225,7.042755815929498,1,1
7320.042288591867,0.038662933388682194,3.4784280241095225,2,1
8862.744155347702,0.17912646677361685,6.174431231129283,2,1
0.3924309695007566,3.0454261647533682,8.98345664250073,6,2
336.1181042256361,2.705132129924504,14.029801028832958,7,2
493.7535101176076,0.17787531998327127,2.0057342650490186,1,0
638.1761191546111,1.7112532353517755,17.79002252304477,5,2
1052.4415662955003,5.952035258097937,17.968943670015207,6,2
9365.370408422617,0.17235770696721156,6.742337973035721,2,1
1062.4785400239589,5.119404404035263,13.386050673807997,8,2
488.81194314618796,2.4876797574811755,5.821384502904545,5,2
1488.115434197772,2.7799136860592277,17.547003661592655,8,2
475.18899376937185,0.15154291138842596,4.104386238712405,2,0
6080.537095216834,0.13795732698482552,3.0202029617617967,1,1
4488.679170947441,0.2931967814710307,7.617742619698121,1,1
969.2849987712659,5.656346648976175,6.661006449212449,5,2
1145.5226444664236,1.991486078196347,18.272612531905068,9,2
739.2920524613173,0.1297836948735232,4.1887682934116075,2,0
2813.7165865088414,0.06803382279335857,2.888461064201473,2,1
983.6761547941641,2.1894115140130075,13.998247383434187,6,2
9826.965460889405,0.15477185373825836,9.459160552399101,1,1
36.892414004877196,1.6127520276216734,19.28975402324831,11,2
6968.847604431467,0.05706877548087261,3.3921225566544333,2,1
7993.065465824115,0.24547595872234737,2.380980291829146,2,1
1795.8052556547714,0.4813240364941005,0.5155438567121068,1,0
912.1162172753379,3.101601542570502,6.8300459311574375,5,2
380.6487902940967,0.23116373417623615,2.871053297416103,0,0
1895.8807123294753,0.3580643325223511,2.913500905684357,0,0
901.5528692012067,0.419404158940223,4.666042782876232,0,0
4498.483936702544,0.25146300644956426,0.9933054464946212,1,1
327.68833537469686,0.039684998012761374,2.883866141337289,1,0
8754.711323292955,0.21199701923032005,4.686548728978174,1,1
1297.9144037709193,5.588262629314148,11.455872206535897,8,2
682.8332145914338,5.2448381770065815,15.818016962322309,8,2
1564.5609305826492,0.04517226832836396,0.5648640676628791,0,0
5886.971894706813,0.26237939256536696,0.9491889637463269,2,1
1244.106826737327,1.8892213650987515,5.659359722447078,9,2
1529.882100625387,0.24467359227137808,1.1861474999086496,0,0
981.6902276875775,4.283415297271544,9.07260819155397,5,2
5842.873352564495,0.007788889894365658,8.1679959268028,1,1
466.2563142486671,0.2801077600627289,2.4755121039099515,1,0
1184.1806854298009,5.06831180430669,10.28307888646379,9,2
687.9665094901966,5.8209095813134315,11.405159631033799,7,2
715.2624951713505,2.22208843799817,19.99183712718082,11,2
1476.5740900117544,4.749301512595063,10.105043912854118,9,2
962.6842123647978,2.6775802753334648,6.561960657768138,5,2
1870.2583670253084,0.13803760782403235,0.33767849004122497,2,0
1437.519255468934,0.05060568386297798,3.258507192332659,1,0
1375.3934777586078,0.49404903967590647,4.6992056327638725,2,0
9417.019054480828,0.06933652742110638,5.746026619008463,0,1
331.0392910989495,0.3076122745940824,3.9815185856282547,0,0
487.28029161494516,4.844242810262742,15.695308928757893,10,2
624.67339254427,5.893682904006748,14.950670006211118,8,2
925.7163503412471,3.6479639919332185,8.914910443105065,11,2
1217.9868502252957,3.829256180545527,11.303880806909923,8,2
1441.1280414164505,0.14253548372083807,1.5396412847972791,2,0
453.00783939402334,5.492228612022024,7.134997060966668,9,2
976.136854259044,3.982691357260798,17.479516378995562,7,2
799.2351875626148,3.8285394500920678,11.70491907413809,7,2
1216.3329780210922,5.719064166321323,14.174251901807132,10,2
24.024656885313522,4.524644085115174,14.71547613031017,11,2
1479.5322077327532,2.1408756757018548,11.588750107659124,5,2
1362.952104319425,0.16172796639881526,4.52620021939868,1,0
6599.2510298214775,0.09732437422353415,6.244733637117666,1,1
9725.707077872452,0.12052512778796089,5.4611809539659175,1,1
730.2762198474834,5.6354363301426655,5.4947113388636835,10,2
4902.339425745686,0.1020150168836438,4.847938480369454,1,1
1460.9908728997061,0.1585283961507693,0.5294276081264138,1,0
459.82333820210584,5.882260747090338,5.915479182396155,7,2
9112.412913173248,0.10281617570009255,2.2769302604745247,1,1
6989.0199983047805,0.2709482434148482,4.829975004016223,2,1
1104.5048402329166,0.10826808982415836,3.4407949492680627,1,0
5726.649411097027,0.041006026659796156,3.065492002696222,1,1
466.37048574597986,0.3993776449774129,2.1120522579637484,3,0
5848.831062651474,0.0009055308104636172,7.969786940261092,2,1
8655.03885132613,0.24533325555260094,2.706785930238186,1,1
7433.932642666766,0.10612173099692919,1.0877745334985667,0,1
5030.496663635962,0.1297857304767222,5.06721533039881,0,1
625.2728829927177,0.49199372678167763,3.5324046749342006,3,0
1151.8714732698802,4.950161629087888,16.83872938877197,8,2
3422.5866583468833,0.04580978286317213,5.9503725548681405,0,1
111.23235668584475,4.048213351764545,8.136879278082619,6,2
901.3053046787387,3.0158520571495293,16.66448972976095,8,2
4485.24189031771,0.06911719823157744,0.9070917598360562,1,1
950.9461220510292,4.954034780751044,19.220907726666074,6,2
1429.2488877775015,2.9635488747809577,14.18931583951372,11,2
302.7624714814114,5.953172204679851,8.319655096049125,11,2
1091.6847131974255,5.036459842343521,17.18903296454862,8,2
332.85499304566923,0.22535031146291784,0.6381726248618619,1,0
848.8191556843067,3.6332067439993,12.782683551027183,7,2
173.18601478183004,0.31173244017329516,0.675686961561095,3,0
8009.356741875953,0.2382339913266459,6.655603815090823,1,1
244.90924065097275,4.999841075513512,11.53357108305909,5,2
995.3643241540044,4.30186945013075,14.665284698436487,5,2
840.9263962613923,0.2168201153267994,2.561911842267781,1,0
6758.181330984711,0.10676053206449096,1.4590674821504168,1,1
3145.705067992807,0.272562093114145,8.8102053031627,2,1
843.4481590593194,0.15448311175196927,3.4733890532995044,0,0
3802.8685843255944,0.1548339283713808,5.231121971036239,2,1
344.1618901303607,4.710983243632434,13.648921258562872,5,2
1046.192448207765,0.18175457226263908,2.389402202948289,3,0
3236.7021524706743,0.2137007846945227,9.017826822762302,2,1
5780.751862476296,0.09804291342039526,9.933666060021213,2,1
5252.994789287323,0.2215124076841657,9.96768004423103,1,1
1597.0192494862326,0.014800383461421818,1.6610181803124098,2,0
2775.2536384199143,0.1284773748403397,4.085085640179549,0,1
1194.3650004958379,4.846329046194839,6.61574934157137,10,2
981.6418247800626,5.868546860359322,8.27165380350786,8,2
9456.461775157857,0.2706821557494639,3.8171549033848273,1,1
8061.12232176842,0.1693503140100555,7.598794556948574,0,1
1155.5768182625095,0.4875499459554462,1.74972814181015,0,0
726.3669790952243,0.36312811268354406,3.992075997975184,0,0
1145.6618183982291,0.4969434478030802,2.4703466849599693,2,0
460.6895164148892,2.03129596647234,19.745242206962992,8,2
498.33676158547013,2.1897402401655968,19.51677113221812,5,2
5463.920487813184,0.2687488376096264,4.973006053555591,0,1
4394.825502291349,0.26734543171186925,4.0646385641087965,0,1
241.47301191626158,0.10639595142305386,3.227119465639448,0,0
1228.5203338238925,0.32872077013668394,2.6173058160176184,0,0
8835.830016644244,0.15151988231591187,8.089308746370197,0,1
1719.2347588393968,0.39302617661814226,3.134340581954998,3,0
703.196580738061,3.815316677416273,7.5721528620018015,6,2
198.7770890960439,4.664101761867441,16.00821925532231,10,2
380.41579087615077,4.800749259358463,7.743392937123325,6,2
1197.7531222672785,0.07721584968236234,0.9780267313710128,1,0
1242.1084384308992,5.353980047240581,8.691939240131532,9,2
2955.4274353574074,0.18859684693354195,0.5854193758999238,2,1
1305.6051202845026,0.046065887356378565,1.0651311144030684,1,0
45.815867351250205,3.3012856182064043,11.728972395780962,8,2
1106.806781384538,3.79902307073183,7.0633387087632595,5,2
9836.09799482918,0.23427391225160552,1.8336397427748607,0,1
6711.771207294774,0.08495052350087286,9.491910979954671,2,1
282.32214925587596,5.7357176332273285,5.013188334848478,9,2
3396.3023138761364,0.028700656797217713,8.577865156210443,2,1
1985.4853258541582,0.49431624421142323,0.27212919333186425,0,0
1097.409328590353,5.418511107028852,8.059325768174208,8,2
9683.21627187687,0.17020690085037787,8.524176766327463,0,1
8283.31080937368,0.2254472076474759,9.1156857500991,0,1
5670.165190517945,0.2724572753942104,1.5475383148939725,0,1
7569.764060204247,0.2451184612609072,8.932562450980225,1,1
7664.591199350577,0.13363868068542487,1.708675884601758,1,1
979.240726486604,4.254322996843168,5.50626056765481,8,2
1223.6162145474673,3.5988365905611253,5.22956517121137,7,2
127.45605477078853,4.083069591992337,7.49489923354281,9,2
66.161003664635,2.993711328634195,12.02914666505887,10,2
1383.0604685808846,2.81531044186387,16.326576626553816,11,2
2674.3281547696724,0.08304795051339432,4.0265728377143715,1,1
4726.4719569506815,0.0885448293125533,8.931738496130805,1,1
1262.335936321699,0.3650705068421136,2.453011535171856,1,0
1158.3437469755718,0.09504981642749738,0.15131293589741635,2,0
886.4700199072779,4.175514422148824,17.63190811730204,7,2
226.68178542646754,0.39094303787570367,0.47045067375665883,0,0
9529.775476558454,0.09009448487881207,8.099368019742926,0,1
1806.1316776872939,0.08543003329317772,3.022400724273621,1,0
636.5866684219853,3.3289198658330648,15.654469212229001,11,2
684.4523299025251,4.208022392152065,16.13090434069204,9,2
1412.7845428326161,0.004759693577371826,2.5190180708575842,0,0
5817.68194569809,0.06828903270263766,2.2827001854973785,1,1
1246.656338689345,3.5683589232057717,17.9727331915052,10,2
1721.3753518667959,0.1766446542499926,2.389442324147967,2,0
2625.2323783834595,0.048978509735760185,9.617241150449429,2,1
113.85852654737793,5.6492382644353665,6.461378180206145,11,2
685.3442729061348,5.107816949103357,13.828863162666392,8,2
577.1607551205183,0.24399135204192396,1.3022972281877938,3,0
1290.804525004223,2.284485007780058,6.569021744987131,5,2
7102.113185274786,0.22477845446429764,7.786502758289834,0,1
790.1873363844676,0.007205866269241135,4.559874858810981,2,0
4475.430473537834,0.17944669080490916,1.5461599271809345,0,1
1548.3709069579909,0.1602175330071416,0.4926044843685551,1,0
8374.258191089653,0.20349508761744647,1.7723022761724172,2,1
1801.4576201768557,0.04244654667113429,4.6688463924895,1,0
5963.731562006014,0.11652564963795009,1.0386393878576705,0,1
318.8647298870402,0.11857138876491397,4.949707272872352,3,0
1351.1255166629844,2.9770429804829854,18.84073228559226,10,2
8642.599308475454,0.2477204274954194,4.083521628123772,0,1
1322.1499247547956,3.8039771736216546,19.974095449444413,7,2
1180.242153316754,2.7189384677642403,9.613035664242714,5,2
327.1962097433756,0.3778448397083382,2.0710059801720186,1,0
15.813565737757218,5.244963225661879,17.169773204979254,8,2
7789.094327903357,0.22110444030073095,6.66723486160944,2,1
1720.5947703230108,0.18032531269754543,3.918966665550381,1,0
280.9232591316242,0.025489892117570745,3.72828888523847,0,0
638.8929888315788,0.42169803600860306,3.138188193033655,2,0
1266.2127710001316,3.390668991267141,17.423102565206637,5,2
130.11288226761513,5.405659876583573,15.36321804390225,8,2
1583.0516791531281,0.46456176740861177,0.019957362760761876,1,0
85.24222056086073,3.8448485035324125,17.294637396570835,6,2
1217.8511313340096,0.08250835011305813,1.588262898261219,3,0
1700.8051309504513,0.13875559985017333,2.326561417619684,1,0
9586.660225530992,0.2333958126496372,7.1417591411759185,1,1
7539.219637421138,0.08931033704380685,0.6318115054310025,1,1
1894.3172143681638,0.17980957155278066,3.8158079073299147,2,0
4297.4056053422155,0.1708601424217138,0.6762850279505805,1,1
616.2653203241397,0.01901042069055031,0.886319286511999,1,0
205.90434432433474,3.4597760413689893,6.565632148350618,5,2
381.8896013713158,1.8591193489778308,6.9605542971824885,8,2
827.9505097755995,0.23969085717888716,0.48186870814783345,2,0
461.32371486526887,3.3014328918315554,16.361875067413358,8,2
368.6418666678656,3.6052608782189677,6.648133905187248,9,2
92.44182001029499,0.42146693079678316,0.5120647661914707,2,0
1073.8259929922115,0.26605649029108613,1.0889069431277592,0,0
1487.0111628276677,3.0042624870910197,10.624495564688097,6,2
482.31880473016207,0.4118989516008676,0.910611757793352,0,0
1105.5292802535905,4.255249910065906,10.7421231524111,11,2
1291.279754106386,4.718195328358361,13.49787177785103,8,2
1019.9018001868408,0.2105666656899881,0.5451446920010428,1,0
1083.732588379318,0.1468964568356565,1.512667097836159,0,0
1487.5917620841333,0.04993008428590734,2.554916159958638,0,0
671.0547678017454,0.25168581314105837,0.2033638502905194,3,0
1865.220273113166,0.10914324495539862,3.2737690051104185,1,0
997.3973338375741,0.39485607009048823,2.365819755372736,3,0
647.8201901747847,0.002817946806821403,2.8956032988210545,0,0
1653.5913159429297,0.22904793103544607,1.5355152806243049,0,0
1666.3218983032152,0.3974258727766758,2.635180870264104,3,0
7244.724219785184,0.09803903536019892,1.9577319028294837,2,1
4147.308374825166,0.1960394312504151,9.994568276121344,1,1
5584.807032074274,0.1515042687484427,9.725626660924952,1,1
598.2266163888121,0.05467735311311722,1.8722775523403175,2,0
1203.9642646219545,0.08264342736214864,2.174974720736715,1,0
147.65444532462496,4.5807921270854,11.0120256522872,8,2
678.424470730263,2.7131744791176593,14.804119997548094,8,2
1071.2736426282636,0.4339832761369947,0.8062338475557018,1,0
8607.010138395684,0.08243552258416799,1.8524144517394114,0,1
4924.254166732668,0.09277913102453865,4.957891590449808,0,1
8390.210248987823,0.021853138549075255,0.8873746524995774,1,1
4096.685078655558,0.11070285938463593,2.7860212563618223,1,1
1388.6521916298052,0.2038751946998873,3.474745834649819,1,0
5538.874878657454,0.16009888703944014,0.7985061577361985,2,1
1530.0617326341994,0.49296131023305617,2.3025634299215025,1,0
6135.825434088922,0.15092898246093736,1.664299304674286,0,1
74.92709557821753,2.174134541011477,12.190941971652233,5,2
70.97645036385858,0.3661163003604619,3.579239990723421,3,0
9457.711803696202,0.12152545029389328,5.305527292189981,0,1
1543.3482236253403,0.44069757855018993,4.898058601444709,3,0
376.8252674533033,4.992012434253109,19.188433412728383,6,2
1802.7097541681228,0.288753501444398,4.573650261854557,1,0
1074.1462334283406,2.780625657192323,5.549831463797844,6,2
1854.3681842012809,0.3020338979520937,3.7635735563961106,0,0
223.72599978514396,0.4313109055418968,1.5546725932037664,2,0
123.14257946523676,5.296395835736142,14.60464416993991,9,2
1966.9416646083646,0.26415310818681964,0.0008406826764201236,0,0
8888.041370863642,0.11989263950072726,6.489007187890592,2,1
1091.2765911458494,0.4378313428592313,3.528712101720331,1,0
580.8909011424619,3.8401764757179966,9.409128150962577,10,2
1872.2318483489726,0.18213385436913615,4.663234280317959,2,0
539.2497391155979,0.05488306092451051,4.172699815200493,3,0
7409.693336594316,0.15050446279496998,0.7494099335621851,2,1
267.68533031127004,3.1615913028623046,9.070275687011337,10,2
8891.681290344484,0.17759357465566689,2.2100977131799193,1,1
8971.385469120021,0.012868323693537909,6.587512172681188,1,1
195.30270584948696,0.3323624423137631,2.6262620186627768,0,0
1939.4077682928594,0.3866536561318695,4.424011225473825,0,0
1292.307697520236,1.9388666412121087,17.4584966666551,6,2
1131.4939709526734,3.952608463997794,12.894016983085471,11,2
881.7141018891302,1.910649919552638,10.647127092348157,9,2
1394.5968311988217,4.160243951178733,8.214238330177263,8,2
5758.35066337474,0.059875403157804236,6.431167594951416,0,1
898.0259671135971,4.259833135625893,16.27832814664489,6,2
1365.9115240815063,0.22570856720521093,3.2921123619960833,1,0
334.53287581466157,4.280387164239323,16.42007153349894,11,2
1143.361162116281,5.743046485296982,10.903246205073128,7,2
3288.9832700816705,0.03380828559875327,3.478066679474611,0,1
1489.5373308485964,0.38175664270262843,0.2521137252192929,1,0
1912.9729986610873,0.13740748743606018,3.8251346217035276,2,0
1362.3400340556768,5.283991211805112,8.868429422993525,7,2
805.7045582693687,5.875647603791799,18.663855735267845,11,2
1755.6384949817207,0.04954500810917961,0.06652021952853027,0,0
791.6907616680988,0.004277587157838769,1.794834133065395,0,0
701.3920565743225,2.068014974876687,10.241293711215334,10,2
6837.410969194111,0.06605577458497758,7.1871277540950915,0,1
430.8671651597482,0.2715507169207393,4.984313329109707,1,0
1232.8533570589632,0.4268854907676469,0.048596501121622726,1,0
7128.471762933226,0.179797743716895,7.80520381111688,1,1
3243.407381494663,0.25860704953830743,8.326677073205925,1,1
1436.4608732632842,5.18761549151961,10.141250695556453,6,2
1397.4738782675095,0.4420212290966765,0.39118749777168227,0,0
2588.4807886830354,0.2752912227529938,6.428438066971189,0,1
8310.303065588007,0.14017837780138803,1.695627107044111,0,1
443.15946681368956,0.46134505486151073,1.8625694415582383,2,0
636.4765353863827,1.506929868658793,7.183260697783405,11,2
346.9014325406142,5.893302781020877,5.109351997004291,9,2
6176.78805115505,0.10239250743713736,0.4833386627397218,0,1
771.46857913578,0.2841836007990367,2.338898915257377,0,0
411.9863780173181,2.9260098296436343,14.988770163289105,5,2
1710.016463970469,0.11875029577164253,2.241170333110698,1,0
7464.821720451446,0.057738370912956,3.3732236010033745,0,1
3.103237967366723,2.691769811996174,12.873632307168997,6,2
7675.590967513406,0.08816157667137088,0.2060821740689911,2,1
8448.606137004366,0.021211070391712727,7.524361059472949,2,1
859.1867957826504,0.013190847361863711,1.0166015879003665,0,0
4001.0398632478223,0.1496199806563108,7.04184687614191,1,1
856.4293542995891,1.591903741604687,12.721779414602976,6,2
92.4052296288842,0.13297056706571797,3.334456121288383,3,0
1930.0596118440876,0.3713630263319347,3.0820533055296035,2,0
6391.144671070209,0.16787793332664314,7.511537921735433,0,1
353.08141326033206,2.7393909500892293,15.349560392948295,5,2
479.59847148045003,1.7459108456338288,14.755915813868482,11,2
761.4211566874542,4.119669386302709,6.416818838872606,8,2
8196.52062531129,0.1441002690069107,3.4552664402885425,1,1
215.98181997838623,2.4869171604210374,16.56311958069358,10,2
3225.7310352029313,0.08891628955125648,6.815831962687062,2,1
6278.947960752279,0.2880573217141332,7.125124086775224,0,1
4979.820139982433,0.2783771072258354,8.83052053374919,2,1
4984.021842924827,0.2661327807368514,2.0080095697477818,2,1
1097.8616783450723,4.257241549386943,13.661885790649311,7,2
1697.748493256647,0.4995522751760894,2.2475276841374274,2,0
404.35655240603774,0.2815465720564711,1.020770926784384,1,0
795.5430428492747,4.551113753324373,10.13209188994545,11,2
4134.396250578723,0.07206575699534956,0.6575463616811994,1,1
1451.1250641727231,0.33405971670462864,4.499327052069447,2,0
1030.7772928008935,5.746531618424658,15.616585969540417,11,2
1417.8770663886678,0.44445023051345184,1.8672305405131429,2,0
692.583922560087,0.03250946024644452,3.6510079538564084,3,0
300.07742485927463,3.6681384400349732,10.405670772240816,10,2
502.178497647873,2.428989628717902,11.74984335931733,11,2
924.8934921330564,5.566134428975938,19.268967743133963,9,2
1970.1882548649774,0.3526589559866932,3.112715466733537,2,0
673.9914420680843,0.07367408459203989,3.752093745354743,3,0
6604.351718792864,0.24030624564636768,2.6180555550206828,2,1
6532.120254136914,0.16061405154801603,1.448679205412322,2,1
206.39256528884675,0.002485098066594249,4.521920327012834,0,0
9796.057105029864,0.19998194600486133,6.124190650795863,0,1
1980.3364331661148,0.39705138351487307,4.4776186946859875,2,0
1877.2885080088645,0.26524790859481856,2.319414042824348,2,0
880.7400439186322,0.22640628896946613,0.7004603939775311,3,0
8639.921931419598,0.18785160809069226,2.211367430969876,2,1
1360.9708534559145,3.553207475738842,14.187835838701753,7,2
1008.3327859096061,0.0760580734689365,3.8296422669436248,1,0
5834.007972728983,0.1298240618740699,9.154647885272393,0,1
1707.8947345212343,0.03758718065681904,2.404390775052269,1,0
7791.0791628020015,0.09275117061938394,7.479469206773249,2,1
1969.7370655633429,0.1554865252848825,4.590784938527182,1,0
1297.5497540226024,0.029668474073214324,0.7861672324496688,0,0
1618.9035347129902,0.4460551334685358,2.0571106353663478,0,0
1413.5665249917793,5.7743159364355865,15.104563289942636,7,2
6928.195328096948,0.05805111966646021,5.084663628190942,0,1
8441.739583446459,0.10337937215848093,1.5300975805274664,0,1
755.6687770346031,0.11565922006105506,3.795104082201491,1,0
5358.225057530157,0.1980816179703838,5.39647268108464,2,1
1562.1457162288282,0.26684660484038697,1.9021210293263102,3,0
1950.2677850672242,0.11219097595321958,3.5836978780031394,0,0
3123.4792140644095,0.10861889100333236,1.3316226487034855,0,1
146.15263843861365,5.408563971670346,6.435253373191163,10,2
113.75379231849952,1.7443857875307738,6.42018778388389,11,2
8450.729659118748,0.28579587114819954,1.2892639666088868,2,1
770.6193369101244,0.08779268085865904,3.5940552652994247,1,0
3751.699250874819,0.2863454873267913,2.4512136835975253,1,1
1296.9745435864484,3.9813700563502072,10.806501762189534,8,2
1466.7835883667829,0.38274288430400577,4.619010924060409,1,0
2899.833091996326,0.251837303080464,0.8460832150599162,1,1
5866.350327636597,0.051638487412483766,7.275945872440507,0,1
1068.0275731485835,2.079798482427937,18.422979728820827,5,2
396.04073783372604,3.161075015264788,13.254345735024213,8,2
808.4262876499191,1.9117881683942843,7.089876120638699,7,2
1483.657352887806,5.343292486312315,17.8038563403854,6,2
409.1163790034961,1.5454758559533648,19.363293578401148,10,2
349.82631092642833,1.5069140750935515,12.402743494209986,5,2
896.5652460364906,2.207377175926185,10.064515523706815,7,2
261.9764255460215,2.4551564261345717,9.900922463191474,9,2
213.0702766109327,0.32185972580878436,3.646347494135566,3,0
496.2177342511091,3.6374520788437987,19.25643058332618,5,2
6900.5082943554235,0.02130710997151639,7.87496910335337,2,1
3983.7372481954208,0.14449323936175518,5.8001299809662745,1,1
6817.23678315283,0.05310214391356466,6.5050236081314585,0,1
7591.654878899004,0.12172882833950245,7.8536253474362,2,1
658.2532168148621,4.631015092461126,14.913583973499652,8,2
1231.1342977012944,0.18900222481884077,2.281130155116294,3,0
6418.313428185245,0.12226164428916608,0.861786060407187,0,1
290.044916593144,0.4219297149486556,3.1560602272908342,3,0
1891.343332497489,0.28728523798849137,0.20367538553193343,3,0
948.495650716002,4.018443199242997,11.314139298847513,9,2
379.3934199829466,5.390477858144742,12.793854913665083,8,2
9202.898525272394,0.031356909260273326,0.412556564627653,1,1
8732.054065320388,0.24144101388532305,5.403813194989838,1,1
826.9818993783715,0.4388257187022811,2.66947582399243,3,0
753.8125250349576,0.08690143810027917,1.1632630579156966,3,0
1223.798023411038,2.212349160308972,9.699211384407185,10,2
1088.5957034978298,0.30214788109399404,1.1730433834549507,2,0
1127.2494203824035,0.2578560136922841,4.017235054994061,3,0
9319.572041090556,0.24411092187626043,2.1858872185727996,1,1
6.341885693663452,0.32373829745969046,4.353070112114227,3,0
6727.406887889466,0.25394368939599415,7.8557213915103095,2,1
7663.327078496295,0.1585771139042206,7.041813040267363,1,1
6264.015580340576,0.10794990106523779,0.8900396476968031,1,1
5488.9138642712205,0.026253831949507277,0.7910645426525498,1,1
3202.146236083236,0.09157830443299231,3.2696032994542215,0,1
1777.0053905557547,0.46791567566043846,1.6842910659301595,0,0
9587.154505035815,0.13160616722655152,4.091453322262191,1,1
1185.5328700524872,0.3079309578196253,1.1476261270123655,3,0
1278.359586780634,0.46055724804838755,4.1461295359878,1,0
310.8228398542906,5.739111898342291,12.10709417304026,9,2
1378.7475263024276,4.112269920428979,11.763237501384516,11,2
223.81014872055977,1.9367184848066925,14.897742898021146,7,2
94.33687713282201,2.3691770089748703,19.861322894264447,7,2
9183.817163801334,0.0815082835245559,8.96784410708175,2,1
426.0229720169311,3.678534340700296,8.009469541964982,9,2
1030.5784342186034,5.70991564612311,9.791440004516343,9,2
5816.895517651406,0.12630094766647335,2.9085016897682103,2,1
4024.7359267581032,0.10957029101930983,8.190471950894676,1,1
241.49783829180708,2.387805429271745,14.175692123780733,7,2
796.5154063380506,4.2619854083842075,12.885588240213345,7,2
6775.113675971151,0.27521367436586924,1.1472000090173462,1,1
7377.007517449336,0.10968540852748428,6.137069683475604,2,1
57.32204370254301,4.711342000611721,17.212890627320085,8,2
7133.528290909864,0.11489989124438951,6.722594323270843,1,1
634.706919815489,1.5253666317987014,18.413997717621363,8,2
693.6367054250239,5.702178434944307,17.286558257321857,6,2
149.76089571628603,1.746019944101026,7.832802779623282,6,2
3444.5065697067253,0.06054101465306772,1.6644494324481596,2,1
1306.0714903314986,4.951113745052636,13.808831094691277,9,2
6102.463531840146,0.18405298511293985,0.5335157719436467,2,1
8197.386733600491,0.09463652521556055,3.921791091670742,2,1
1354.7230960871984,0.19415171397930392,3.757970754311049,0,0
3252.39724754513,0.16300482047321246,3.2856057743392286,1,1
5830.316954392074,0.1955805467221472,7.634716284023551,2,1
280.95356516700986,0.23876870975104802,1.164447914911777,2,0
8445.01754227485,0.17593763383524622,0.5518990703060711,1,1
898.9269628009473,0.25416876025922813,2.8034552114062716,3,0
388.7081389781797,0.029997680904042145,3.471829910394739,3,0
7053.245667341811,0.040360811261351645,4.048924950328477,2,1
598.7591446704577,0.1827920180223998,4.345345763829835,3,0
7146.1580246758185,0.05685650085672776,6.590473703115683,1,1
6539.895481136173,0.1455035136601707,7.445053061198487,2,1
9548.287584553802,0.07282557598973691,4.506172805138201,1,1
372.31661720863974,5.336034547908375,5.072120540659821,5,2
4646.517803417487,0.09527477606076691,3.761033130346262,0,1
1606.802216394825,0.4621640549767473,3.657998097561646,3,0
9894.000817734857,0.06096797715369159,1.797748155399903,0,1
1009.556396951995,4.7213558625216905,9.075439883984995,8,2
8729.011271781172,0.12262124309517042,6.2669098593607195,2,1
5530.3154766993675,0.18733869674284412,4.970214143545047,2,1
6780.822021529616,0.21956167690966572,3.92014196274709,1,1
1498.011276317059,4.343510875343622,16.795839785934,6,2
492.0326431540021,0.17579473908628568,4.043748468462918,1,0
6081.357774868829,0.23283929165189202,8.661437800761417,1,1
91.47637977499289,0.3767870880524935,4.049813338504205,3,0
6351.911696561034,0.29933343420557973,7.152569717856629,1,1
5493.796004121628,0.19996483091559067,3.6442046811662596,0,1
915.3756076663657,0.4557386325799192,1.9923121700909163,1,0
377.3186526566494,0.16772198029830954,1.5594405155008495,2,0
8874.581569890486,0.21530450409409566,8.59567256759136,1,1
1617.0430831094238,0.1974634627097509,0.7930619025876234,1,0
5736.611524095869,0.11362858684757046,1.4115691226668792,0,1
3666.0506514642793,0.25021070347663804,0.9005237398521193,1,1
659.7168842888287,4.49050582003558,7.4673940194755035,8,2
1176.6767287004434,5.07544454808037,14.797330130046037,5,2
4339.651182946723,0.2422702789390156,6.522417474991016,1,1
5799.50483105205,0.1274169898536264,9.056089455696616,1,1
1236.686904773131,0.46418250623913027,1.3730559603080739,3,0
472.8076508289394,2.4528424709025534,11.106968307561049,6,2
6518.832714434875,0.22016249340175792,1.5873434021086485,0,1
398.5548472813374,3.6943269219421064,11.989951504237666,7,2
8908.411273071019,0.2545820654327421,1.4729148779980517,1,1
9227.961932786286,0.006677600668169614,3.92560192264631,0,1
7713.846998558922,0.11635452149961852,3.8719378869316614,2,1
754.345338041811,5.344042205924234,8.653992898652248,9,2
991.484293705056,4.2136550450373855,9.328309607199289,5,2
677.8026595665674,3.432156968840516,17.920529412648634,10,2
524.7932498730846,1.6571530196672346,13.86053247408997,11,2
1045.5001126251993,0.3951507523246026,1.5039747576023732,1,0
1088.8445481836384,5.452977553386279,10.879774239053212,9,2
837.3406006917705,0.06212168810764812,3.8492049645183246,2,0
1303.8045682406619,2.493221896361955,5.09222225396503,5,2
8625.30244081083,0.12649361409417156,1.7458991903759313,0,1
859.2375257178381,0.1540359262074859,3.6859739510718184,0,0
10.618085955788835,5.575454695399935,12.709120091448002,5,2
160.72777202334447,3.539217429609834,12.073278360800247,9,2
471.8643209478166,0.06820897728889808,4.154342256861451,3,0
8516.40522862925,0.15520340799555787,5.393214907098292,2,1
1129.2339610245867,4.699842124932458,6.638878896509878,6,2
6025.430149231581,0.17539683306655476,2.575333690654217,2,1
1306.9621913741826,0.3059213073584714,4.022572404961603,1,0
1321.212652501853,2.185305756030842,15.778261222674114,8,2
321.9159928931363,0.48324147771798615,0.18191825861693212,2,0
9987.832772809345,0.12142697274403047,0.9928774077953495,2,1
459.4381571622903,0.4581084130206127,3.7812933067836827,2,0
1943.7183136143576,0.24638329974440593,2.5346941698103502,1,0
1819.6024702981438,0.41555398201194327,1.5975838961578286,1,0
527.4413421096796,0.4130312993556689,2.4777463521252874,3,0
6400.880775661992,0.1288360914791821,3.4704101855144787,0,1
183.01602392805927,5.587511423161182,16.92322716488814,11,2
6236.463145952128,0.14106959025211763,6.545559793403683,0,1
9450.361227134517,0.14402523317961907,7.000880003412142,2,1
1268.185325046612,0.24265781402223696,2.9315264860669945,3,0
542.1953257604586,0.3217820516673984,2.7361111872069754,1,0
3773.770340382905,0.05471198571023791,8.381929304237923,1,1
622.4118030845761,3.4941235075230965,5.68267169087707,10,2
665.6111160844296,0.2987572252830178,2.158136541254134,0,0
521.7582567681083,0.21570677342593636,0.3341746306689125,2,0
800.880828429568,0.3652095036753502,2.93080096849544,2,0
76.18478450151333,0.45018798644883007,4.0127951740211945,0,0
1010.3090935655587,2.9165133686591567,15.912845197287107,5,2
4168.033415859763,0.28827887493251636,6.16433435151235,2,1
751.9863572414753,5.588757649559824,7.6223026152541475,10,2
35.56589901057983,5.8709898848030635,5.214433250901678,5,2
7285.047595009942,0.15158260626794565,5.56866123059973,1,1
1482.9793303923652,4.2267829109973505,16.4724737483926,9,2
6939.481760607759,0.05452475300198678,0.42265206877326933,2,1
1909.5299317185556,0.31891297775542515,4.684134212005224,0,0
7717.443705891793,0.0772281175259475,6.44094315785015,0,1
2609.918991577756,0.02305866205361744,4.161485342873313,1,1
1043.38841023473,4.8277505083613566,14.641761239704229,10,2
151.22159884814917,4.760584387455658,17.246521579788375,5,2
1246.4675621183476,5.63234088828323,10.713556286634194,7,2
6754.835936829666,0.17222794857764848,3.2256151106405193,2,1
1169.848241451646,2.4426182930328224,15.987994924604347,5,2
9430.264686713288,0.004756643899763357,5.013413930938452,1,1
823.8766345669167,0.4829037636560018,1.7536421944569165,1,0
9.296793189522035,0.42997263017665366,1.376080698763344,0,0
9586.50095931328,0.2491741308546062,0.0019336408715675546,1,1
4622.012658568667,0.28628727476909027,5.922533749075124,2,1
7512.433770984242,0.24391618767152246,1.6272466684931097,0,1
8903.56180577738,0.026894477286110396,5.7999270074900515,0,1
1403.5529683521531,0.14679436940643503,2.2123920072039716,2,0
5819.158702975945,0.07226658603399347,4.9370601645676215,2,1
354.51496950200925,2.005761134171439,19.928907876937416,6,2
468.4254285854479,0.06548517050001573,0.1288874977508392,3,0
1644.7882136501019,0.4260807044750701,2.5317930637557833,1,0
1343.2534037194919,0.24582179244449937,1.901563987047964,3,0
345.0518810800212,3.0511269758814934,18.28779114337851,11,2
1886.3709702543608,0.4292446459432922,4.5638554431920335,3,0
6873.334351428461,0.05592084762021582,3.431755550740878,0,1
1020.6001797314672,0.19702159579846368,4.004813962509194,2,0
24.998872788175696,4.4850416023448565,5.9448436432554175,6,2
96.40891324005224,3.8650494276798417,11.472306949148644,10,2
1555.291525066663,0.41660232692759586,1.0852645152175489,0,0
1152.783835577972,0.24186311038393737,1.9015987859753458,1,0
5222.070848250318,0.04756674885461901,9.309401690138436,2,1
1221.2326374334737,2.3435550115890402,12.324626735130904,5,2
782.9858194557723,0.3320557258095964,3.99241116549812,3,0
6310.471501848033,0.28228646584425365,5.5206389778431095,0,1
3488.195229323511,0.19097951640791253,3.881965236710392,2,1
5081.2243950060965,0.11696666572198565,1.743254336892538,0,1
9139.57290061577,0.08018348232355034,3.490188446328223,0,1
1973.2131230856698,0.2781244752976588,0.3880687367072594,1,0
1772.1715640787218,0.006056688825063827,1.7786383598150786,3,0
4144.443614652863,0.15048210310084265,3.8642141952731457,2,1
987.8791566276177,5.60820493526382,10.046185262406944,11,2
874.98793723502,2.226218810208096,11.195130498187645,9,2
3816.5115529009663,0.07350883292116006,4.810164953120012,2,1
1183.183771134193,0.31391571414433395,0.894063127521158,0,0
8522.511656330993,0.29665076648222344,4.335458406862466,1,1
5803.13693809783,0.2550072714994994,9.159515776185444,0,1
6099.282588442486,0.03564307307674801,5.68710185923261,1,1
337.2128579878689,2.974770063223599,13.988233455698476,10,2
427.00817956637314,5.588690699422169,5.721453403693937,5,2
3591.840371778436,0.15025938875690725,8.00739438701839,1,1
5791.037385080416,0.16361218184744525,3.3741074204117885,0,1
3174.6009195077536,0.14270596234496793,8.922803664277104,1,1
1463.1318567487228,0.37554632647152897,1.785390642940508,3,0
668.6892691164977,5.611101798530997,13.139284160736418,10,2
134.81412813867726,1.9652987638487969,5.220868104303138,7,2
313.17433860334745,0.3366173266499792,4.821235198955651,0,0
1686.0618220018525,0.0211916560558002,0.8495088947114698,0,0
346.79530263646495,2.9819323391388366,6.790549243709887,10,2
1416.396537604648,0.10484120880837644,3.197338801232983,2,0
390.60491414648084,4.926645423076977,12.84148724388164,7,2
733.5554053021125,0.4957859183665068,1.1390088313020725,2,0
829.7618848028512,3.788301802522982,19.93361797738502,8,2
7736.919150146628,0.2575061724336363,1.5243148650973781,0,1
1160.7221479681737,0.06967748601862922,3.2641163803954982,2,0
233.48775835713985,3.6599864111374227,12.849032994314065,11,2
7998.721750783571,0.14773081449571018,8.879489397423063,0,1
1261.4808911529883,0.45008047086481034,1.5286403994212079,3,0
1268.035637737147,1.6615318912176766,13.407351463696056,10,2
274.9512939519689,0.4814491037441462,3.6995755182878898,2,0
3940.7117598073805,0.18750185055633098,1.471169382953642,0,1
686.8227345540316,0.34052068438054717,3.0500535501353805,2,0
744.14854718665,0.3809881124259269,0.5603147699103223,1,0
491.0244801710888,5.667078166026504,5.001582170042009,6,2
1115.3790252989463,0.24001144014091913,0.5857789927321277,2,0
425.04233673769676,0.25609383602986685,0.7117582793110294,1,0
63.31544729465644,0.49911031380668264,0.8833351219977098,1,0
7272.578794917821,0.15580105508439301,7.939518845942435,1,1
920.2784531539911,5.98669059057073,6.8714461114671925,7,2
592.8827245981383,5.063989384897184,7.268714805465386,8,2
5328.091481289777,0.03455413329463118,3.690124593103575,1,1
702.0908871205369,0.14157585827838476,2.003348771684099,3,0
1420.5459896308623,0.45293869708095585,0.9700674967113765,0,0
69.66168474791972,1.784242366324444,10.598094146653398,5,2
9710.398700346079,0.2109563625358205,7.574236346012183,1,1
8160.205558931589,0.04886634244627542,4.240421827321898,1,1
452.4234547142108,3.543355288913187,18.36312733396869,8,2
571.5436417334031,2.0029233443539876,11.887730433142824,9,2
1421.415567892202,1.6653267899138187,17.1316076986493,10,2
293.836545118303,4.559069598586809,5.7947180504132625,9,2
1030.800474898292,1.8550719149747623,15.93910985089232,11,2
736.1860169542044,4.870336104676329,17.431461925000164,9,2
1061.9095924588466,4.2067251683518965,10.105374092262409,10,2
904.7987795476408,0.36304915228520934,4.252693590233559,0,0
206.6995627858521,0.41127721174843246,1.3514482123404976,1,0
508.69901405365704,3.083598151860863,10.942854526102792,6,2
7204.950080570681,0.1483550926599817,4.420462785662372,0,1
1372.2453375596576,2.040818160032794,13.549628845193,6,2
475.92836148707465,0.34755573232344583,0.4669165296535177,3,0
3190.7989747787888,0.2561526043913164,7.118808452152782,2,1
8694.802051120878,0.24693005827621173,6.761273352353188,2,1
8064.54608583685,0.08413579793218648,7.900625441543003,1,1
9519.290023966503,0.28468316007180916,0.7305806548778526,2,1
852.4773116630563,2.1257388917839117,5.535486043076209,8,2
643.1985844807334,5.250072124403429,9.22678594038189,10,2
1684.5688295923505,0.43863308680505575,3.733880411300952,2,0
484.34432928349077,5.954143799678323,5.845540118237512,6,2
1595.0329104210277,0.05899995362564897,0.4090686243681074,0,0
3148.1967630099816,0.2297494263738561,9.672416882896407,2,1
1651.0044766309288,0.24633173524068552,4.038447508145858,0,0
846.8928147888506,0.10621670294515967,1.1217760469245537,1,0
682.5595818630941,0.41467301256548245,1.9422024150507122,1,0
1491.3849445808148,2.297840017419685,15.312019409970805,6,2
1286.705930610978,2.980542694052656,5.356803716466112,11,2
1101.9530297629353,1.9551852561901786,14.36646816647519,9,2
418.75300433583845,3.3720355392692474,18.76097439067342,10,2
8699.709441393617,0.23591441329815666,3.0186363980528963,2,1
6481.654237047587,0.04861427346831706,5.319734654178373,2,1
4278.113495870055,0.13745304608249861,3.546780379107669,2,1
1888.0740075688907,0.12124029619144161,2.1620815928220996,2,0
7572.136252340414,0.2078535342933611,0.08104987752736936,2,1
7343.683674083789,0.10289098874484105,9.170423752380344,1,1
6203.344258753696,0.1493814480139821,8.186608331967896,2,1
671.7999123472235,0.18283720400629228,3.926495568407997,2,0
2876.3919030736733,0.116734181601199,2.429418663266559,2,1
451.5851987562181,1.9943327296779003,7.465845542497951,9,2
453.85874029194866,5.78064806400797,13.497923411785035,11,2
6445.596380454013,0.1573118999573112,7.437730269255848,1,1
6303.1064841832185,0.02273886257708424,6.192787028454529,0,1
3999.648173869031,0.27320568031368075,4.984103777634012,0,1
8048.520677348749,0.12524196934958826,2.6473375319777115,0,1
1852.1620779662153,0.3858236522398121,3.108198470307571,1,0
1203.358807809716,2.1978706450434,5.848183203411551,11,2
1491.3154492732858,0.2113982864212835,0.20936815287886434,2,0
449.1866036634661,5.0323088845343555,14.24802617293392,7,2
4626.8112309844455,0.25932666051478104,4.001999962723995,2,1
366.6569639879171,2.715237016123501,16.330721324724905,5,2
7600.140428254595,0.2359520873154483,8.155947119204594,2,1
578.6753049456355,0.29379009161545755,4.201680300720211,0,0
8778.100524048481,0.05376051731265225,1.5196483258813975,0,1
2681.054771978841,0.2699548730281558,0.34743598248926144,2,1
7978.145669633656,0.152514076556142,5.846699596194611,2,1
1141.4260997571146,0.08193742927871195,4.344512395232606,1,0
6343.835484463796,0.10622719486289672,0.6090164359830197,2,1
624.1019401719383,4.442734932553796,7.78439974979659,8,2
1828.7267338312076,0.08443174203279358,1.6305344517545128,3,0
6665.371047941514,0.10216821593515625,4.3447884324935115,2,1
1446.4935239524436,2.760381418787072,15.43710159904173,10,2
1419.1216942258045,0.21003303120765865,2.606475330519448,0,0
1421.4661693229937,0.3099993024399702,1.483972137518773,2,0
527.2251192707985,3.3132547372777132,19.182045953956692,8,2
8081.904038088206,0.024280737922906203,4.237838481983678,0,1
8666.948595745158,0.28414122063918124,3.889788782807143,1,1
107.9741908433316,0.2571667533001912,2.0255576716560197,1,0
99.88121780235382,0.29520619529728603,0.5255182916990475,0,0
5591.156353961025,0.12506006555747476,2.0088881397180627,0,1
1303.571222272353,0.2509720185360705,2.274678936689529,0,0
608.6027789201532,3.687948442503197,14.929495520842439,11,2
2814.0858118098818,0.09438471351540074,4.784048077024833,1,1
828.6901831234475,5.053101799666813,12.912552567969655,6,2
3654.0300022416072,0.035752383287027185,4.8112942350217445,1,1
4971.534195113079,0.2406483648260475,6.688689054933553,2,1
1272.604622218512,0.34762405233841587,2.5100290585090432,3,0
5630.769304935037,0.03031918207616406,2.0942951566855674,1,1
8755.516480063907,0.010672497770344246,5.8612213091420635,1,1
1792.4731685504335,0.07465927106383485,0.14664251804544393,0,0
1962.2452620842678,0.49571648533502627,0.7514586651543964,2,0
6698.593497186549,0.262604691406494,2.4309877278845713,0,1
1658.2815347717908,0.2360399361762568,2.6515924466149605,2,0
9225.474364006139,0.13983456136404343,3.106932326380587,1,1
4225.042500959714,0.07385496125498323,4.455021490828837,0,1
898.9046468263289,0.10215655754916098,3.8410503906805795,1,0
185.35489463646604,2.558964488767468,14.3910449775902,9,2
1391.686532747001,3.3840150669632965,16.204142265537158,8,2
238.458850837051,4.487848948033459,13.028876628344923,10,2
6951.16783502712,0.2790666738307531,8.365651610396693,2,1
4485.868652595398,0.08195740993841935,9.171856845043262,0,1
4538.63125686464,0.14992001769592359,2.698227966306632,1,1
600.6327541281562,3.735461819704796,12.249270072835037,8,2
5667.258411052928,0.08134000697517803,5.336727369483624,1,1
6188.37082812361,0.024792039160692867,1.7984729348292094,1,1
224.58113384959083,2.3423255288452327,18.521663510490644,5,2
3642.0501539258357,0.2565801973456644,8.238388691017116,1,1
475.68406733795035,3.537307522029248,13.8714387815433,9,2
1361.4554629539757,2.9321522003943317,15.321854657540284,8,2
604.9853787120936,0.48467489417578413,2.2710622797365625,2,0
9882.541905211201,0.07572314225431206,4.151859031521549,1,1
1434.0718461249219,4.56397554727929,9.64797036822453,6,2
8053.980254826645,0.27096503801828803,8.652027421264055,1,1
1058.7621746064083,0.37394298090216865,4.021241670592245,1,0
20.237348159822922,1.538245745202405,11.817046867211477,10,2
3042.32416895324,0.13069331424752087,2.7064654686623477,2,1
3633.087909307724,0.05488683590252036,4.755582715798204,2,1
302.5064712113197,0.3221944390349587,4.271841506296285,3,0
1066.255273988214,3.4682415009408323,6.314681311926128,6,2
1059.9915711781437,4.220558652121191,8.844903400528246,9,2
512.7564940555812,4.979707817825126,14.072908079893974,11,2
871.1973300682731,5.626110792873652,7.5014434185278835,7,2
703.6347607392374,3.8335379723025005,6.4086666938151495,8,2
1724.9746371894096,0.2484520553552848,4.114550945811141,3,0
228.28866894145972,4.901740408975918,10.128771861002662,9,2
1669.520223566936,0.23052841304544897,2.440534739689487,2,0
1693.1929682160485,0.4174713408564641,4.143742046035955,0,0
6895.759271814115,0.07180432149581895,2.241198165310313,2,1
638.6139091007956,4.857894606923745,11.535952902501505,10,2
912.8717609068037,5.952013325756802,11.31658485642366,7,2
274.06398952902333,0.02630584379340184,0.09333921093038433,1,0
5362.522214237457,0.1794964837945906,8.235463261928842,1,1
5037.292681244166,0.21246242156550002,4.449961661544874,0,1
1261.9141754787395,3.3252680222009054,12.129618192175375,6,2
1125.4911817075192,0.42457016734020536,4.517309049488566,2,0
182.0255871917012,1.835076984667824,15.178872972941333,10,2
848.0406563202381,0.4807718209612234,1.9112776636841415,0,0
2570.035832768303,0.2758353306275871,4.849884270518622,2,1
1238.3305963769262,4.306147630755741,11.042206853265121,7,2
7251.493037184265,0.2454905120205452,2.1193851349115347,1,1
9594.307228565289,0.11882025242599903,0.7569881489186492,1,1
7891.158003907187,0.06339875338968073,3.3060965910843523,2,1
722.4653224982991,5.73156769345344,19.800284628478757,5,2
7915.122641173696,0.2822413730521071,2.3523467642065423,1,1
130.05564052595696,3.47522628347244,13.818623255252708,7,2
921.6275324872395,4.646528194189131,6.997477065170646,9,2
6834.302591967874,0.05194647719801432,5.172293737150992,1,1
8713.606732837508,0.009322821839469165,5.765198069779082,0,1
1779.9396429396725,0.4113659588358532,4.4979916675021006,0,0
8039.007471653915,0.12243738686091182,6.251885302784238,1,1
1168.6153671080417,1.6381901248776247,13.882820643351677,5,2
713.5366957874544,2.272624091020318,6.0375690680649,11,2
7763.472256759672,0.181521934309541,5.18573718023823,1,1
1409.432242946132,0.4069910197216404,4.360456198435535,2,0
203.5999302857141,0.40784901790808914,4.146992248234366,2,0
618.5822750698304,0.3798142800915668,3.295348916092233,1,0
5780.280749181144,0.005054990644096191,7.631358320694277,2,1
8191.561891472619,0.08067623223657112,8.874505501388827,2,1
115.99080322294681,5.06443211903788,6.554132641368593,10,2
7981.149696099359,0.05612690906191976,7.203228597282687,2,1
962.6675971527203,0.4028654024085663,4.489066445706385,3,0
1060.6747096977738,0.44511525773689653,2.584872475334023,0,0
397.54660315422075,0.20224452724133524,4.299516615171038,1,0
826.5168331661032,2.8888573003223748,14.65845900159356,7,2
825.2261084989507,5.820132367735175,13.561046398169514,7,2
7959.231373670953,0.2798399925248089,1.3948492135956525,2,1
1254.0083021727717,5.874960739210942,18.207054529145587,11,2
555.5056768314379,0.44277907124337657,3.3800563670958255,1,0
462.90058705369484,0.22527506235854117,2.1566369062792483,1,0
2731.6691110993283,0.27118656402669566,4.604850001004418,0,1
323.54435220462307,0.09850307997786095,0.8628223554842746,3,0
672.9851989333392,3.247689591528594,17.691831322163566,8,2
299.3276413418211,0.006680665192527857,2.4723902882217748,2,0
7421.741018601049,0.09125978906375777,7.916036088453553,2,1
8550.326553552659,0.1780827223164522,9.079404872446268,0,1
1181.4907142292595,2.389507040549166,15.234898811257597,9,2
1068.7416968801667,0.4223547010103217,3.5628196209686838,0,0
3070.9942448447546,0.25531818376061544,1.5982450105449242,0,1
8933.460507688094,0.21425215808644765,1.2035650604938453,2,1
445.439507448404,3.9958043889181574,12.173878424104968,10,2
960.7249457666455,0.17051958988880667,3.7213143925625065,3,0
1743.1335947947389,0.04033579681666255,4.094992890753436,3,0
1731.386725972082,0.1800797910449461,3.506781760913771,0,0
1814.1456544133848,0.4495259475547897,4.745049237188751,2,0
1112.6915391096354,0.414859601268493,4.007636864944627,0,0
6916.854661262368,0.2084191123727618,4.706309542716984,1,1
901.8552666181878,3.5811924683637435,10.283829661205603,8,2
22.189392999939272,3.0968250895702,16.323823752301635,8,2
4553.79671355997,0.015133360930688254,0.8647587233306198,2,1
3847.354785471378,0.2877708845008331,5.18799669337218,0,1
9009.056275589686,0.12292406766590196,1.7709514386935765,2,1
636.2600091725137,0.1403663852228333,1.904615082597202,0,0
6259.762933075293,0.19301951690444785,2.2670620543039623,1,1
914.233913953144,1.59389029430751,7.718996283468664,6,2
